ISO-10303-21;
HEADER;
/* Generated by software containing ST-Developer
 * from STEP Tools, Inc. (www.steptools.com) 
 */

FILE_DESCRIPTION(
/* description */ (''),
/* implementation_level */ '2;1');

FILE_NAME(
/* name */ 'standard-bin-corner.step',
/* time_stamp */ '2026-07-27T07:37:49-05:00',
/* author */ (''),
/* organization */ (''),
/* preprocessor_version */ 'ST-DEVELOPER v20.1',
/* originating_system */ 'Autodesk Translation Framework v15.8.0.0',
/* authorisation */ '');

FILE_SCHEMA (('AUTOMOTIVE_DESIGN { 1 0 10303 214 3 1 1 }'));
ENDSEC;

DATA;
#10=MECHANICAL_DESIGN_GEOMETRIC_PRESENTATION_REPRESENTATION('',(#13),#3457);
#11=SHAPE_REPRESENTATION_RELATIONSHIP('SRR','None',#3464,#12);
#12=ADVANCED_BREP_SHAPE_REPRESENTATION('',(#14),#3456);
#13=STYLED_ITEM('',(#3473),#14);
#14=MANIFOLD_SOLID_BREP('Insert',#1829);
#15=FACE_BOUND('',#612,.T.);
#16=SPHERICAL_SURFACE('',#1950,0.127);
#17=SPHERICAL_SURFACE('',#1955,0.127);
#18=SPHERICAL_SURFACE('',#1960,0.127);
#19=SPHERICAL_SURFACE('',#1965,0.127);
#20=SPHERICAL_SURFACE('',#1970,0.127);
#21=SPHERICAL_SURFACE('',#1975,0.127);
#22=SPHERICAL_SURFACE('',#1980,0.127);
#23=SPHERICAL_SURFACE('',#1982,0.127);
#24=B_SPLINE_CURVE_WITH_KNOTS('',3,(#2921,#2922,#2923,#2924),
 .UNSPECIFIED.,.F.,.F.,(4,4),(0.517319696632792,0.539110168325544),
 .UNSPECIFIED.);
#25=B_SPLINE_CURVE_WITH_KNOTS('',3,(#2934,#2935,#2936,#2937),
 .UNSPECIFIED.,.F.,.F.,(4,4),(0.500775773695718,0.533964608021496),
 .UNSPECIFIED.);
#26=B_SPLINE_CURVE_WITH_KNOTS('',3,(#2940,#2941,#2942,#2943),
 .UNSPECIFIED.,.F.,.F.,(4,4),(0.,0.0260626805761175),.UNSPECIFIED.);
#27=B_SPLINE_CURVE_WITH_KNOTS('',3,(#2952,#2953,#2954,#2955,#2956,#2957),
 .UNSPECIFIED.,.F.,.F.,(4,2,4),(0.743431144680489,0.751762485144636,0.793677333326692),
 .UNSPECIFIED.);
#28=B_SPLINE_CURVE_WITH_KNOTS('',3,(#2958,#2959,#2960,#2961),
 .UNSPECIFIED.,.F.,.F.,(4,4),(0.,0.0086560187284781),.UNSPECIFIED.);
#29=B_SPLINE_CURVE_WITH_KNOTS('',3,(#2968,#2969,#2970,#2971),
 .UNSPECIFIED.,.F.,.F.,(4,4),(0.,0.0331888333148114),.UNSPECIFIED.);
#30=B_SPLINE_CURVE_WITH_KNOTS('',3,(#2976,#2977,#2978,#2979),
 .UNSPECIFIED.,.F.,.F.,(4,4),(0.557550437439414,0.566644122322492),
 .UNSPECIFIED.);
#31=B_SPLINE_CURVE_WITH_KNOTS('',3,(#2981,#2982,#2983,#2984,#2985,#2986),
 .UNSPECIFIED.,.F.,.F.,(4,2,4),(0.,0.032761484026469,0.0493362135929869),
 .UNSPECIFIED.);
#32=B_SPLINE_CURVE_WITH_KNOTS('',3,(#2992,#2993,#2994,#2995),
 .UNSPECIFIED.,.F.,.F.,(4,4),(0.,0.0343492519755222),.UNSPECIFIED.);
#33=B_SPLINE_CURVE_WITH_KNOTS('',3,(#2997,#2998,#2999,#3000),
 .UNSPECIFIED.,.F.,.F.,(4,4),(0.499701747309305,0.534050999036385),
 .UNSPECIFIED.);
#34=B_SPLINE_CURVE_WITH_KNOTS('',3,(#3010,#3011,#3012,#3013),
 .UNSPECIFIED.,.F.,.F.,(4,4),(0.512097817791087,0.539326953217596),
 .UNSPECIFIED.);
#35=B_SPLINE_CURVE_WITH_KNOTS('',3,(#3021,#3022,#3023,#3024),
 .UNSPECIFIED.,.F.,.F.,(4,4),(0.,0.0224689222358757),.UNSPECIFIED.);
#36=B_SPLINE_CURVE_WITH_KNOTS('',3,(#3037,#3038,#3039,#3040),
 .UNSPECIFIED.,.F.,.F.,(4,4),(0.516830464779018,0.53939591833587),
 .UNSPECIFIED.);
#37=B_SPLINE_CURVE_WITH_KNOTS('',3,(#3043,#3044,#3045,#3046),
 .UNSPECIFIED.,.F.,.F.,(4,4),(0.,0.0217001959073372),.UNSPECIFIED.);
#38=B_SPLINE_CURVE_WITH_KNOTS('',3,(#3057,#3058,#3059,#3060),
 .UNSPECIFIED.,.F.,.F.,(4,4),(0.513105512078298,0.539110168325542),
 .UNSPECIFIED.);
#39=B_SPLINE_CURVE_WITH_KNOTS('',3,(#3068,#3069,#3070,#3071),
 .UNSPECIFIED.,.F.,.F.,(4,4),(0.,0.0244088304771216),.UNSPECIFIED.);
#40=B_SPLINE_CURVE_WITH_KNOTS('',3,(#3078,#3079,#3080,#3081,#3082,#3083),
 .UNSPECIFIED.,.F.,.F.,(4,2,4),(0.570955499926241,0.585074770698889,0.619571523991326),
 .UNSPECIFIED.);
#41=B_SPLINE_CURVE_WITH_KNOTS('',3,(#3097,#3098,#3099,#3100),
 .UNSPECIFIED.,.F.,.F.,(4,4),(0.510337348261728,0.53409143054359),
 .UNSPECIFIED.);
#42=B_SPLINE_CURVE_WITH_KNOTS('',3,(#3103,#3104,#3105,#3106),
 .UNSPECIFIED.,.F.,.F.,(4,4),(0.,0.0271256265404083),.UNSPECIFIED.);
#43=B_SPLINE_CURVE_WITH_KNOTS('',3,(#3121,#3122,#3123,#3124,#3125,#3126),
 .UNSPECIFIED.,.F.,.F.,(4,2,4),(0.,0.0404555122293932,0.0497323960724049),
 .UNSPECIFIED.);
#44=B_SPLINE_CURVE_WITH_KNOTS('',3,(#3242,#3243,#3244,#3245),
 .UNSPECIFIED.,.F.,.F.,(4,4),(0.,0.0518948302076622),.UNSPECIFIED.);
#45=B_SPLINE_CURVE_WITH_KNOTS('',3,(#3255,#3256,#3257,#3258),
 .UNSPECIFIED.,.F.,.F.,(4,4),(0.,0.0791279045068642),.UNSPECIFIED.);
#46=B_SPLINE_CURVE_WITH_KNOTS('',3,(#3261,#3262,#3263,#3264),
 .UNSPECIFIED.,.F.,.F.,(4,4),(0.91149726426035,0.973727521747005),
 .UNSPECIFIED.);
#47=B_SPLINE_CURVE_WITH_KNOTS('',3,(#3276,#3277,#3278,#3279,#3280,#3281),
 .UNSPECIFIED.,.F.,.F.,(4,2,4),(1.37572524324317,1.42306186487456,1.49438630198236),
 .UNSPECIFIED.);
#48=B_SPLINE_CURVE_WITH_KNOTS('',3,(#3299,#3300,#3301,#3302,#3303,#3304),
 .UNSPECIFIED.,.F.,.F.,(4,2,4),(1.03674107047971,1.07102379893743,1.13855078224329),
 .UNSPECIFIED.);
#49=B_SPLINE_CURVE_WITH_KNOTS('',3,(#3307,#3308,#3309,#3310,#3311,#3312),
 .UNSPECIFIED.,.F.,.F.,(4,2,4),(0.,0.0685645246288,0.113183997350371),
 .UNSPECIFIED.);
#50=B_SPLINE_CURVE_WITH_KNOTS('',3,(#3317,#3318,#3319,#3320,#3321,#3322),
 .UNSPECIFIED.,.F.,.F.,(4,2,4),(0.,0.0674442799191186,0.103653332775856),
 .UNSPECIFIED.);
#51=B_SPLINE_CURVE_WITH_KNOTS('',3,(#3328,#3329,#3330,#3331),
 .UNSPECIFIED.,.F.,.F.,(4,4),(0.,0.0623028113596753),.UNSPECIFIED.);
#52=B_SPLINE_CURVE_WITH_KNOTS('',3,(#3334,#3335,#3336,#3337),
 .UNSPECIFIED.,.F.,.F.,(4,4),(0.921831284309988,0.973726114517642),
 .UNSPECIFIED.);
#53=B_SPLINE_CURVE_WITH_KNOTS('',3,(#3370,#3371,#3372,#3373),
 .UNSPECIFIED.,.F.,.F.,(4,4),(0.,0.059532792111688),.UNSPECIFIED.);
#54=B_SPLINE_CURVE_WITH_KNOTS('',3,(#3377,#3378,#3379,#3380),
 .UNSPECIFIED.,.F.,.F.,(4,4),(0.886716436316081,0.962894213793033),
 .UNSPECIFIED.);
#55=B_SPLINE_CURVE_WITH_KNOTS('',3,(#3386,#3387,#3388,#3389),
 .UNSPECIFIED.,.F.,.F.,(4,4),(0.92276605890395,0.972877275036121),
 .UNSPECIFIED.);
#56=B_SPLINE_CURVE_WITH_KNOTS('',3,(#3391,#3392,#3393,#3394),
 .UNSPECIFIED.,.F.,.F.,(4,4),(0.,0.0502385813141153),.UNSPECIFIED.);
#57=B_SPLINE_CURVE_WITH_KNOTS('',3,(#3397,#3398,#3399,#3400),
 .UNSPECIFIED.,.F.,.F.,(4,4),(0.913484510780105,0.973005373061682),
 .UNSPECIFIED.);
#58=B_SPLINE_CURVE_WITH_KNOTS('',3,(#3416,#3417,#3418,#3419),
 .UNSPECIFIED.,.F.,.F.,(4,4),(0.,0.0759259300887374),.UNSPECIFIED.);
#59=B_SPLINE_CURVE_WITH_KNOTS('',3,(#3426,#3427,#3428,#3429),
 .UNSPECIFIED.,.F.,.F.,(4,4),(0.,0.0380178938882224),.UNSPECIFIED.);
#60=B_SPLINE_CURVE_WITH_KNOTS('',3,(#3434,#3435,#3436,#3437),
 .UNSPECIFIED.,.F.,.F.,(4,4),(0.926887344054839,0.963060314589452),
 .UNSPECIFIED.);
#61=B_SPLINE_CURVE_WITH_KNOTS('',3,(#3442,#3443,#3444,#3445),
 .UNSPECIFIED.,.F.,.F.,(4,4),(0.883766309309646,0.962894213793033),
 .UNSPECIFIED.);
#62=PLANE('',#1895);
#63=PLANE('',#1898);
#64=PLANE('',#1901);
#65=PLANE('',#1904);
#66=PLANE('',#1906);
#67=PLANE('',#1912);
#68=PLANE('',#1917);
#69=PLANE('',#1918);
#70=PLANE('',#1923);
#71=PLANE('',#1929);
#72=PLANE('',#1936);
#73=PLANE('',#1941);
#74=PLANE('',#1942);
#75=PLANE('',#1943);
#76=PLANE('',#1986);
#77=PLANE('',#1989);
#78=PLANE('',#1992);
#79=PLANE('',#1995);
#80=PLANE('',#1997);
#81=PLANE('',#1999);
#82=PLANE('',#2011);
#83=PLANE('',#2017);
#84=PLANE('',#2021);
#85=PLANE('',#2022);
#86=PLANE('',#2026);
#87=PLANE('',#2031);
#88=PLANE('',#2033);
#89=PLANE('',#2036);
#90=PLANE('',#2037);
#91=LINE('',#2874,#223);
#92=LINE('',#2875,#224);
#93=LINE('',#2877,#225);
#94=LINE('',#2878,#226);
#95=LINE('',#2880,#227);
#96=LINE('',#2881,#228);
#97=LINE('',#2883,#229);
#98=LINE('',#2884,#230);
#99=LINE('',#2886,#231);
#100=LINE('',#2887,#232);
#101=LINE('',#2889,#233);
#102=LINE('',#2890,#234);
#103=LINE('',#2892,#235);
#104=LINE('',#2893,#236);
#105=LINE('',#2895,#237);
#106=LINE('',#2896,#238);
#107=LINE('',#2899,#239);
#108=LINE('',#2902,#240);
#109=LINE('',#2905,#241);
#110=LINE('',#2906,#242);
#111=LINE('',#2909,#243);
#112=LINE('',#2913,#244);
#113=LINE('',#2915,#245);
#114=LINE('',#2916,#246);
#115=LINE('',#2919,#247);
#116=LINE('',#2928,#248);
#117=LINE('',#2929,#249);
#118=LINE('',#2932,#250);
#119=LINE('',#2946,#251);
#120=LINE('',#2947,#252);
#121=LINE('',#2950,#253);
#122=LINE('',#2967,#254);
#123=LINE('',#2974,#255);
#124=LINE('',#2987,#256);
#125=LINE('',#2990,#257);
#126=LINE('',#3002,#258);
#127=LINE('',#3005,#259);
#128=LINE('',#3008,#260);
#129=LINE('',#3017,#261);
#130=LINE('',#3025,#262);
#131=LINE('',#3028,#263);
#132=LINE('',#3029,#264);
#133=LINE('',#3031,#265);
#134=LINE('',#3036,#266);
#135=LINE('',#3048,#267);
#136=LINE('',#3052,#268);
#137=LINE('',#3054,#269);
#138=LINE('',#3055,#270);
#139=LINE('',#3063,#271);
#140=LINE('',#3073,#272);
#141=LINE('',#3077,#273);
#142=LINE('',#3086,#274);
#143=LINE('',#3088,#275);
#144=LINE('',#3089,#276);
#145=LINE('',#3094,#277);
#146=LINE('',#3108,#278);
#147=LINE('',#3111,#279);
#148=LINE('',#3113,#280);
#149=LINE('',#3116,#281);
#150=LINE('',#3118,#282);
#151=LINE('',#3119,#283);
#152=LINE('',#3129,#284);
#153=LINE('',#3131,#285);
#154=LINE('',#3132,#286);
#155=LINE('',#3134,#287);
#156=LINE('',#3136,#288);
#157=LINE('',#3143,#289);
#158=LINE('',#3146,#290);
#159=LINE('',#3152,#291);
#160=LINE('',#3154,#292);
#161=LINE('',#3161,#293);
#162=LINE('',#3164,#294);
#163=LINE('',#3172,#295);
#164=LINE('',#3174,#296);
#165=LINE('',#3181,#297);
#166=LINE('',#3184,#298);
#167=LINE('',#3191,#299);
#168=LINE('',#3194,#300);
#169=LINE('',#3201,#301);
#170=LINE('',#3204,#302);
#171=LINE('',#3211,#303);
#172=LINE('',#3213,#304);
#173=LINE('',#3220,#305);
#174=LINE('',#3223,#306);
#175=LINE('',#3226,#307);
#176=LINE('',#3227,#308);
#177=LINE('',#3230,#309);
#178=LINE('',#3234,#310);
#179=LINE('',#3236,#311);
#180=LINE('',#3237,#312);
#181=LINE('',#3240,#313);
#182=LINE('',#3249,#314);
#183=LINE('',#3250,#315);
#184=LINE('',#3253,#316);
#185=LINE('',#3267,#317);
#186=LINE('',#3270,#318);
#187=LINE('',#3274,#319);
#188=LINE('',#3282,#320);
#189=LINE('',#3285,#321);
#190=LINE('',#3287,#322);
#191=LINE('',#3289,#323);
#192=LINE('',#3290,#324);
#193=LINE('',#3297,#325);
#194=LINE('',#3324,#326);
#195=LINE('',#3333,#327);
#196=LINE('',#3340,#328);
#197=LINE('',#3344,#329);
#198=LINE('',#3348,#330);
#199=LINE('',#3352,#331);
#200=LINE('',#3356,#332);
#201=LINE('',#3360,#333);
#202=LINE('',#3363,#334);
#203=LINE('',#3365,#335);
#204=LINE('',#3368,#336);
#205=LINE('',#3381,#337);
#206=LINE('',#3384,#338);
#207=LINE('',#3396,#339);
#208=LINE('',#3402,#340);
#209=LINE('',#3405,#341);
#210=LINE('',#3406,#342);
#211=LINE('',#3410,#343);
#212=LINE('',#3412,#344);
#213=LINE('',#3415,#345);
#214=LINE('',#3421,#346);
#215=LINE('',#3422,#347);
#216=LINE('',#3425,#348);
#217=LINE('',#3430,#349);
#218=LINE('',#3433,#350);
#219=LINE('',#3439,#351);
#220=LINE('',#3446,#352);
#221=LINE('',#3448,#353);
#222=LINE('',#3449,#354);
#223=VECTOR('',#2126,1.);
#224=VECTOR('',#2127,1.);
#225=VECTOR('',#2130,1.);
#226=VECTOR('',#2131,1.);
#227=VECTOR('',#2134,1.);
#228=VECTOR('',#2135,1.);
#229=VECTOR('',#2138,1.);
#230=VECTOR('',#2139,1.);
#231=VECTOR('',#2142,1.);
#232=VECTOR('',#2143,1.);
#233=VECTOR('',#2146,1.);
#234=VECTOR('',#2147,1.);
#235=VECTOR('',#2150,1.);
#236=VECTOR('',#2151,1.);
#237=VECTOR('',#2154,1.);
#238=VECTOR('',#2155,1.);
#239=VECTOR('',#2158,1.);
#240=VECTOR('',#2161,1.);
#241=VECTOR('',#2164,1.);
#242=VECTOR('',#2165,1.);
#243=VECTOR('',#2168,1.);
#244=VECTOR('',#2173,1.);
#245=VECTOR('',#2174,1.);
#246=VECTOR('',#2175,1.);
#247=VECTOR('',#2178,1.);
#248=VECTOR('',#2183,1.);
#249=VECTOR('',#2184,1.);
#250=VECTOR('',#2187,1.);
#251=VECTOR('',#2192,1.);
#252=VECTOR('',#2193,1.);
#253=VECTOR('',#2196,1.);
#254=VECTOR('',#2203,1.);
#255=VECTOR('',#2206,1.);
#256=VECTOR('',#2207,1.);
#257=VECTOR('',#2210,1.);
#258=VECTOR('',#2211,1.);
#259=VECTOR('',#2216,1.);
#260=VECTOR('',#2219,1.);
#261=VECTOR('',#2224,1.);
#262=VECTOR('',#2227,1.);
#263=VECTOR('',#2230,1.);
#264=VECTOR('',#2231,1.);
#265=VECTOR('',#2234,1.);
#266=VECTOR('',#2239,1.);
#267=VECTOR('',#2242,1.);
#268=VECTOR('',#2247,1.);
#269=VECTOR('',#2248,1.);
#270=VECTOR('',#2249,1.);
#271=VECTOR('',#2254,1.);
#272=VECTOR('',#2259,1.);
#273=VECTOR('',#2262,1.);
#274=VECTOR('',#2265,0.254);
#275=VECTOR('',#2266,1.);
#276=VECTOR('',#2267,1.);
#277=VECTOR('',#2272,1.);
#278=VECTOR('',#2277,1.);
#279=VECTOR('',#2280,1.);
#280=VECTOR('',#2283,1.);
#281=VECTOR('',#2286,1.);
#282=VECTOR('',#2287,1.);
#283=VECTOR('',#2288,1.);
#284=VECTOR('',#2295,1.);
#285=VECTOR('',#2298,1.);
#286=VECTOR('',#2299,1.);
#287=VECTOR('',#2302,1.);
#288=VECTOR('',#2305,1.);
#289=VECTOR('',#2312,1.);
#290=VECTOR('',#2315,1.);
#291=VECTOR('',#2320,1.);
#292=VECTOR('',#2323,1.);
#293=VECTOR('',#2332,1.);
#294=VECTOR('',#2335,1.);
#295=VECTOR('',#2344,1.);
#296=VECTOR('',#2347,1.);
#297=VECTOR('',#2356,1.);
#298=VECTOR('',#2359,1.);
#299=VECTOR('',#2368,1.);
#300=VECTOR('',#2371,1.);
#301=VECTOR('',#2380,1.);
#302=VECTOR('',#2383,1.);
#303=VECTOR('',#2392,1.);
#304=VECTOR('',#2395,1.);
#305=VECTOR('',#2406,1.);
#306=VECTOR('',#2409,1.);
#307=VECTOR('',#2412,1.);
#308=VECTOR('',#2413,1.);
#309=VECTOR('',#2416,1.);
#310=VECTOR('',#2421,1.);
#311=VECTOR('',#2422,1.);
#312=VECTOR('',#2423,1.);
#313=VECTOR('',#2426,1.);
#314=VECTOR('',#2431,1.);
#315=VECTOR('',#2432,1.);
#316=VECTOR('',#2435,1.);
#317=VECTOR('',#2440,1.);
#318=VECTOR('',#2443,1.);
#319=VECTOR('',#2448,1.);
#320=VECTOR('',#2449,1.);
#321=VECTOR('',#2452,1.);
#322=VECTOR('',#2453,1.);
#323=VECTOR('',#2454,1.);
#324=VECTOR('',#2455,1.);
#325=VECTOR('',#2462,1.);
#326=VECTOR('',#2471,1.);
#327=VECTOR('',#2476,1.);
#328=VECTOR('',#2479,1.);
#329=VECTOR('',#2484,1.);
#330=VECTOR('',#2487,1.);
#331=VECTOR('',#2490,1.);
#332=VECTOR('',#2493,1.);
#333=VECTOR('',#2496,1.);
#334=VECTOR('',#2499,1.);
#335=VECTOR('',#2502,1.);
#336=VECTOR('',#2505,1.);
#337=VECTOR('',#2508,1.);
#338=VECTOR('',#2511,1.);
#339=VECTOR('',#2512,1.);
#340=VECTOR('',#2515,1.);
#341=VECTOR('',#2518,1.);
#342=VECTOR('',#2519,1.);
#343=VECTOR('',#2526,1.);
#344=VECTOR('',#2529,1.);
#345=VECTOR('',#2532,1.);
#346=VECTOR('',#2535,1.);
#347=VECTOR('',#2536,1.);
#348=VECTOR('',#2539,1.);
#349=VECTOR('',#2540,1.);
#350=VECTOR('',#2543,1.);
#351=VECTOR('',#2546,1.);
#352=VECTOR('',#2549,1.);
#353=VECTOR('',#2552,1.);
#354=VECTOR('',#2553,1.);
#355=CYLINDRICAL_SURFACE('',#1885,0.1524);
#356=CYLINDRICAL_SURFACE('',#1886,0.1524);
#357=CYLINDRICAL_SURFACE('',#1887,0.1524);
#358=CYLINDRICAL_SURFACE('',#1888,0.1524);
#359=CYLINDRICAL_SURFACE('',#1889,0.1524);
#360=CYLINDRICAL_SURFACE('',#1890,0.1524);
#361=CYLINDRICAL_SURFACE('',#1891,0.1524);
#362=CYLINDRICAL_SURFACE('',#1892,0.1524);
#363=CYLINDRICAL_SURFACE('',#1893,0.0762);
#364=CYLINDRICAL_SURFACE('',#1896,0.0762);
#365=CYLINDRICAL_SURFACE('',#1899,0.0762);
#366=CYLINDRICAL_SURFACE('',#1902,0.0762);
#367=CYLINDRICAL_SURFACE('',#1905,0.0762);
#368=CYLINDRICAL_SURFACE('',#1907,0.1016);
#369=CYLINDRICAL_SURFACE('',#1909,0.0762);
#370=CYLINDRICAL_SURFACE('',#1910,0.1016);
#371=CYLINDRICAL_SURFACE('',#1913,0.0762);
#372=CYLINDRICAL_SURFACE('',#1915,0.0762);
#373=CYLINDRICAL_SURFACE('',#1919,0.0762);
#374=CYLINDRICAL_SURFACE('',#1921,0.0762);
#375=CYLINDRICAL_SURFACE('',#1924,0.1016);
#376=CYLINDRICAL_SURFACE('',#1925,0.0762);
#377=CYLINDRICAL_SURFACE('',#1927,0.0762);
#378=CYLINDRICAL_SURFACE('',#1930,0.1016);
#379=CYLINDRICAL_SURFACE('',#1933,0.0762);
#380=CYLINDRICAL_SURFACE('',#1935,0.1016);
#381=CYLINDRICAL_SURFACE('',#1937,0.0762);
#382=CYLINDRICAL_SURFACE('',#1939,0.1016);
#383=CYLINDRICAL_SURFACE('',#1940,0.1016);
#384=CYLINDRICAL_SURFACE('',#1944,0.127);
#385=CYLINDRICAL_SURFACE('',#1947,0.127);
#386=CYLINDRICAL_SURFACE('',#1952,0.127);
#387=CYLINDRICAL_SURFACE('',#1957,0.127);
#388=CYLINDRICAL_SURFACE('',#1962,0.127);
#389=CYLINDRICAL_SURFACE('',#1967,0.127);
#390=CYLINDRICAL_SURFACE('',#1972,0.127);
#391=CYLINDRICAL_SURFACE('',#1977,0.127);
#392=CYLINDRICAL_SURFACE('',#1984,0.127);
#393=CYLINDRICAL_SURFACE('',#1987,0.127);
#394=CYLINDRICAL_SURFACE('',#1990,0.127);
#395=CYLINDRICAL_SURFACE('',#1993,0.127);
#396=CYLINDRICAL_SURFACE('',#1998,0.127);
#397=CYLINDRICAL_SURFACE('',#2000,0.254);
#398=CYLINDRICAL_SURFACE('',#2004,0.127);
#399=CYLINDRICAL_SURFACE('',#2005,0.254);
#400=CYLINDRICAL_SURFACE('',#2008,0.254);
#401=CYLINDRICAL_SURFACE('',#2009,0.127);
#402=CYLINDRICAL_SURFACE('',#2018,0.127);
#403=CYLINDRICAL_SURFACE('',#2020,0.254);
#404=CYLINDRICAL_SURFACE('',#2023,0.127);
#405=CYLINDRICAL_SURFACE('',#2025,0.127);
#406=CYLINDRICAL_SURFACE('',#2027,0.127);
#407=CYLINDRICAL_SURFACE('',#2028,0.254);
#408=CYLINDRICAL_SURFACE('',#2029,0.127);
#409=CYLINDRICAL_SURFACE('',#2030,0.254);
#410=CYLINDRICAL_SURFACE('',#2032,0.127);
#411=CYLINDRICAL_SURFACE('',#2034,0.254);
#412=CYLINDRICAL_SURFACE('',#2035,0.127);
#413=FACE_OUTER_BOUND('',#522,.T.);
#414=FACE_OUTER_BOUND('',#523,.T.);
#415=FACE_OUTER_BOUND('',#524,.T.);
#416=FACE_OUTER_BOUND('',#525,.T.);
#417=FACE_OUTER_BOUND('',#526,.T.);
#418=FACE_OUTER_BOUND('',#527,.T.);
#419=FACE_OUTER_BOUND('',#528,.T.);
#420=FACE_OUTER_BOUND('',#529,.T.);
#421=FACE_OUTER_BOUND('',#530,.T.);
#422=FACE_OUTER_BOUND('',#531,.T.);
#423=FACE_OUTER_BOUND('',#532,.T.);
#424=FACE_OUTER_BOUND('',#533,.T.);
#425=FACE_OUTER_BOUND('',#534,.T.);
#426=FACE_OUTER_BOUND('',#535,.T.);
#427=FACE_OUTER_BOUND('',#536,.T.);
#428=FACE_OUTER_BOUND('',#537,.T.);
#429=FACE_OUTER_BOUND('',#538,.T.);
#430=FACE_OUTER_BOUND('',#539,.T.);
#431=FACE_OUTER_BOUND('',#540,.T.);
#432=FACE_OUTER_BOUND('',#541,.T.);
#433=FACE_OUTER_BOUND('',#542,.T.);
#434=FACE_OUTER_BOUND('',#543,.T.);
#435=FACE_OUTER_BOUND('',#544,.T.);
#436=FACE_OUTER_BOUND('',#545,.T.);
#437=FACE_OUTER_BOUND('',#546,.T.);
#438=FACE_OUTER_BOUND('',#547,.T.);
#439=FACE_OUTER_BOUND('',#548,.T.);
#440=FACE_OUTER_BOUND('',#549,.T.);
#441=FACE_OUTER_BOUND('',#550,.T.);
#442=FACE_OUTER_BOUND('',#551,.T.);
#443=FACE_OUTER_BOUND('',#552,.T.);
#444=FACE_OUTER_BOUND('',#553,.T.);
#445=FACE_OUTER_BOUND('',#554,.T.);
#446=FACE_OUTER_BOUND('',#555,.T.);
#447=FACE_OUTER_BOUND('',#556,.T.);
#448=FACE_OUTER_BOUND('',#557,.T.);
#449=FACE_OUTER_BOUND('',#558,.T.);
#450=FACE_OUTER_BOUND('',#559,.T.);
#451=FACE_OUTER_BOUND('',#560,.T.);
#452=FACE_OUTER_BOUND('',#561,.T.);
#453=FACE_OUTER_BOUND('',#562,.T.);
#454=FACE_OUTER_BOUND('',#563,.T.);
#455=FACE_OUTER_BOUND('',#564,.T.);
#456=FACE_OUTER_BOUND('',#565,.T.);
#457=FACE_OUTER_BOUND('',#566,.T.);
#458=FACE_OUTER_BOUND('',#567,.T.);
#459=FACE_OUTER_BOUND('',#568,.T.);
#460=FACE_OUTER_BOUND('',#569,.T.);
#461=FACE_OUTER_BOUND('',#570,.T.);
#462=FACE_OUTER_BOUND('',#571,.T.);
#463=FACE_OUTER_BOUND('',#572,.T.);
#464=FACE_OUTER_BOUND('',#573,.T.);
#465=FACE_OUTER_BOUND('',#574,.T.);
#466=FACE_OUTER_BOUND('',#575,.T.);
#467=FACE_OUTER_BOUND('',#576,.T.);
#468=FACE_OUTER_BOUND('',#577,.T.);
#469=FACE_OUTER_BOUND('',#578,.T.);
#470=FACE_OUTER_BOUND('',#579,.T.);
#471=FACE_OUTER_BOUND('',#580,.T.);
#472=FACE_OUTER_BOUND('',#581,.T.);
#473=FACE_OUTER_BOUND('',#582,.T.);
#474=FACE_OUTER_BOUND('',#583,.T.);
#475=FACE_OUTER_BOUND('',#584,.T.);
#476=FACE_OUTER_BOUND('',#585,.T.);
#477=FACE_OUTER_BOUND('',#586,.T.);
#478=FACE_OUTER_BOUND('',#587,.T.);
#479=FACE_OUTER_BOUND('',#588,.T.);
#480=FACE_OUTER_BOUND('',#589,.T.);
#481=FACE_OUTER_BOUND('',#590,.T.);
#482=FACE_OUTER_BOUND('',#591,.T.);
#483=FACE_OUTER_BOUND('',#592,.T.);
#484=FACE_OUTER_BOUND('',#593,.T.);
#485=FACE_OUTER_BOUND('',#594,.T.);
#486=FACE_OUTER_BOUND('',#595,.T.);
#487=FACE_OUTER_BOUND('',#596,.T.);
#488=FACE_OUTER_BOUND('',#597,.T.);
#489=FACE_OUTER_BOUND('',#598,.T.);
#490=FACE_OUTER_BOUND('',#599,.T.);
#491=FACE_OUTER_BOUND('',#600,.T.);
#492=FACE_OUTER_BOUND('',#601,.T.);
#493=FACE_OUTER_BOUND('',#602,.T.);
#494=FACE_OUTER_BOUND('',#603,.T.);
#495=FACE_OUTER_BOUND('',#604,.T.);
#496=FACE_OUTER_BOUND('',#605,.T.);
#497=FACE_OUTER_BOUND('',#606,.T.);
#498=FACE_OUTER_BOUND('',#607,.T.);
#499=FACE_OUTER_BOUND('',#608,.T.);
#500=FACE_OUTER_BOUND('',#609,.T.);
#501=FACE_OUTER_BOUND('',#610,.T.);
#502=FACE_OUTER_BOUND('',#611,.T.);
#503=FACE_OUTER_BOUND('',#613,.T.);
#504=FACE_OUTER_BOUND('',#614,.T.);
#505=FACE_OUTER_BOUND('',#615,.T.);
#506=FACE_OUTER_BOUND('',#616,.T.);
#507=FACE_OUTER_BOUND('',#617,.T.);
#508=FACE_OUTER_BOUND('',#618,.T.);
#509=FACE_OUTER_BOUND('',#619,.T.);
#510=FACE_OUTER_BOUND('',#620,.T.);
#511=FACE_OUTER_BOUND('',#621,.T.);
#512=FACE_OUTER_BOUND('',#622,.T.);
#513=FACE_OUTER_BOUND('',#623,.T.);
#514=FACE_OUTER_BOUND('',#624,.T.);
#515=FACE_OUTER_BOUND('',#625,.T.);
#516=FACE_OUTER_BOUND('',#626,.T.);
#517=FACE_OUTER_BOUND('',#627,.T.);
#518=FACE_OUTER_BOUND('',#628,.T.);
#519=FACE_OUTER_BOUND('',#629,.T.);
#520=FACE_OUTER_BOUND('',#630,.T.);
#521=FACE_OUTER_BOUND('',#631,.T.);
#522=EDGE_LOOP('',(#1166,#1167,#1168,#1169));
#523=EDGE_LOOP('',(#1170,#1171,#1172));
#524=EDGE_LOOP('',(#1173,#1174,#1175,#1176));
#525=EDGE_LOOP('',(#1177,#1178,#1179));
#526=EDGE_LOOP('',(#1180,#1181,#1182,#1183));
#527=EDGE_LOOP('',(#1184,#1185,#1186));
#528=EDGE_LOOP('',(#1187,#1188,#1189));
#529=EDGE_LOOP('',(#1190,#1191,#1192));
#530=EDGE_LOOP('',(#1193,#1194,#1195,#1196));
#531=EDGE_LOOP('',(#1197,#1198,#1199));
#532=EDGE_LOOP('',(#1200,#1201,#1202,#1203));
#533=EDGE_LOOP('',(#1204,#1205,#1206));
#534=EDGE_LOOP('',(#1207,#1208,#1209,#1210));
#535=EDGE_LOOP('',(#1211,#1212,#1213));
#536=EDGE_LOOP('',(#1214,#1215,#1216,#1217));
#537=EDGE_LOOP('',(#1218,#1219,#1220,#1221,#1222));
#538=EDGE_LOOP('',(#1223,#1224,#1225,#1226,#1227));
#539=EDGE_LOOP('',(#1228,#1229,#1230,#1231,#1232));
#540=EDGE_LOOP('',(#1233,#1234,#1235,#1236));
#541=EDGE_LOOP('',(#1237,#1238,#1239,#1240,#1241));
#542=EDGE_LOOP('',(#1242,#1243,#1244,#1245,#1246));
#543=EDGE_LOOP('',(#1247,#1248,#1249,#1250,#1251));
#544=EDGE_LOOP('',(#1252,#1253,#1254,#1255));
#545=EDGE_LOOP('',(#1256,#1257,#1258,#1259));
#546=EDGE_LOOP('',(#1260,#1261,#1262,#1263));
#547=EDGE_LOOP('',(#1264,#1265,#1266,#1267,#1268));
#548=EDGE_LOOP('',(#1269,#1270,#1271,#1272,#1273));
#549=EDGE_LOOP('',(#1274,#1275,#1276,#1277,#1278));
#550=EDGE_LOOP('',(#1279,#1280,#1281,#1282,#1283,#1284));
#551=EDGE_LOOP('',(#1285,#1286,#1287,#1288,#1289));
#552=EDGE_LOOP('',(#1290,#1291,#1292,#1293,#1294));
#553=EDGE_LOOP('',(#1295,#1296,#1297,#1298,#1299,#1300,#1301,#1302));
#554=EDGE_LOOP('',(#1303,#1304,#1305,#1306,#1307,#1308));
#555=EDGE_LOOP('',(#1309,#1310,#1311,#1312,#1313));
#556=EDGE_LOOP('',(#1314,#1315,#1316,#1317,#1318,#1319));
#557=EDGE_LOOP('',(#1320,#1321,#1322,#1323,#1324));
#558=EDGE_LOOP('',(#1325,#1326,#1327,#1328,#1329,#1330));
#559=EDGE_LOOP('',(#1331,#1332,#1333,#1334,#1335));
#560=EDGE_LOOP('',(#1336,#1337,#1338,#1339,#1340));
#561=EDGE_LOOP('',(#1341,#1342,#1343,#1344,#1345));
#562=EDGE_LOOP('',(#1346,#1347,#1348,#1349,#1350));
#563=EDGE_LOOP('',(#1351,#1352,#1353,#1354,#1355));
#564=EDGE_LOOP('',(#1356,#1357,#1358,#1359));
#565=EDGE_LOOP('',(#1360,#1361,#1362,#1363,#1364,#1365));
#566=EDGE_LOOP('',(#1366,#1367,#1368,#1369,#1370,#1371));
#567=EDGE_LOOP('',(#1372,#1373,#1374,#1375,#1376));
#568=EDGE_LOOP('',(#1377,#1378,#1379,#1380));
#569=EDGE_LOOP('',(#1381,#1382,#1383,#1384,#1385,#1386));
#570=EDGE_LOOP('',(#1387,#1388,#1389,#1390,#1391,#1392));
#571=EDGE_LOOP('',(#1393,#1394,#1395,#1396,#1397,#1398));
#572=EDGE_LOOP('',(#1399,#1400,#1401,#1402,#1403));
#573=EDGE_LOOP('',(#1404,#1405,#1406,#1407,#1408));
#574=EDGE_LOOP('',(#1409,#1410,#1411,#1412,#1413,#1414));
#575=EDGE_LOOP('',(#1415,#1416,#1417,#1418,#1419,#1420));
#576=EDGE_LOOP('',(#1421,#1422,#1423,#1424,#1425));
#577=EDGE_LOOP('',(#1426,#1427,#1428,#1429));
#578=EDGE_LOOP('',(#1430,#1431,#1432,#1433,#1434,#1435,#1436,#1437));
#579=EDGE_LOOP('',(#1438,#1439,#1440,#1441));
#580=EDGE_LOOP('',(#1442,#1443,#1444,#1445));
#581=EDGE_LOOP('',(#1446,#1447,#1448));
#582=EDGE_LOOP('',(#1449,#1450,#1451,#1452));
#583=EDGE_LOOP('',(#1453,#1454,#1455));
#584=EDGE_LOOP('',(#1456,#1457,#1458,#1459));
#585=EDGE_LOOP('',(#1460,#1461,#1462));
#586=EDGE_LOOP('',(#1463,#1464,#1465,#1466));
#587=EDGE_LOOP('',(#1467,#1468,#1469));
#588=EDGE_LOOP('',(#1470,#1471,#1472,#1473));
#589=EDGE_LOOP('',(#1474,#1475,#1476));
#590=EDGE_LOOP('',(#1477,#1478,#1479,#1480));
#591=EDGE_LOOP('',(#1481,#1482,#1483));
#592=EDGE_LOOP('',(#1484,#1485,#1486,#1487));
#593=EDGE_LOOP('',(#1488,#1489,#1490));
#594=EDGE_LOOP('',(#1491,#1492,#1493));
#595=EDGE_LOOP('',(#1494,#1495,#1496,#1497));
#596=EDGE_LOOP('',(#1498,#1499,#1500,#1501));
#597=EDGE_LOOP('',(#1502,#1503,#1504,#1505));
#598=EDGE_LOOP('',(#1506,#1507,#1508,#1509,#1510));
#599=EDGE_LOOP('',(#1511,#1512,#1513,#1514,#1515));
#600=EDGE_LOOP('',(#1516,#1517,#1518,#1519));
#601=EDGE_LOOP('',(#1520,#1521,#1522,#1523,#1524,#1525));
#602=EDGE_LOOP('',(#1526,#1527,#1528,#1529,#1530));
#603=EDGE_LOOP('',(#1531,#1532,#1533,#1534,#1535,#1536,#1537,#1538));
#604=EDGE_LOOP('',(#1539,#1540,#1541,#1542));
#605=EDGE_LOOP('',(#1543,#1544,#1545,#1546,#1547,#1548));
#606=EDGE_LOOP('',(#1549,#1550,#1551,#1552,#1553,#1554,#1555));
#607=EDGE_LOOP('',(#1556,#1557,#1558,#1559));
#608=EDGE_LOOP('',(#1560,#1561,#1562,#1563,#1564,#1565,#1566));
#609=EDGE_LOOP('',(#1567,#1568,#1569,#1570,#1571,#1572));
#610=EDGE_LOOP('',(#1573,#1574,#1575,#1576,#1577));
#611=EDGE_LOOP('',(#1578,#1579,#1580,#1581,#1582,#1583,#1584,#1585,#1586,
#1587,#1588,#1589,#1590,#1591,#1592,#1593));
#612=EDGE_LOOP('',(#1594,#1595,#1596,#1597,#1598,#1599,#1600,#1601,#1602,
#1603,#1604,#1605,#1606,#1607,#1608,#1609));
#613=EDGE_LOOP('',(#1610,#1611,#1612,#1613));
#614=EDGE_LOOP('',(#1614,#1615,#1616,#1617,#1618,#1619));
#615=EDGE_LOOP('',(#1620,#1621,#1622,#1623,#1624,#1625));
#616=EDGE_LOOP('',(#1626,#1627,#1628,#1629));
#617=EDGE_LOOP('',(#1630,#1631,#1632,#1633,#1634));
#618=EDGE_LOOP('',(#1635,#1636,#1637,#1638,#1639));
#619=EDGE_LOOP('',(#1640,#1641,#1642,#1643,#1644));
#620=EDGE_LOOP('',(#1645,#1646,#1647,#1648));
#621=EDGE_LOOP('',(#1649,#1650,#1651,#1652,#1653,#1654));
#622=EDGE_LOOP('',(#1655,#1656,#1657,#1658,#1659));
#623=EDGE_LOOP('',(#1660,#1661,#1662,#1663,#1664));
#624=EDGE_LOOP('',(#1665,#1666,#1667,#1668,#1669,#1670));
#625=EDGE_LOOP('',(#1671,#1672,#1673,#1674));
#626=EDGE_LOOP('',(#1675,#1676,#1677,#1678,#1679,#1680));
#627=EDGE_LOOP('',(#1681,#1682,#1683,#1684,#1685));
#628=EDGE_LOOP('',(#1686,#1687,#1688,#1689,#1690));
#629=EDGE_LOOP('',(#1691,#1692,#1693,#1694,#1695));
#630=EDGE_LOOP('',(#1696,#1697,#1698,#1699,#1700));
#631=EDGE_LOOP('',(#1701,#1702,#1703,#1704,#1705));
#632=ELLIPSE('',#1844,0.193373921716451,0.1524);
#633=ELLIPSE('',#1846,0.141329945871355,0.0762);
#634=ELLIPSE('',#1847,0.155634146657437,0.1524);
#635=ELLIPSE('',#1848,0.155634146657438,0.1524);
#636=ELLIPSE('',#1850,0.176415754398523,0.1524);
#637=ELLIPSE('',#1852,0.117060661197518,0.0762);
#638=ELLIPSE('',#1853,0.156375836936441,0.1524);
#639=ELLIPSE('',#1854,0.156375836936441,0.1524);
#640=ELLIPSE('',#1856,0.182243893724865,0.1524);
#641=ELLIPSE('',#1858,0.125672259468826,0.0762);
#642=ELLIPSE('',#1859,0.154986542102624,0.1524);
#643=ELLIPSE('',#1860,0.154986542102624,0.1524);
#644=ELLIPSE('',#1861,0.155634146657437,0.1524);
#645=ELLIPSE('',#1862,0.155634146657437,0.1524);
#646=ELLIPSE('',#1864,0.155634146657437,0.1524);
#647=ELLIPSE('',#1865,0.155634146657437,0.1524);
#648=ELLIPSE('',#1868,0.125672259468826,0.0762);
#649=ELLIPSE('',#1870,0.182243893724865,0.1524);
#650=ELLIPSE('',#1871,0.154986542102624,0.1524);
#651=ELLIPSE('',#1872,0.154986542102624,0.1524);
#652=ELLIPSE('',#1874,0.117060661197518,0.0762);
#653=ELLIPSE('',#1876,0.176415754398523,0.1524);
#654=ELLIPSE('',#1877,0.156375836936441,0.1524);
#655=ELLIPSE('',#1878,0.156375836936441,0.1524);
#656=ELLIPSE('',#1880,0.141329945871355,0.0762);
#657=ELLIPSE('',#1882,0.193373921716451,0.1524);
#658=ELLIPSE('',#1883,0.155634146657437,0.1524);
#659=ELLIPSE('',#1884,0.155634146657437,0.1524);
#660=ELLIPSE('',#1900,0.0788446581455112,0.0762);
#661=ELLIPSE('',#1903,0.0788446581455111,0.0762);
#662=ELLIPSE('',#1908,0.108226989825351,0.1016);
#663=ELLIPSE('',#1911,0.108053888271672,0.1016);
#664=ELLIPSE('',#1914,0.0790690252577838,0.0762);
#665=ELLIPSE('',#1916,0.0790690252577836,0.0762);
#666=ELLIPSE('',#1922,0.0762167155852208,0.0762);
#667=ELLIPSE('',#1926,0.0762167155852208,0.0762);
#668=ELLIPSE('',#1928,0.0762167155852208,0.0762);
#669=ELLIPSE('',#1931,0.116180997506231,0.1016);
#670=ELLIPSE('',#1932,0.115657867974864,0.1016);
#671=ELLIPSE('',#1938,0.0762167155852208,0.0762);
#672=ELLIPSE('',#1991,0.131781708762973,0.127);
#673=ELLIPSE('',#1994,0.131781708762973,0.127);
#674=ELLIPSE('',#1996,0.771164153154898,0.254);
#675=ELLIPSE('',#2001,0.790931280378688,0.254);
#676=ELLIPSE('',#2002,0.270567474563376,0.254);
#677=ELLIPSE('',#2003,0.290452493765577,0.254);
#678=ELLIPSE('',#2006,0.28914466993716,0.254);
#679=ELLIPSE('',#2007,0.270134720679181,0.254);
#680=ELLIPSE('',#2013,0.127027859308701,0.127);
#681=ELLIPSE('',#2014,0.127027859308701,0.127);
#682=ELLIPSE('',#2015,0.127027859308701,0.127);
#683=ELLIPSE('',#2016,0.127027859308701,0.127);
#684=ELLIPSE('',#2019,0.131407763575852,0.127);
#685=ELLIPSE('',#2024,0.131407763575852,0.127);
#686=CIRCLE('',#1843,0.0762000000000001);
#687=CIRCLE('',#1845,0.0761999999999999);
#688=CIRCLE('',#1849,0.0762);
#689=CIRCLE('',#1851,0.0762000000000001);
#690=CIRCLE('',#1855,0.0762);
#691=CIRCLE('',#1857,0.0762);
#692=CIRCLE('',#1863,0.0762);
#693=CIRCLE('',#1866,0.0762);
#694=CIRCLE('',#1867,0.0762);
#695=CIRCLE('',#1869,0.0762);
#696=CIRCLE('',#1873,0.0762000000000001);
#697=CIRCLE('',#1875,0.0762);
#698=CIRCLE('',#1879,0.0762000000000002);
#699=CIRCLE('',#1881,0.0761999999999998);
#700=CIRCLE('',#1894,0.0762);
#701=CIRCLE('',#1897,0.0762);
#702=CIRCLE('',#1920,0.0762);
#703=CIRCLE('',#1934,0.0762);
#704=CIRCLE('',#1945,0.127);
#705=CIRCLE('',#1946,0.127);
#706=CIRCLE('',#1948,0.127);
#707=CIRCLE('',#1949,0.127);
#708=CIRCLE('',#1951,0.127);
#709=CIRCLE('',#1953,0.127);
#710=CIRCLE('',#1954,0.127);
#711=CIRCLE('',#1956,0.127);
#712=CIRCLE('',#1958,0.127);
#713=CIRCLE('',#1959,0.127);
#714=CIRCLE('',#1961,0.127);
#715=CIRCLE('',#1963,0.127);
#716=CIRCLE('',#1964,0.127);
#717=CIRCLE('',#1966,0.127);
#718=CIRCLE('',#1968,0.127);
#719=CIRCLE('',#1969,0.127);
#720=CIRCLE('',#1971,0.127);
#721=CIRCLE('',#1973,0.127);
#722=CIRCLE('',#1974,0.127);
#723=CIRCLE('',#1976,0.127);
#724=CIRCLE('',#1978,0.127);
#725=CIRCLE('',#1979,0.126999999999999);
#726=CIRCLE('',#1981,0.127);
#727=CIRCLE('',#1983,0.127);
#728=CIRCLE('',#1985,0.127);
#729=CIRCLE('',#1988,0.127);
#730=CIRCLE('',#2010,0.127);
#731=CIRCLE('',#2012,0.127);
#732=VERTEX_POINT('',#2579);
#733=VERTEX_POINT('',#2580);
#734=VERTEX_POINT('',#2582);
#735=VERTEX_POINT('',#2584);
#736=VERTEX_POINT('',#2603);
#737=VERTEX_POINT('',#2622);
#738=VERTEX_POINT('',#2623);
#739=VERTEX_POINT('',#2625);
#740=VERTEX_POINT('',#2627);
#741=VERTEX_POINT('',#2646);
#742=VERTEX_POINT('',#2665);
#743=VERTEX_POINT('',#2666);
#744=VERTEX_POINT('',#2668);
#745=VERTEX_POINT('',#2670);
#746=VERTEX_POINT('',#2689);
#747=VERTEX_POINT('',#2712);
#748=VERTEX_POINT('',#2713);
#749=VERTEX_POINT('',#2715);
#750=VERTEX_POINT('',#2738);
#751=VERTEX_POINT('',#2739);
#752=VERTEX_POINT('',#2741);
#753=VERTEX_POINT('',#2760);
#754=VERTEX_POINT('',#2761);
#755=VERTEX_POINT('',#2763);
#756=VERTEX_POINT('',#2765);
#757=VERTEX_POINT('',#2784);
#758=VERTEX_POINT('',#2803);
#759=VERTEX_POINT('',#2804);
#760=VERTEX_POINT('',#2806);
#761=VERTEX_POINT('',#2808);
#762=VERTEX_POINT('',#2827);
#763=VERTEX_POINT('',#2846);
#764=VERTEX_POINT('',#2847);
#765=VERTEX_POINT('',#2849);
#766=VERTEX_POINT('',#2851);
#767=VERTEX_POINT('',#2870);
#768=VERTEX_POINT('',#2898);
#769=VERTEX_POINT('',#2900);
#770=VERTEX_POINT('',#2904);
#771=VERTEX_POINT('',#2908);
#772=VERTEX_POINT('',#2912);
#773=VERTEX_POINT('',#2914);
#774=VERTEX_POINT('',#2918);
#775=VERTEX_POINT('',#2920);
#776=VERTEX_POINT('',#2927);
#777=VERTEX_POINT('',#2931);
#778=VERTEX_POINT('',#2933);
#779=VERTEX_POINT('',#2938);
#780=VERTEX_POINT('',#2945);
#781=VERTEX_POINT('',#2949);
#782=VERTEX_POINT('',#2951);
#783=VERTEX_POINT('',#2964);
#784=VERTEX_POINT('',#2966);
#785=VERTEX_POINT('',#2973);
#786=VERTEX_POINT('',#2975);
#787=VERTEX_POINT('',#2980);
#788=VERTEX_POINT('',#2989);
#789=VERTEX_POINT('',#2991);
#790=VERTEX_POINT('',#2996);
#791=VERTEX_POINT('',#3001);
#792=VERTEX_POINT('',#3007);
#793=VERTEX_POINT('',#3009);
#794=VERTEX_POINT('',#3016);
#795=VERTEX_POINT('',#3018);
#796=VERTEX_POINT('',#3020);
#797=VERTEX_POINT('',#3027);
#798=VERTEX_POINT('',#3033);
#799=VERTEX_POINT('',#3035);
#800=VERTEX_POINT('',#3042);
#801=VERTEX_POINT('',#3047);
#802=VERTEX_POINT('',#3051);
#803=VERTEX_POINT('',#3053);
#804=VERTEX_POINT('',#3062);
#805=VERTEX_POINT('',#3066);
#806=VERTEX_POINT('',#3067);
#807=VERTEX_POINT('',#3072);
#808=VERTEX_POINT('',#3074);
#809=VERTEX_POINT('',#3076);
#810=VERTEX_POINT('',#3085);
#811=VERTEX_POINT('',#3087);
#812=VERTEX_POINT('',#3091);
#813=VERTEX_POINT('',#3093);
#814=VERTEX_POINT('',#3095);
#815=VERTEX_POINT('',#3102);
#816=VERTEX_POINT('',#3107);
#817=VERTEX_POINT('',#3109);
#818=VERTEX_POINT('',#3115);
#819=VERTEX_POINT('',#3117);
#820=VERTEX_POINT('',#3139);
#821=VERTEX_POINT('',#3140);
#822=VERTEX_POINT('',#3142);
#823=VERTEX_POINT('',#3144);
#824=VERTEX_POINT('',#3148);
#825=VERTEX_POINT('',#3149);
#826=VERTEX_POINT('',#3151);
#827=VERTEX_POINT('',#3158);
#828=VERTEX_POINT('',#3160);
#829=VERTEX_POINT('',#3162);
#830=VERTEX_POINT('',#3168);
#831=VERTEX_POINT('',#3169);
#832=VERTEX_POINT('',#3171);
#833=VERTEX_POINT('',#3178);
#834=VERTEX_POINT('',#3180);
#835=VERTEX_POINT('',#3182);
#836=VERTEX_POINT('',#3188);
#837=VERTEX_POINT('',#3190);
#838=VERTEX_POINT('',#3192);
#839=VERTEX_POINT('',#3198);
#840=VERTEX_POINT('',#3200);
#841=VERTEX_POINT('',#3202);
#842=VERTEX_POINT('',#3208);
#843=VERTEX_POINT('',#3210);
#844=VERTEX_POINT('',#3219);
#845=VERTEX_POINT('',#3221);
#846=VERTEX_POINT('',#3225);
#847=VERTEX_POINT('',#3229);
#848=VERTEX_POINT('',#3233);
#849=VERTEX_POINT('',#3235);
#850=VERTEX_POINT('',#3239);
#851=VERTEX_POINT('',#3241);
#852=VERTEX_POINT('',#3248);
#853=VERTEX_POINT('',#3252);
#854=VERTEX_POINT('',#3254);
#855=VERTEX_POINT('',#3259);
#856=VERTEX_POINT('',#3266);
#857=VERTEX_POINT('',#3268);
#858=VERTEX_POINT('',#3273);
#859=VERTEX_POINT('',#3275);
#860=VERTEX_POINT('',#3284);
#861=VERTEX_POINT('',#3286);
#862=VERTEX_POINT('',#3288);
#863=VERTEX_POINT('',#3292);
#864=VERTEX_POINT('',#3294);
#865=VERTEX_POINT('',#3296);
#866=VERTEX_POINT('',#3298);
#867=VERTEX_POINT('',#3314);
#868=VERTEX_POINT('',#3316);
#869=VERTEX_POINT('',#3323);
#870=VERTEX_POINT('',#3327);
#871=VERTEX_POINT('',#3332);
#872=VERTEX_POINT('',#3339);
#873=VERTEX_POINT('',#3343);
#874=VERTEX_POINT('',#3345);
#875=VERTEX_POINT('',#3347);
#876=VERTEX_POINT('',#3349);
#877=VERTEX_POINT('',#3351);
#878=VERTEX_POINT('',#3353);
#879=VERTEX_POINT('',#3355);
#880=VERTEX_POINT('',#3357);
#881=VERTEX_POINT('',#3359);
#882=VERTEX_POINT('',#3361);
#883=VERTEX_POINT('',#3367);
#884=VERTEX_POINT('',#3369);
#885=VERTEX_POINT('',#3374);
#886=VERTEX_POINT('',#3376);
#887=VERTEX_POINT('',#3383);
#888=VERTEX_POINT('',#3385);
#889=VERTEX_POINT('',#3390);
#890=VERTEX_POINT('',#3395);
#891=VERTEX_POINT('',#3404);
#892=VERTEX_POINT('',#3414);
#893=VERTEX_POINT('',#3424);
#894=VERTEX_POINT('',#3432);
#895=VERTEX_POINT('',#3441);
#896=EDGE_CURVE('',#732,#733,#686,.T.);
#897=EDGE_CURVE('',#732,#734,#632,.T.);
#898=EDGE_CURVE('',#734,#735,#687,.T.);
#899=EDGE_CURVE('',#735,#733,#633,.T.);
#900=EDGE_CURVE('',#733,#736,#634,.T.);
#901=EDGE_CURVE('',#736,#732,#635,.T.);
#902=EDGE_CURVE('',#737,#738,#688,.T.);
#903=EDGE_CURVE('',#737,#739,#636,.T.);
#904=EDGE_CURVE('',#739,#740,#689,.T.);
#905=EDGE_CURVE('',#740,#738,#637,.T.);
#906=EDGE_CURVE('',#738,#741,#638,.T.);
#907=EDGE_CURVE('',#741,#737,#639,.T.);
#908=EDGE_CURVE('',#742,#743,#690,.T.);
#909=EDGE_CURVE('',#742,#744,#640,.T.);
#910=EDGE_CURVE('',#744,#745,#691,.T.);
#911=EDGE_CURVE('',#745,#743,#641,.T.);
#912=EDGE_CURVE('',#743,#746,#642,.T.);
#913=EDGE_CURVE('',#746,#742,#643,.T.);
#914=EDGE_CURVE('',#747,#748,#644,.T.);
#915=EDGE_CURVE('',#748,#749,#645,.T.);
#916=EDGE_CURVE('',#749,#747,#692,.T.);
#917=EDGE_CURVE('',#750,#751,#646,.T.);
#918=EDGE_CURVE('',#751,#752,#647,.T.);
#919=EDGE_CURVE('',#752,#750,#693,.T.);
#920=EDGE_CURVE('',#753,#754,#694,.T.);
#921=EDGE_CURVE('',#753,#755,#648,.T.);
#922=EDGE_CURVE('',#755,#756,#695,.T.);
#923=EDGE_CURVE('',#756,#754,#649,.T.);
#924=EDGE_CURVE('',#754,#757,#650,.T.);
#925=EDGE_CURVE('',#757,#753,#651,.T.);
#926=EDGE_CURVE('',#758,#759,#696,.T.);
#927=EDGE_CURVE('',#758,#760,#652,.T.);
#928=EDGE_CURVE('',#760,#761,#697,.T.);
#929=EDGE_CURVE('',#761,#759,#653,.T.);
#930=EDGE_CURVE('',#759,#762,#654,.T.);
#931=EDGE_CURVE('',#762,#758,#655,.T.);
#932=EDGE_CURVE('',#763,#764,#698,.T.);
#933=EDGE_CURVE('',#763,#765,#656,.T.);
#934=EDGE_CURVE('',#765,#766,#699,.T.);
#935=EDGE_CURVE('',#766,#764,#657,.T.);
#936=EDGE_CURVE('',#764,#767,#658,.T.);
#937=EDGE_CURVE('',#767,#763,#659,.T.);
#938=EDGE_CURVE('',#733,#763,#91,.T.);
#939=EDGE_CURVE('',#767,#736,#92,.T.);
#940=EDGE_CURVE('',#762,#767,#93,.T.);
#941=EDGE_CURVE('',#766,#758,#94,.T.);
#942=EDGE_CURVE('',#757,#762,#95,.T.);
#943=EDGE_CURVE('',#761,#753,#96,.T.);
#944=EDGE_CURVE('',#751,#757,#97,.T.);
#945=EDGE_CURVE('',#756,#752,#98,.T.);
#946=EDGE_CURVE('',#748,#751,#99,.T.);
#947=EDGE_CURVE('',#750,#749,#100,.T.);
#948=EDGE_CURVE('',#746,#748,#101,.T.);
#949=EDGE_CURVE('',#747,#744,#102,.T.);
#950=EDGE_CURVE('',#741,#746,#103,.T.);
#951=EDGE_CURVE('',#743,#739,#104,.T.);
#952=EDGE_CURVE('',#736,#741,#105,.T.);
#953=EDGE_CURVE('',#738,#734,#106,.T.);
#954=EDGE_CURVE('',#749,#768,#107,.T.);
#955=EDGE_CURVE('',#768,#769,#700,.T.);
#956=EDGE_CURVE('',#769,#747,#108,.T.);
#957=EDGE_CURVE('',#770,#750,#109,.T.);
#958=EDGE_CURVE('',#768,#770,#110,.T.);
#959=EDGE_CURVE('',#752,#771,#111,.T.);
#960=EDGE_CURVE('',#771,#770,#701,.T.);
#961=EDGE_CURVE('',#772,#756,#112,.T.);
#962=EDGE_CURVE('',#773,#772,#113,.T.);
#963=EDGE_CURVE('',#771,#773,#114,.T.);
#964=EDGE_CURVE('',#755,#774,#115,.T.);
#965=EDGE_CURVE('',#775,#774,#24,.T.);
#966=EDGE_CURVE('',#775,#772,#660,.T.);
#967=EDGE_CURVE('',#776,#761,#116,.T.);
#968=EDGE_CURVE('',#776,#774,#117,.T.);
#969=EDGE_CURVE('',#760,#777,#118,.T.);
#970=EDGE_CURVE('',#778,#777,#25,.T.);
#971=EDGE_CURVE('',#779,#778,#661,.T.);
#972=EDGE_CURVE('',#776,#779,#26,.T.);
#973=EDGE_CURVE('',#780,#766,#119,.T.);
#974=EDGE_CURVE('',#780,#777,#120,.T.);
#975=EDGE_CURVE('',#765,#781,#121,.T.);
#976=EDGE_CURVE('',#782,#781,#27,.T.);
#977=EDGE_CURVE('',#780,#782,#28,.T.);
#978=EDGE_CURVE('',#782,#783,#662,.T.);
#979=EDGE_CURVE('',#784,#783,#122,.T.);
#980=EDGE_CURVE('',#784,#778,#29,.T.);
#981=EDGE_CURVE('',#734,#785,#123,.T.);
#982=EDGE_CURVE('',#786,#785,#30,.T.);
#983=EDGE_CURVE('',#787,#786,#31,.T.);
#984=EDGE_CURVE('',#787,#735,#124,.T.);
#985=EDGE_CURVE('',#788,#785,#125,.T.);
#986=EDGE_CURVE('',#788,#789,#32,.T.);
#987=EDGE_CURVE('',#789,#790,#33,.T.);
#988=EDGE_CURVE('',#791,#790,#126,.T.);
#989=EDGE_CURVE('',#791,#786,#663,.F.);
#990=EDGE_CURVE('',#788,#740,#127,.T.);
#991=EDGE_CURVE('',#739,#792,#128,.T.);
#992=EDGE_CURVE('',#793,#792,#34,.T.);
#993=EDGE_CURVE('',#789,#793,#664,.T.);
#994=EDGE_CURVE('',#744,#794,#129,.T.);
#995=EDGE_CURVE('',#795,#794,#665,.T.);
#996=EDGE_CURVE('',#796,#795,#35,.T.);
#997=EDGE_CURVE('',#796,#745,#130,.T.);
#998=EDGE_CURVE('',#797,#769,#131,.T.);
#999=EDGE_CURVE('',#794,#797,#132,.T.);
#1000=EDGE_CURVE('',#796,#792,#133,.T.);
#1001=EDGE_CURVE('',#797,#798,#702,.T.);
#1002=EDGE_CURVE('',#798,#799,#134,.T.);
#1003=EDGE_CURVE('',#795,#799,#36,.T.);
#1004=EDGE_CURVE('',#800,#775,#37,.T.);
#1005=EDGE_CURVE('',#800,#801,#135,.T.);
#1006=EDGE_CURVE('',#801,#773,#666,.T.);
#1007=EDGE_CURVE('',#800,#802,#136,.T.);
#1008=EDGE_CURVE('',#803,#802,#137,.T.);
#1009=EDGE_CURVE('',#801,#803,#138,.T.);
#1010=EDGE_CURVE('',#779,#802,#38,.T.);
#1011=EDGE_CURVE('',#784,#804,#139,.T.);
#1012=EDGE_CURVE('',#804,#803,#667,.T.);
#1013=EDGE_CURVE('',#805,#806,#39,.T.);
#1014=EDGE_CURVE('',#805,#807,#140,.T.);
#1015=EDGE_CURVE('',#807,#808,#668,.T.);
#1016=EDGE_CURVE('',#808,#809,#141,.T.);
#1017=EDGE_CURVE('',#806,#809,#40,.T.);
#1018=EDGE_CURVE('',#810,#805,#142,.T.);
#1019=EDGE_CURVE('',#811,#810,#143,.T.);
#1020=EDGE_CURVE('',#807,#811,#144,.T.);
#1021=EDGE_CURVE('',#812,#806,#669,.T.);
#1022=EDGE_CURVE('',#813,#812,#145,.T.);
#1023=EDGE_CURVE('',#813,#814,#670,.T.);
#1024=EDGE_CURVE('',#814,#810,#41,.T.);
#1025=EDGE_CURVE('',#815,#793,#42,.T.);
#1026=EDGE_CURVE('',#815,#816,#146,.T.);
#1027=EDGE_CURVE('',#816,#817,#703,.T.);
#1028=EDGE_CURVE('',#817,#790,#147,.T.);
#1029=EDGE_CURVE('',#815,#799,#148,.T.);
#1030=EDGE_CURVE('',#818,#817,#149,.T.);
#1031=EDGE_CURVE('',#819,#818,#150,.T.);
#1032=EDGE_CURVE('',#819,#791,#151,.T.);
#1033=EDGE_CURVE('',#819,#814,#43,.T.);
#1034=EDGE_CURVE('',#818,#811,#671,.T.);
#1035=EDGE_CURVE('',#787,#813,#152,.T.);
#1036=EDGE_CURVE('',#812,#781,#153,.T.);
#1037=EDGE_CURVE('',#783,#809,#154,.T.);
#1038=EDGE_CURVE('',#804,#808,#155,.T.);
#1039=EDGE_CURVE('',#816,#798,#156,.T.);
#1040=EDGE_CURVE('',#820,#821,#704,.T.);
#1041=EDGE_CURVE('',#821,#822,#157,.T.);
#1042=EDGE_CURVE('',#822,#823,#705,.T.);
#1043=EDGE_CURVE('',#823,#820,#158,.T.);
#1044=EDGE_CURVE('',#824,#825,#706,.T.);
#1045=EDGE_CURVE('',#825,#826,#159,.T.);
#1046=EDGE_CURVE('',#826,#822,#707,.T.);
#1047=EDGE_CURVE('',#822,#824,#160,.T.);
#1048=EDGE_CURVE('',#826,#823,#708,.T.);
#1049=EDGE_CURVE('',#827,#824,#709,.T.);
#1050=EDGE_CURVE('',#824,#828,#161,.T.);
#1051=EDGE_CURVE('',#828,#829,#710,.T.);
#1052=EDGE_CURVE('',#829,#827,#162,.T.);
#1053=EDGE_CURVE('',#827,#825,#711,.T.);
#1054=EDGE_CURVE('',#830,#831,#712,.T.);
#1055=EDGE_CURVE('',#831,#832,#163,.T.);
#1056=EDGE_CURVE('',#832,#828,#713,.T.);
#1057=EDGE_CURVE('',#828,#830,#164,.T.);
#1058=EDGE_CURVE('',#832,#829,#714,.T.);
#1059=EDGE_CURVE('',#833,#830,#715,.T.);
#1060=EDGE_CURVE('',#830,#834,#165,.T.);
#1061=EDGE_CURVE('',#834,#835,#716,.T.);
#1062=EDGE_CURVE('',#835,#833,#166,.T.);
#1063=EDGE_CURVE('',#833,#831,#717,.T.);
#1064=EDGE_CURVE('',#836,#834,#718,.T.);
#1065=EDGE_CURVE('',#834,#837,#167,.T.);
#1066=EDGE_CURVE('',#837,#838,#719,.T.);
#1067=EDGE_CURVE('',#838,#836,#168,.T.);
#1068=EDGE_CURVE('',#836,#835,#720,.T.);
#1069=EDGE_CURVE('',#839,#837,#721,.T.);
#1070=EDGE_CURVE('',#837,#840,#169,.T.);
#1071=EDGE_CURVE('',#840,#841,#722,.T.);
#1072=EDGE_CURVE('',#841,#839,#170,.T.);
#1073=EDGE_CURVE('',#839,#838,#723,.T.);
#1074=EDGE_CURVE('',#821,#842,#724,.T.);
#1075=EDGE_CURVE('',#842,#843,#171,.T.);
#1076=EDGE_CURVE('',#843,#840,#725,.T.);
#1077=EDGE_CURVE('',#840,#821,#172,.T.);
#1078=EDGE_CURVE('',#843,#841,#726,.T.);
#1079=EDGE_CURVE('',#820,#842,#727,.T.);
#1080=EDGE_CURVE('',#833,#844,#173,.T.);
#1081=EDGE_CURVE('',#844,#845,#728,.T.);
#1082=EDGE_CURVE('',#845,#831,#174,.T.);
#1083=EDGE_CURVE('',#846,#835,#175,.T.);
#1084=EDGE_CURVE('',#846,#844,#176,.T.);
#1085=EDGE_CURVE('',#836,#847,#177,.T.);
#1086=EDGE_CURVE('',#847,#846,#729,.T.);
#1087=EDGE_CURVE('',#848,#838,#178,.T.);
#1088=EDGE_CURVE('',#849,#848,#179,.T.);
#1089=EDGE_CURVE('',#847,#849,#180,.T.);
#1090=EDGE_CURVE('',#839,#850,#181,.T.);
#1091=EDGE_CURVE('',#850,#851,#44,.T.);
#1092=EDGE_CURVE('',#851,#848,#672,.T.);
#1093=EDGE_CURVE('',#852,#841,#182,.T.);
#1094=EDGE_CURVE('',#850,#852,#183,.T.);
#1095=EDGE_CURVE('',#843,#853,#184,.T.);
#1096=EDGE_CURVE('',#853,#854,#45,.T.);
#1097=EDGE_CURVE('',#854,#855,#673,.T.);
#1098=EDGE_CURVE('',#855,#852,#46,.T.);
#1099=EDGE_CURVE('',#856,#842,#185,.T.);
#1100=EDGE_CURVE('',#857,#856,#674,.T.);
#1101=EDGE_CURVE('',#853,#857,#186,.T.);
#1102=EDGE_CURVE('',#826,#858,#187,.T.);
#1103=EDGE_CURVE('',#858,#859,#47,.T.);
#1104=EDGE_CURVE('',#859,#823,#188,.T.);
#1105=EDGE_CURVE('',#860,#859,#189,.T.);
#1106=EDGE_CURVE('',#861,#860,#190,.T.);
#1107=EDGE_CURVE('',#862,#861,#191,.T.);
#1108=EDGE_CURVE('',#820,#862,#192,.T.);
#1109=EDGE_CURVE('',#858,#863,#675,.T.);
#1110=EDGE_CURVE('',#863,#864,#676,.T.);
#1111=EDGE_CURVE('',#864,#865,#193,.T.);
#1112=EDGE_CURVE('',#866,#865,#48,.T.);
#1113=EDGE_CURVE('',#860,#866,#677,.T.);
#1114=EDGE_CURVE('',#862,#856,#49,.T.);
#1115=EDGE_CURVE('',#861,#867,#678,.T.);
#1116=EDGE_CURVE('',#868,#867,#50,.T.);
#1117=EDGE_CURVE('',#868,#869,#194,.T.);
#1118=EDGE_CURVE('',#869,#857,#679,.T.);
#1119=EDGE_CURVE('',#870,#855,#51,.T.);
#1120=EDGE_CURVE('',#870,#871,#195,.T.);
#1121=EDGE_CURVE('',#851,#871,#52,.T.);
#1122=EDGE_CURVE('',#871,#872,#196,.T.);
#1123=EDGE_CURVE('',#872,#849,#730,.T.);
#1124=EDGE_CURVE('',#873,#872,#197,.T.);
#1125=EDGE_CURVE('',#874,#873,#731,.T.);
#1126=EDGE_CURVE('',#875,#874,#198,.T.);
#1127=EDGE_CURVE('',#876,#875,#680,.T.);
#1128=EDGE_CURVE('',#877,#876,#199,.T.);
#1129=EDGE_CURVE('',#878,#877,#681,.T.);
#1130=EDGE_CURVE('',#879,#878,#200,.T.);
#1131=EDGE_CURVE('',#880,#879,#682,.T.);
#1132=EDGE_CURVE('',#881,#880,#201,.T.);
#1133=EDGE_CURVE('',#882,#881,#683,.T.);
#1134=EDGE_CURVE('',#882,#845,#202,.T.);
#1135=EDGE_CURVE('',#873,#870,#203,.T.);
#1136=EDGE_CURVE('',#827,#883,#204,.T.);
#1137=EDGE_CURVE('',#883,#884,#53,.T.);
#1138=EDGE_CURVE('',#884,#885,#684,.T.);
#1139=EDGE_CURVE('',#885,#886,#54,.T.);
#1140=EDGE_CURVE('',#886,#825,#205,.T.);
#1141=EDGE_CURVE('',#883,#887,#206,.T.);
#1142=EDGE_CURVE('',#888,#887,#55,.T.);
#1143=EDGE_CURVE('',#889,#888,#56,.T.);
#1144=EDGE_CURVE('',#889,#890,#207,.T.);
#1145=EDGE_CURVE('',#884,#890,#57,.T.);
#1146=EDGE_CURVE('',#887,#829,#208,.T.);
#1147=EDGE_CURVE('',#891,#882,#209,.T.);
#1148=EDGE_CURVE('',#832,#891,#210,.T.);
#1149=EDGE_CURVE('',#891,#888,#685,.T.);
#1150=EDGE_CURVE('',#881,#889,#211,.T.);
#1151=EDGE_CURVE('',#890,#880,#212,.T.);
#1152=EDGE_CURVE('',#879,#892,#213,.T.);
#1153=EDGE_CURVE('',#892,#885,#58,.T.);
#1154=EDGE_CURVE('',#892,#864,#214,.T.);
#1155=EDGE_CURVE('',#863,#886,#215,.T.);
#1156=EDGE_CURVE('',#877,#893,#216,.T.);
#1157=EDGE_CURVE('',#893,#866,#59,.T.);
#1158=EDGE_CURVE('',#865,#878,#217,.T.);
#1159=EDGE_CURVE('',#893,#894,#218,.T.);
#1160=EDGE_CURVE('',#867,#894,#60,.T.);
#1161=EDGE_CURVE('',#894,#876,#219,.T.);
#1162=EDGE_CURVE('',#854,#895,#61,.T.);
#1163=EDGE_CURVE('',#895,#874,#220,.T.);
#1164=EDGE_CURVE('',#869,#895,#221,.T.);
#1165=EDGE_CURVE('',#875,#868,#222,.T.);
#1166=ORIENTED_EDGE('',*,*,#896,.F.);
#1167=ORIENTED_EDGE('',*,*,#897,.T.);
#1168=ORIENTED_EDGE('',*,*,#898,.T.);
#1169=ORIENTED_EDGE('',*,*,#899,.T.);
#1170=ORIENTED_EDGE('',*,*,#900,.T.);
#1171=ORIENTED_EDGE('',*,*,#901,.T.);
#1172=ORIENTED_EDGE('',*,*,#896,.T.);
#1173=ORIENTED_EDGE('',*,*,#902,.F.);
#1174=ORIENTED_EDGE('',*,*,#903,.T.);
#1175=ORIENTED_EDGE('',*,*,#904,.T.);
#1176=ORIENTED_EDGE('',*,*,#905,.T.);
#1177=ORIENTED_EDGE('',*,*,#906,.T.);
#1178=ORIENTED_EDGE('',*,*,#907,.T.);
#1179=ORIENTED_EDGE('',*,*,#902,.T.);
#1180=ORIENTED_EDGE('',*,*,#908,.F.);
#1181=ORIENTED_EDGE('',*,*,#909,.T.);
#1182=ORIENTED_EDGE('',*,*,#910,.T.);
#1183=ORIENTED_EDGE('',*,*,#911,.T.);
#1184=ORIENTED_EDGE('',*,*,#912,.T.);
#1185=ORIENTED_EDGE('',*,*,#913,.T.);
#1186=ORIENTED_EDGE('',*,*,#908,.T.);
#1187=ORIENTED_EDGE('',*,*,#914,.T.);
#1188=ORIENTED_EDGE('',*,*,#915,.T.);
#1189=ORIENTED_EDGE('',*,*,#916,.T.);
#1190=ORIENTED_EDGE('',*,*,#917,.T.);
#1191=ORIENTED_EDGE('',*,*,#918,.T.);
#1192=ORIENTED_EDGE('',*,*,#919,.T.);
#1193=ORIENTED_EDGE('',*,*,#920,.F.);
#1194=ORIENTED_EDGE('',*,*,#921,.T.);
#1195=ORIENTED_EDGE('',*,*,#922,.T.);
#1196=ORIENTED_EDGE('',*,*,#923,.T.);
#1197=ORIENTED_EDGE('',*,*,#924,.T.);
#1198=ORIENTED_EDGE('',*,*,#925,.T.);
#1199=ORIENTED_EDGE('',*,*,#920,.T.);
#1200=ORIENTED_EDGE('',*,*,#926,.F.);
#1201=ORIENTED_EDGE('',*,*,#927,.T.);
#1202=ORIENTED_EDGE('',*,*,#928,.T.);
#1203=ORIENTED_EDGE('',*,*,#929,.T.);
#1204=ORIENTED_EDGE('',*,*,#930,.T.);
#1205=ORIENTED_EDGE('',*,*,#931,.T.);
#1206=ORIENTED_EDGE('',*,*,#926,.T.);
#1207=ORIENTED_EDGE('',*,*,#932,.F.);
#1208=ORIENTED_EDGE('',*,*,#933,.T.);
#1209=ORIENTED_EDGE('',*,*,#934,.T.);
#1210=ORIENTED_EDGE('',*,*,#935,.T.);
#1211=ORIENTED_EDGE('',*,*,#936,.T.);
#1212=ORIENTED_EDGE('',*,*,#937,.T.);
#1213=ORIENTED_EDGE('',*,*,#932,.T.);
#1214=ORIENTED_EDGE('',*,*,#900,.F.);
#1215=ORIENTED_EDGE('',*,*,#938,.T.);
#1216=ORIENTED_EDGE('',*,*,#937,.F.);
#1217=ORIENTED_EDGE('',*,*,#939,.T.);
#1218=ORIENTED_EDGE('',*,*,#931,.F.);
#1219=ORIENTED_EDGE('',*,*,#940,.T.);
#1220=ORIENTED_EDGE('',*,*,#936,.F.);
#1221=ORIENTED_EDGE('',*,*,#935,.F.);
#1222=ORIENTED_EDGE('',*,*,#941,.T.);
#1223=ORIENTED_EDGE('',*,*,#925,.F.);
#1224=ORIENTED_EDGE('',*,*,#942,.T.);
#1225=ORIENTED_EDGE('',*,*,#930,.F.);
#1226=ORIENTED_EDGE('',*,*,#929,.F.);
#1227=ORIENTED_EDGE('',*,*,#943,.T.);
#1228=ORIENTED_EDGE('',*,*,#918,.F.);
#1229=ORIENTED_EDGE('',*,*,#944,.T.);
#1230=ORIENTED_EDGE('',*,*,#924,.F.);
#1231=ORIENTED_EDGE('',*,*,#923,.F.);
#1232=ORIENTED_EDGE('',*,*,#945,.T.);
#1233=ORIENTED_EDGE('',*,*,#915,.F.);
#1234=ORIENTED_EDGE('',*,*,#946,.T.);
#1235=ORIENTED_EDGE('',*,*,#917,.F.);
#1236=ORIENTED_EDGE('',*,*,#947,.T.);
#1237=ORIENTED_EDGE('',*,*,#909,.F.);
#1238=ORIENTED_EDGE('',*,*,#913,.F.);
#1239=ORIENTED_EDGE('',*,*,#948,.T.);
#1240=ORIENTED_EDGE('',*,*,#914,.F.);
#1241=ORIENTED_EDGE('',*,*,#949,.T.);
#1242=ORIENTED_EDGE('',*,*,#903,.F.);
#1243=ORIENTED_EDGE('',*,*,#907,.F.);
#1244=ORIENTED_EDGE('',*,*,#950,.T.);
#1245=ORIENTED_EDGE('',*,*,#912,.F.);
#1246=ORIENTED_EDGE('',*,*,#951,.T.);
#1247=ORIENTED_EDGE('',*,*,#897,.F.);
#1248=ORIENTED_EDGE('',*,*,#901,.F.);
#1249=ORIENTED_EDGE('',*,*,#952,.T.);
#1250=ORIENTED_EDGE('',*,*,#906,.F.);
#1251=ORIENTED_EDGE('',*,*,#953,.T.);
#1252=ORIENTED_EDGE('',*,*,#916,.F.);
#1253=ORIENTED_EDGE('',*,*,#954,.T.);
#1254=ORIENTED_EDGE('',*,*,#955,.T.);
#1255=ORIENTED_EDGE('',*,*,#956,.T.);
#1256=ORIENTED_EDGE('',*,*,#947,.F.);
#1257=ORIENTED_EDGE('',*,*,#957,.F.);
#1258=ORIENTED_EDGE('',*,*,#958,.F.);
#1259=ORIENTED_EDGE('',*,*,#954,.F.);
#1260=ORIENTED_EDGE('',*,*,#919,.F.);
#1261=ORIENTED_EDGE('',*,*,#959,.T.);
#1262=ORIENTED_EDGE('',*,*,#960,.T.);
#1263=ORIENTED_EDGE('',*,*,#957,.T.);
#1264=ORIENTED_EDGE('',*,*,#945,.F.);
#1265=ORIENTED_EDGE('',*,*,#961,.F.);
#1266=ORIENTED_EDGE('',*,*,#962,.F.);
#1267=ORIENTED_EDGE('',*,*,#963,.F.);
#1268=ORIENTED_EDGE('',*,*,#959,.F.);
#1269=ORIENTED_EDGE('',*,*,#922,.F.);
#1270=ORIENTED_EDGE('',*,*,#964,.T.);
#1271=ORIENTED_EDGE('',*,*,#965,.F.);
#1272=ORIENTED_EDGE('',*,*,#966,.T.);
#1273=ORIENTED_EDGE('',*,*,#961,.T.);
#1274=ORIENTED_EDGE('',*,*,#921,.F.);
#1275=ORIENTED_EDGE('',*,*,#943,.F.);
#1276=ORIENTED_EDGE('',*,*,#967,.F.);
#1277=ORIENTED_EDGE('',*,*,#968,.T.);
#1278=ORIENTED_EDGE('',*,*,#964,.F.);
#1279=ORIENTED_EDGE('',*,*,#928,.F.);
#1280=ORIENTED_EDGE('',*,*,#969,.T.);
#1281=ORIENTED_EDGE('',*,*,#970,.F.);
#1282=ORIENTED_EDGE('',*,*,#971,.F.);
#1283=ORIENTED_EDGE('',*,*,#972,.F.);
#1284=ORIENTED_EDGE('',*,*,#967,.T.);
#1285=ORIENTED_EDGE('',*,*,#927,.F.);
#1286=ORIENTED_EDGE('',*,*,#941,.F.);
#1287=ORIENTED_EDGE('',*,*,#973,.F.);
#1288=ORIENTED_EDGE('',*,*,#974,.T.);
#1289=ORIENTED_EDGE('',*,*,#969,.F.);
#1290=ORIENTED_EDGE('',*,*,#934,.F.);
#1291=ORIENTED_EDGE('',*,*,#975,.T.);
#1292=ORIENTED_EDGE('',*,*,#976,.F.);
#1293=ORIENTED_EDGE('',*,*,#977,.F.);
#1294=ORIENTED_EDGE('',*,*,#973,.T.);
#1295=ORIENTED_EDGE('',*,*,#939,.F.);
#1296=ORIENTED_EDGE('',*,*,#940,.F.);
#1297=ORIENTED_EDGE('',*,*,#942,.F.);
#1298=ORIENTED_EDGE('',*,*,#944,.F.);
#1299=ORIENTED_EDGE('',*,*,#946,.F.);
#1300=ORIENTED_EDGE('',*,*,#948,.F.);
#1301=ORIENTED_EDGE('',*,*,#950,.F.);
#1302=ORIENTED_EDGE('',*,*,#952,.F.);
#1303=ORIENTED_EDGE('',*,*,#977,.T.);
#1304=ORIENTED_EDGE('',*,*,#978,.T.);
#1305=ORIENTED_EDGE('',*,*,#979,.F.);
#1306=ORIENTED_EDGE('',*,*,#980,.T.);
#1307=ORIENTED_EDGE('',*,*,#970,.T.);
#1308=ORIENTED_EDGE('',*,*,#974,.F.);
#1309=ORIENTED_EDGE('',*,*,#898,.F.);
#1310=ORIENTED_EDGE('',*,*,#981,.T.);
#1311=ORIENTED_EDGE('',*,*,#982,.F.);
#1312=ORIENTED_EDGE('',*,*,#983,.F.);
#1313=ORIENTED_EDGE('',*,*,#984,.T.);
#1314=ORIENTED_EDGE('',*,*,#982,.T.);
#1315=ORIENTED_EDGE('',*,*,#985,.F.);
#1316=ORIENTED_EDGE('',*,*,#986,.T.);
#1317=ORIENTED_EDGE('',*,*,#987,.T.);
#1318=ORIENTED_EDGE('',*,*,#988,.F.);
#1319=ORIENTED_EDGE('',*,*,#989,.T.);
#1320=ORIENTED_EDGE('',*,*,#905,.F.);
#1321=ORIENTED_EDGE('',*,*,#990,.F.);
#1322=ORIENTED_EDGE('',*,*,#985,.T.);
#1323=ORIENTED_EDGE('',*,*,#981,.F.);
#1324=ORIENTED_EDGE('',*,*,#953,.F.);
#1325=ORIENTED_EDGE('',*,*,#904,.F.);
#1326=ORIENTED_EDGE('',*,*,#991,.T.);
#1327=ORIENTED_EDGE('',*,*,#992,.F.);
#1328=ORIENTED_EDGE('',*,*,#993,.F.);
#1329=ORIENTED_EDGE('',*,*,#986,.F.);
#1330=ORIENTED_EDGE('',*,*,#990,.T.);
#1331=ORIENTED_EDGE('',*,*,#910,.F.);
#1332=ORIENTED_EDGE('',*,*,#994,.T.);
#1333=ORIENTED_EDGE('',*,*,#995,.F.);
#1334=ORIENTED_EDGE('',*,*,#996,.F.);
#1335=ORIENTED_EDGE('',*,*,#997,.T.);
#1336=ORIENTED_EDGE('',*,*,#949,.F.);
#1337=ORIENTED_EDGE('',*,*,#956,.F.);
#1338=ORIENTED_EDGE('',*,*,#998,.F.);
#1339=ORIENTED_EDGE('',*,*,#999,.F.);
#1340=ORIENTED_EDGE('',*,*,#994,.F.);
#1341=ORIENTED_EDGE('',*,*,#911,.F.);
#1342=ORIENTED_EDGE('',*,*,#997,.F.);
#1343=ORIENTED_EDGE('',*,*,#1000,.T.);
#1344=ORIENTED_EDGE('',*,*,#991,.F.);
#1345=ORIENTED_EDGE('',*,*,#951,.F.);
#1346=ORIENTED_EDGE('',*,*,#995,.T.);
#1347=ORIENTED_EDGE('',*,*,#999,.T.);
#1348=ORIENTED_EDGE('',*,*,#1001,.T.);
#1349=ORIENTED_EDGE('',*,*,#1002,.T.);
#1350=ORIENTED_EDGE('',*,*,#1003,.F.);
#1351=ORIENTED_EDGE('',*,*,#1004,.F.);
#1352=ORIENTED_EDGE('',*,*,#1005,.T.);
#1353=ORIENTED_EDGE('',*,*,#1006,.T.);
#1354=ORIENTED_EDGE('',*,*,#962,.T.);
#1355=ORIENTED_EDGE('',*,*,#966,.F.);
#1356=ORIENTED_EDGE('',*,*,#1005,.F.);
#1357=ORIENTED_EDGE('',*,*,#1007,.T.);
#1358=ORIENTED_EDGE('',*,*,#1008,.F.);
#1359=ORIENTED_EDGE('',*,*,#1009,.F.);
#1360=ORIENTED_EDGE('',*,*,#972,.T.);
#1361=ORIENTED_EDGE('',*,*,#1010,.T.);
#1362=ORIENTED_EDGE('',*,*,#1007,.F.);
#1363=ORIENTED_EDGE('',*,*,#1004,.T.);
#1364=ORIENTED_EDGE('',*,*,#965,.T.);
#1365=ORIENTED_EDGE('',*,*,#968,.F.);
#1366=ORIENTED_EDGE('',*,*,#971,.T.);
#1367=ORIENTED_EDGE('',*,*,#980,.F.);
#1368=ORIENTED_EDGE('',*,*,#1011,.T.);
#1369=ORIENTED_EDGE('',*,*,#1012,.T.);
#1370=ORIENTED_EDGE('',*,*,#1008,.T.);
#1371=ORIENTED_EDGE('',*,*,#1010,.F.);
#1372=ORIENTED_EDGE('',*,*,#1013,.F.);
#1373=ORIENTED_EDGE('',*,*,#1014,.T.);
#1374=ORIENTED_EDGE('',*,*,#1015,.T.);
#1375=ORIENTED_EDGE('',*,*,#1016,.T.);
#1376=ORIENTED_EDGE('',*,*,#1017,.F.);
#1377=ORIENTED_EDGE('',*,*,#1014,.F.);
#1378=ORIENTED_EDGE('',*,*,#1018,.F.);
#1379=ORIENTED_EDGE('',*,*,#1019,.F.);
#1380=ORIENTED_EDGE('',*,*,#1020,.F.);
#1381=ORIENTED_EDGE('',*,*,#1013,.T.);
#1382=ORIENTED_EDGE('',*,*,#1021,.F.);
#1383=ORIENTED_EDGE('',*,*,#1022,.F.);
#1384=ORIENTED_EDGE('',*,*,#1023,.T.);
#1385=ORIENTED_EDGE('',*,*,#1024,.T.);
#1386=ORIENTED_EDGE('',*,*,#1018,.T.);
#1387=ORIENTED_EDGE('',*,*,#993,.T.);
#1388=ORIENTED_EDGE('',*,*,#1025,.F.);
#1389=ORIENTED_EDGE('',*,*,#1026,.T.);
#1390=ORIENTED_EDGE('',*,*,#1027,.T.);
#1391=ORIENTED_EDGE('',*,*,#1028,.T.);
#1392=ORIENTED_EDGE('',*,*,#987,.F.);
#1393=ORIENTED_EDGE('',*,*,#992,.T.);
#1394=ORIENTED_EDGE('',*,*,#1000,.F.);
#1395=ORIENTED_EDGE('',*,*,#996,.T.);
#1396=ORIENTED_EDGE('',*,*,#1003,.T.);
#1397=ORIENTED_EDGE('',*,*,#1029,.F.);
#1398=ORIENTED_EDGE('',*,*,#1025,.T.);
#1399=ORIENTED_EDGE('',*,*,#1028,.F.);
#1400=ORIENTED_EDGE('',*,*,#1030,.F.);
#1401=ORIENTED_EDGE('',*,*,#1031,.F.);
#1402=ORIENTED_EDGE('',*,*,#1032,.T.);
#1403=ORIENTED_EDGE('',*,*,#988,.T.);
#1404=ORIENTED_EDGE('',*,*,#1033,.F.);
#1405=ORIENTED_EDGE('',*,*,#1031,.T.);
#1406=ORIENTED_EDGE('',*,*,#1034,.T.);
#1407=ORIENTED_EDGE('',*,*,#1019,.T.);
#1408=ORIENTED_EDGE('',*,*,#1024,.F.);
#1409=ORIENTED_EDGE('',*,*,#983,.T.);
#1410=ORIENTED_EDGE('',*,*,#989,.F.);
#1411=ORIENTED_EDGE('',*,*,#1032,.F.);
#1412=ORIENTED_EDGE('',*,*,#1033,.T.);
#1413=ORIENTED_EDGE('',*,*,#1023,.F.);
#1414=ORIENTED_EDGE('',*,*,#1035,.F.);
#1415=ORIENTED_EDGE('',*,*,#976,.T.);
#1416=ORIENTED_EDGE('',*,*,#1036,.F.);
#1417=ORIENTED_EDGE('',*,*,#1021,.T.);
#1418=ORIENTED_EDGE('',*,*,#1017,.T.);
#1419=ORIENTED_EDGE('',*,*,#1037,.F.);
#1420=ORIENTED_EDGE('',*,*,#978,.F.);
#1421=ORIENTED_EDGE('',*,*,#1011,.F.);
#1422=ORIENTED_EDGE('',*,*,#979,.T.);
#1423=ORIENTED_EDGE('',*,*,#1037,.T.);
#1424=ORIENTED_EDGE('',*,*,#1016,.F.);
#1425=ORIENTED_EDGE('',*,*,#1038,.F.);
#1426=ORIENTED_EDGE('',*,*,#1002,.F.);
#1427=ORIENTED_EDGE('',*,*,#1039,.F.);
#1428=ORIENTED_EDGE('',*,*,#1026,.F.);
#1429=ORIENTED_EDGE('',*,*,#1029,.T.);
#1430=ORIENTED_EDGE('',*,*,#899,.F.);
#1431=ORIENTED_EDGE('',*,*,#984,.F.);
#1432=ORIENTED_EDGE('',*,*,#1035,.T.);
#1433=ORIENTED_EDGE('',*,*,#1022,.T.);
#1434=ORIENTED_EDGE('',*,*,#1036,.T.);
#1435=ORIENTED_EDGE('',*,*,#975,.F.);
#1436=ORIENTED_EDGE('',*,*,#933,.F.);
#1437=ORIENTED_EDGE('',*,*,#938,.F.);
#1438=ORIENTED_EDGE('',*,*,#1040,.T.);
#1439=ORIENTED_EDGE('',*,*,#1041,.T.);
#1440=ORIENTED_EDGE('',*,*,#1042,.T.);
#1441=ORIENTED_EDGE('',*,*,#1043,.T.);
#1442=ORIENTED_EDGE('',*,*,#1044,.T.);
#1443=ORIENTED_EDGE('',*,*,#1045,.T.);
#1444=ORIENTED_EDGE('',*,*,#1046,.T.);
#1445=ORIENTED_EDGE('',*,*,#1047,.T.);
#1446=ORIENTED_EDGE('',*,*,#1046,.F.);
#1447=ORIENTED_EDGE('',*,*,#1048,.T.);
#1448=ORIENTED_EDGE('',*,*,#1042,.F.);
#1449=ORIENTED_EDGE('',*,*,#1049,.T.);
#1450=ORIENTED_EDGE('',*,*,#1050,.T.);
#1451=ORIENTED_EDGE('',*,*,#1051,.T.);
#1452=ORIENTED_EDGE('',*,*,#1052,.T.);
#1453=ORIENTED_EDGE('',*,*,#1049,.F.);
#1454=ORIENTED_EDGE('',*,*,#1053,.T.);
#1455=ORIENTED_EDGE('',*,*,#1044,.F.);
#1456=ORIENTED_EDGE('',*,*,#1054,.T.);
#1457=ORIENTED_EDGE('',*,*,#1055,.T.);
#1458=ORIENTED_EDGE('',*,*,#1056,.T.);
#1459=ORIENTED_EDGE('',*,*,#1057,.T.);
#1460=ORIENTED_EDGE('',*,*,#1056,.F.);
#1461=ORIENTED_EDGE('',*,*,#1058,.T.);
#1462=ORIENTED_EDGE('',*,*,#1051,.F.);
#1463=ORIENTED_EDGE('',*,*,#1059,.T.);
#1464=ORIENTED_EDGE('',*,*,#1060,.T.);
#1465=ORIENTED_EDGE('',*,*,#1061,.T.);
#1466=ORIENTED_EDGE('',*,*,#1062,.T.);
#1467=ORIENTED_EDGE('',*,*,#1059,.F.);
#1468=ORIENTED_EDGE('',*,*,#1063,.T.);
#1469=ORIENTED_EDGE('',*,*,#1054,.F.);
#1470=ORIENTED_EDGE('',*,*,#1064,.T.);
#1471=ORIENTED_EDGE('',*,*,#1065,.T.);
#1472=ORIENTED_EDGE('',*,*,#1066,.T.);
#1473=ORIENTED_EDGE('',*,*,#1067,.T.);
#1474=ORIENTED_EDGE('',*,*,#1064,.F.);
#1475=ORIENTED_EDGE('',*,*,#1068,.T.);
#1476=ORIENTED_EDGE('',*,*,#1061,.F.);
#1477=ORIENTED_EDGE('',*,*,#1069,.T.);
#1478=ORIENTED_EDGE('',*,*,#1070,.T.);
#1479=ORIENTED_EDGE('',*,*,#1071,.T.);
#1480=ORIENTED_EDGE('',*,*,#1072,.T.);
#1481=ORIENTED_EDGE('',*,*,#1069,.F.);
#1482=ORIENTED_EDGE('',*,*,#1073,.T.);
#1483=ORIENTED_EDGE('',*,*,#1066,.F.);
#1484=ORIENTED_EDGE('',*,*,#1074,.T.);
#1485=ORIENTED_EDGE('',*,*,#1075,.T.);
#1486=ORIENTED_EDGE('',*,*,#1076,.T.);
#1487=ORIENTED_EDGE('',*,*,#1077,.T.);
#1488=ORIENTED_EDGE('',*,*,#1076,.F.);
#1489=ORIENTED_EDGE('',*,*,#1078,.T.);
#1490=ORIENTED_EDGE('',*,*,#1071,.F.);
#1491=ORIENTED_EDGE('',*,*,#1040,.F.);
#1492=ORIENTED_EDGE('',*,*,#1079,.T.);
#1493=ORIENTED_EDGE('',*,*,#1074,.F.);
#1494=ORIENTED_EDGE('',*,*,#1063,.F.);
#1495=ORIENTED_EDGE('',*,*,#1080,.T.);
#1496=ORIENTED_EDGE('',*,*,#1081,.T.);
#1497=ORIENTED_EDGE('',*,*,#1082,.T.);
#1498=ORIENTED_EDGE('',*,*,#1062,.F.);
#1499=ORIENTED_EDGE('',*,*,#1083,.F.);
#1500=ORIENTED_EDGE('',*,*,#1084,.T.);
#1501=ORIENTED_EDGE('',*,*,#1080,.F.);
#1502=ORIENTED_EDGE('',*,*,#1068,.F.);
#1503=ORIENTED_EDGE('',*,*,#1085,.T.);
#1504=ORIENTED_EDGE('',*,*,#1086,.T.);
#1505=ORIENTED_EDGE('',*,*,#1083,.T.);
#1506=ORIENTED_EDGE('',*,*,#1067,.F.);
#1507=ORIENTED_EDGE('',*,*,#1087,.F.);
#1508=ORIENTED_EDGE('',*,*,#1088,.F.);
#1509=ORIENTED_EDGE('',*,*,#1089,.F.);
#1510=ORIENTED_EDGE('',*,*,#1085,.F.);
#1511=ORIENTED_EDGE('',*,*,#1073,.F.);
#1512=ORIENTED_EDGE('',*,*,#1090,.T.);
#1513=ORIENTED_EDGE('',*,*,#1091,.T.);
#1514=ORIENTED_EDGE('',*,*,#1092,.T.);
#1515=ORIENTED_EDGE('',*,*,#1087,.T.);
#1516=ORIENTED_EDGE('',*,*,#1072,.F.);
#1517=ORIENTED_EDGE('',*,*,#1093,.F.);
#1518=ORIENTED_EDGE('',*,*,#1094,.F.);
#1519=ORIENTED_EDGE('',*,*,#1090,.F.);
#1520=ORIENTED_EDGE('',*,*,#1078,.F.);
#1521=ORIENTED_EDGE('',*,*,#1095,.T.);
#1522=ORIENTED_EDGE('',*,*,#1096,.T.);
#1523=ORIENTED_EDGE('',*,*,#1097,.T.);
#1524=ORIENTED_EDGE('',*,*,#1098,.T.);
#1525=ORIENTED_EDGE('',*,*,#1093,.T.);
#1526=ORIENTED_EDGE('',*,*,#1075,.F.);
#1527=ORIENTED_EDGE('',*,*,#1099,.F.);
#1528=ORIENTED_EDGE('',*,*,#1100,.F.);
#1529=ORIENTED_EDGE('',*,*,#1101,.F.);
#1530=ORIENTED_EDGE('',*,*,#1095,.F.);
#1531=ORIENTED_EDGE('',*,*,#1041,.F.);
#1532=ORIENTED_EDGE('',*,*,#1077,.F.);
#1533=ORIENTED_EDGE('',*,*,#1070,.F.);
#1534=ORIENTED_EDGE('',*,*,#1065,.F.);
#1535=ORIENTED_EDGE('',*,*,#1060,.F.);
#1536=ORIENTED_EDGE('',*,*,#1057,.F.);
#1537=ORIENTED_EDGE('',*,*,#1050,.F.);
#1538=ORIENTED_EDGE('',*,*,#1047,.F.);
#1539=ORIENTED_EDGE('',*,*,#1048,.F.);
#1540=ORIENTED_EDGE('',*,*,#1102,.T.);
#1541=ORIENTED_EDGE('',*,*,#1103,.T.);
#1542=ORIENTED_EDGE('',*,*,#1104,.T.);
#1543=ORIENTED_EDGE('',*,*,#1043,.F.);
#1544=ORIENTED_EDGE('',*,*,#1104,.F.);
#1545=ORIENTED_EDGE('',*,*,#1105,.F.);
#1546=ORIENTED_EDGE('',*,*,#1106,.F.);
#1547=ORIENTED_EDGE('',*,*,#1107,.F.);
#1548=ORIENTED_EDGE('',*,*,#1108,.F.);
#1549=ORIENTED_EDGE('',*,*,#1103,.F.);
#1550=ORIENTED_EDGE('',*,*,#1109,.T.);
#1551=ORIENTED_EDGE('',*,*,#1110,.T.);
#1552=ORIENTED_EDGE('',*,*,#1111,.T.);
#1553=ORIENTED_EDGE('',*,*,#1112,.F.);
#1554=ORIENTED_EDGE('',*,*,#1113,.F.);
#1555=ORIENTED_EDGE('',*,*,#1105,.T.);
#1556=ORIENTED_EDGE('',*,*,#1079,.F.);
#1557=ORIENTED_EDGE('',*,*,#1108,.T.);
#1558=ORIENTED_EDGE('',*,*,#1114,.T.);
#1559=ORIENTED_EDGE('',*,*,#1099,.T.);
#1560=ORIENTED_EDGE('',*,*,#1114,.F.);
#1561=ORIENTED_EDGE('',*,*,#1107,.T.);
#1562=ORIENTED_EDGE('',*,*,#1115,.T.);
#1563=ORIENTED_EDGE('',*,*,#1116,.F.);
#1564=ORIENTED_EDGE('',*,*,#1117,.T.);
#1565=ORIENTED_EDGE('',*,*,#1118,.T.);
#1566=ORIENTED_EDGE('',*,*,#1100,.T.);
#1567=ORIENTED_EDGE('',*,*,#1098,.F.);
#1568=ORIENTED_EDGE('',*,*,#1119,.F.);
#1569=ORIENTED_EDGE('',*,*,#1120,.T.);
#1570=ORIENTED_EDGE('',*,*,#1121,.F.);
#1571=ORIENTED_EDGE('',*,*,#1091,.F.);
#1572=ORIENTED_EDGE('',*,*,#1094,.T.);
#1573=ORIENTED_EDGE('',*,*,#1092,.F.);
#1574=ORIENTED_EDGE('',*,*,#1121,.T.);
#1575=ORIENTED_EDGE('',*,*,#1122,.T.);
#1576=ORIENTED_EDGE('',*,*,#1123,.T.);
#1577=ORIENTED_EDGE('',*,*,#1088,.T.);
#1578=ORIENTED_EDGE('',*,*,#1123,.F.);
#1579=ORIENTED_EDGE('',*,*,#1124,.F.);
#1580=ORIENTED_EDGE('',*,*,#1125,.F.);
#1581=ORIENTED_EDGE('',*,*,#1126,.F.);
#1582=ORIENTED_EDGE('',*,*,#1127,.F.);
#1583=ORIENTED_EDGE('',*,*,#1128,.F.);
#1584=ORIENTED_EDGE('',*,*,#1129,.F.);
#1585=ORIENTED_EDGE('',*,*,#1130,.F.);
#1586=ORIENTED_EDGE('',*,*,#1131,.F.);
#1587=ORIENTED_EDGE('',*,*,#1132,.F.);
#1588=ORIENTED_EDGE('',*,*,#1133,.F.);
#1589=ORIENTED_EDGE('',*,*,#1134,.T.);
#1590=ORIENTED_EDGE('',*,*,#1081,.F.);
#1591=ORIENTED_EDGE('',*,*,#1084,.F.);
#1592=ORIENTED_EDGE('',*,*,#1086,.F.);
#1593=ORIENTED_EDGE('',*,*,#1089,.T.);
#1594=ORIENTED_EDGE('',*,*,#998,.T.);
#1595=ORIENTED_EDGE('',*,*,#955,.F.);
#1596=ORIENTED_EDGE('',*,*,#958,.T.);
#1597=ORIENTED_EDGE('',*,*,#960,.F.);
#1598=ORIENTED_EDGE('',*,*,#963,.T.);
#1599=ORIENTED_EDGE('',*,*,#1006,.F.);
#1600=ORIENTED_EDGE('',*,*,#1009,.T.);
#1601=ORIENTED_EDGE('',*,*,#1012,.F.);
#1602=ORIENTED_EDGE('',*,*,#1038,.T.);
#1603=ORIENTED_EDGE('',*,*,#1015,.F.);
#1604=ORIENTED_EDGE('',*,*,#1020,.T.);
#1605=ORIENTED_EDGE('',*,*,#1034,.F.);
#1606=ORIENTED_EDGE('',*,*,#1030,.T.);
#1607=ORIENTED_EDGE('',*,*,#1027,.F.);
#1608=ORIENTED_EDGE('',*,*,#1039,.T.);
#1609=ORIENTED_EDGE('',*,*,#1001,.F.);
#1610=ORIENTED_EDGE('',*,*,#1122,.F.);
#1611=ORIENTED_EDGE('',*,*,#1120,.F.);
#1612=ORIENTED_EDGE('',*,*,#1135,.F.);
#1613=ORIENTED_EDGE('',*,*,#1124,.T.);
#1614=ORIENTED_EDGE('',*,*,#1053,.F.);
#1615=ORIENTED_EDGE('',*,*,#1136,.T.);
#1616=ORIENTED_EDGE('',*,*,#1137,.T.);
#1617=ORIENTED_EDGE('',*,*,#1138,.T.);
#1618=ORIENTED_EDGE('',*,*,#1139,.T.);
#1619=ORIENTED_EDGE('',*,*,#1140,.T.);
#1620=ORIENTED_EDGE('',*,*,#1137,.F.);
#1621=ORIENTED_EDGE('',*,*,#1141,.T.);
#1622=ORIENTED_EDGE('',*,*,#1142,.F.);
#1623=ORIENTED_EDGE('',*,*,#1143,.F.);
#1624=ORIENTED_EDGE('',*,*,#1144,.T.);
#1625=ORIENTED_EDGE('',*,*,#1145,.F.);
#1626=ORIENTED_EDGE('',*,*,#1052,.F.);
#1627=ORIENTED_EDGE('',*,*,#1146,.F.);
#1628=ORIENTED_EDGE('',*,*,#1141,.F.);
#1629=ORIENTED_EDGE('',*,*,#1136,.F.);
#1630=ORIENTED_EDGE('',*,*,#1055,.F.);
#1631=ORIENTED_EDGE('',*,*,#1082,.F.);
#1632=ORIENTED_EDGE('',*,*,#1134,.F.);
#1633=ORIENTED_EDGE('',*,*,#1147,.F.);
#1634=ORIENTED_EDGE('',*,*,#1148,.F.);
#1635=ORIENTED_EDGE('',*,*,#1058,.F.);
#1636=ORIENTED_EDGE('',*,*,#1148,.T.);
#1637=ORIENTED_EDGE('',*,*,#1149,.T.);
#1638=ORIENTED_EDGE('',*,*,#1142,.T.);
#1639=ORIENTED_EDGE('',*,*,#1146,.T.);
#1640=ORIENTED_EDGE('',*,*,#1149,.F.);
#1641=ORIENTED_EDGE('',*,*,#1147,.T.);
#1642=ORIENTED_EDGE('',*,*,#1133,.T.);
#1643=ORIENTED_EDGE('',*,*,#1150,.T.);
#1644=ORIENTED_EDGE('',*,*,#1143,.T.);
#1645=ORIENTED_EDGE('',*,*,#1150,.F.);
#1646=ORIENTED_EDGE('',*,*,#1132,.T.);
#1647=ORIENTED_EDGE('',*,*,#1151,.F.);
#1648=ORIENTED_EDGE('',*,*,#1144,.F.);
#1649=ORIENTED_EDGE('',*,*,#1138,.F.);
#1650=ORIENTED_EDGE('',*,*,#1145,.T.);
#1651=ORIENTED_EDGE('',*,*,#1151,.T.);
#1652=ORIENTED_EDGE('',*,*,#1131,.T.);
#1653=ORIENTED_EDGE('',*,*,#1152,.T.);
#1654=ORIENTED_EDGE('',*,*,#1153,.T.);
#1655=ORIENTED_EDGE('',*,*,#1139,.F.);
#1656=ORIENTED_EDGE('',*,*,#1153,.F.);
#1657=ORIENTED_EDGE('',*,*,#1154,.T.);
#1658=ORIENTED_EDGE('',*,*,#1110,.F.);
#1659=ORIENTED_EDGE('',*,*,#1155,.T.);
#1660=ORIENTED_EDGE('',*,*,#1129,.T.);
#1661=ORIENTED_EDGE('',*,*,#1156,.T.);
#1662=ORIENTED_EDGE('',*,*,#1157,.T.);
#1663=ORIENTED_EDGE('',*,*,#1112,.T.);
#1664=ORIENTED_EDGE('',*,*,#1158,.T.);
#1665=ORIENTED_EDGE('',*,*,#1157,.F.);
#1666=ORIENTED_EDGE('',*,*,#1159,.T.);
#1667=ORIENTED_EDGE('',*,*,#1160,.F.);
#1668=ORIENTED_EDGE('',*,*,#1115,.F.);
#1669=ORIENTED_EDGE('',*,*,#1106,.T.);
#1670=ORIENTED_EDGE('',*,*,#1113,.T.);
#1671=ORIENTED_EDGE('',*,*,#1156,.F.);
#1672=ORIENTED_EDGE('',*,*,#1128,.T.);
#1673=ORIENTED_EDGE('',*,*,#1161,.F.);
#1674=ORIENTED_EDGE('',*,*,#1159,.F.);
#1675=ORIENTED_EDGE('',*,*,#1097,.F.);
#1676=ORIENTED_EDGE('',*,*,#1162,.T.);
#1677=ORIENTED_EDGE('',*,*,#1163,.T.);
#1678=ORIENTED_EDGE('',*,*,#1125,.T.);
#1679=ORIENTED_EDGE('',*,*,#1135,.T.);
#1680=ORIENTED_EDGE('',*,*,#1119,.T.);
#1681=ORIENTED_EDGE('',*,*,#1163,.F.);
#1682=ORIENTED_EDGE('',*,*,#1164,.F.);
#1683=ORIENTED_EDGE('',*,*,#1117,.F.);
#1684=ORIENTED_EDGE('',*,*,#1165,.F.);
#1685=ORIENTED_EDGE('',*,*,#1126,.T.);
#1686=ORIENTED_EDGE('',*,*,#1096,.F.);
#1687=ORIENTED_EDGE('',*,*,#1101,.T.);
#1688=ORIENTED_EDGE('',*,*,#1118,.F.);
#1689=ORIENTED_EDGE('',*,*,#1164,.T.);
#1690=ORIENTED_EDGE('',*,*,#1162,.F.);
#1691=ORIENTED_EDGE('',*,*,#1160,.T.);
#1692=ORIENTED_EDGE('',*,*,#1161,.T.);
#1693=ORIENTED_EDGE('',*,*,#1127,.T.);
#1694=ORIENTED_EDGE('',*,*,#1165,.T.);
#1695=ORIENTED_EDGE('',*,*,#1116,.T.);
#1696=ORIENTED_EDGE('',*,*,#1152,.F.);
#1697=ORIENTED_EDGE('',*,*,#1130,.T.);
#1698=ORIENTED_EDGE('',*,*,#1158,.F.);
#1699=ORIENTED_EDGE('',*,*,#1111,.F.);
#1700=ORIENTED_EDGE('',*,*,#1154,.F.);
#1701=ORIENTED_EDGE('',*,*,#1045,.F.);
#1702=ORIENTED_EDGE('',*,*,#1140,.F.);
#1703=ORIENTED_EDGE('',*,*,#1155,.F.);
#1704=ORIENTED_EDGE('',*,*,#1109,.F.);
#1705=ORIENTED_EDGE('',*,*,#1102,.F.);
#1706=B_SPLINE_SURFACE_WITH_KNOTS('',3,3,((#2563,#2564,#2565,#2566),(#2567,
#2568,#2569,#2570),(#2571,#2572,#2573,#2574),(#2575,#2576,#2577,#2578)),
 .UNSPECIFIED.,.F.,.F.,.F.,(4,4),(4,4),(0.,1.),(-0.335638550327608,-0.172419099293456),
 .UNSPECIFIED.);
#1707=B_SPLINE_SURFACE_WITH_KNOTS('',3,3,((#2587,#2588,#2589,#2590),(#2591,
#2592,#2593,#2594),(#2595,#2596,#2597,#2598),(#2599,#2600,#2601,#2602)),
 .UNSPECIFIED.,.F.,.F.,.F.,(4,4),(4,4),(0.,1.),(0.703638951304738,1.5707963267949),
 .UNSPECIFIED.);
#1708=B_SPLINE_SURFACE_WITH_KNOTS('',3,3,((#2606,#2607,#2608,#2609),(#2610,
#2611,#2612,#2613),(#2614,#2615,#2616,#2617),(#2618,#2619,#2620,#2621)),
 .UNSPECIFIED.,.F.,.F.,.F.,(4,4),(4,4),(0.,1.),(-0.372347892433909,-0.204276284597239),
 .UNSPECIFIED.);
#1709=B_SPLINE_SURFACE_WITH_KNOTS('',3,3,((#2630,#2631,#2632,#2633),(#2634,
#2635,#2636,#2637),(#2638,#2639,#2640,#2641),(#2642,#2643,#2644,#2645)),
 .UNSPECIFIED.,.F.,.F.,.F.,(4,4),(4,4),(0.,1.),(0.540419500270584,1.5707963267949),
 .UNSPECIFIED.);
#1710=B_SPLINE_SURFACE_WITH_KNOTS('',3,3,((#2649,#2650,#2651,#2652),(#2653,
#2654,#2655,#2656),(#2657,#2658,#2659,#2660),(#2661,#2662,#2663,#2664)),
 .UNSPECIFIED.,.F.,.F.,.F.,(4,4),(4,4),(0.,1.),(-0.47517684949809,-0.102828957064167),
 .UNSPECIFIED.);
#1711=B_SPLINE_SURFACE_WITH_KNOTS('',3,3,((#2673,#2674,#2675,#2676),(#2677,
#2678,#2679,#2680),(#2681,#2682,#2683,#2684),(#2685,#2686,#2687,#2688)),
 .UNSPECIFIED.,.F.,.F.,.F.,(4,4),(4,4),(0.,1.),(0.372347892433927,1.57079632679489),
 .UNSPECIFIED.);
#1712=B_SPLINE_SURFACE_WITH_KNOTS('',3,3,((#2692,#2693,#2694,#2695,#2696),
(#2697,#2698,#2699,#2700,#2701),(#2702,#2703,#2704,#2705,#2706),(#2707,
#2708,#2709,#2710,#2711)),.UNSPECIFIED.,.F.,.F.,.F.,(4,4),(4,1,4),(0.,1.),
(-3.64246399155235E-15,0.897597901025653,1.5707963267949),.UNSPECIFIED.);
#1713=B_SPLINE_SURFACE_WITH_KNOTS('',3,3,((#2718,#2719,#2720,#2721,#2722),
(#2723,#2724,#2725,#2726,#2727),(#2728,#2729,#2730,#2731,#2732),(#2733,
#2734,#2735,#2736,#2737)),.UNSPECIFIED.,.F.,.F.,.F.,(4,4),(4,1,4),(0.,1.),
(-8.27268107036692E-17,0.897597901025655,1.5707963267949),.UNSPECIFIED.);
#1714=B_SPLINE_SURFACE_WITH_KNOTS('',3,3,((#2744,#2745,#2746,#2747),(#2748,
#2749,#2750,#2751),(#2752,#2753,#2754,#2755),(#2756,#2757,#2758,#2759)),
 .UNSPECIFIED.,.F.,.F.,.F.,(4,4),(4,4),(0.,1.),(-0.475176849498095,-0.102828957064168),
 .UNSPECIFIED.);
#1715=B_SPLINE_SURFACE_WITH_KNOTS('',3,3,((#2768,#2769,#2770,#2771),(#2772,
#2773,#2774,#2775),(#2776,#2777,#2778,#2779),(#2780,#2781,#2782,#2783)),
 .UNSPECIFIED.,.F.,.F.,.F.,(4,4),(4,4),(0.,1.),(0.372347892433928,1.57079632679489),
 .UNSPECIFIED.);
#1716=B_SPLINE_SURFACE_WITH_KNOTS('',3,3,((#2787,#2788,#2789,#2790),(#2791,
#2792,#2793,#2794),(#2795,#2796,#2797,#2798),(#2799,#2800,#2801,#2802)),
 .UNSPECIFIED.,.F.,.F.,.F.,(4,4),(4,4),(0.,1.),(-0.372347892433909,-0.204276284597242),
 .UNSPECIFIED.);
#1717=B_SPLINE_SURFACE_WITH_KNOTS('',3,3,((#2811,#2812,#2813,#2814),(#2815,
#2816,#2817,#2818),(#2819,#2820,#2821,#2822),(#2823,#2824,#2825,#2826)),
 .UNSPECIFIED.,.F.,.F.,.F.,(4,4),(4,4),(0.,1.),(0.540419500270582,1.5707963267949),
 .UNSPECIFIED.);
#1718=B_SPLINE_SURFACE_WITH_KNOTS('',3,3,((#2830,#2831,#2832,#2833),(#2834,
#2835,#2836,#2837),(#2838,#2839,#2840,#2841),(#2842,#2843,#2844,#2845)),
 .UNSPECIFIED.,.F.,.F.,.F.,(4,4),(4,4),(0.,1.),(-0.335638550327607,-0.172419099293454),
 .UNSPECIFIED.);
#1719=B_SPLINE_SURFACE_WITH_KNOTS('',3,3,((#2854,#2855,#2856,#2857),(#2858,
#2859,#2860,#2861),(#2862,#2863,#2864,#2865),(#2866,#2867,#2868,#2869)),
 .UNSPECIFIED.,.F.,.F.,.F.,(4,4),(4,4),(0.,1.),(0.703638951304737,1.57079632679489),
 .UNSPECIFIED.);
#1720=ADVANCED_FACE('',(#413),#1706,.T.);
#1721=ADVANCED_FACE('',(#414),#1707,.T.);
#1722=ADVANCED_FACE('',(#415),#1708,.T.);
#1723=ADVANCED_FACE('',(#416),#1709,.T.);
#1724=ADVANCED_FACE('',(#417),#1710,.T.);
#1725=ADVANCED_FACE('',(#418),#1711,.T.);
#1726=ADVANCED_FACE('',(#419),#1712,.T.);
#1727=ADVANCED_FACE('',(#420),#1713,.T.);
#1728=ADVANCED_FACE('',(#421),#1714,.T.);
#1729=ADVANCED_FACE('',(#422),#1715,.T.);
#1730=ADVANCED_FACE('',(#423),#1716,.T.);
#1731=ADVANCED_FACE('',(#424),#1717,.T.);
#1732=ADVANCED_FACE('',(#425),#1718,.T.);
#1733=ADVANCED_FACE('',(#426),#1719,.T.);
#1734=ADVANCED_FACE('',(#427),#355,.F.);
#1735=ADVANCED_FACE('',(#428),#356,.F.);
#1736=ADVANCED_FACE('',(#429),#357,.F.);
#1737=ADVANCED_FACE('',(#430),#358,.F.);
#1738=ADVANCED_FACE('',(#431),#359,.F.);
#1739=ADVANCED_FACE('',(#432),#360,.F.);
#1740=ADVANCED_FACE('',(#433),#361,.F.);
#1741=ADVANCED_FACE('',(#434),#362,.F.);
#1742=ADVANCED_FACE('',(#435),#363,.F.);
#1743=ADVANCED_FACE('',(#436),#62,.F.);
#1744=ADVANCED_FACE('',(#437),#364,.F.);
#1745=ADVANCED_FACE('',(#438),#63,.F.);
#1746=ADVANCED_FACE('',(#439),#365,.F.);
#1747=ADVANCED_FACE('',(#440),#64,.F.);
#1748=ADVANCED_FACE('',(#441),#366,.F.);
#1749=ADVANCED_FACE('',(#442),#65,.F.);
#1750=ADVANCED_FACE('',(#443),#367,.F.);
#1751=ADVANCED_FACE('',(#444),#66,.F.);
#1752=ADVANCED_FACE('',(#445),#368,.F.);
#1753=ADVANCED_FACE('',(#446),#369,.F.);
#1754=ADVANCED_FACE('',(#447),#370,.F.);
#1755=ADVANCED_FACE('',(#448),#67,.T.);
#1756=ADVANCED_FACE('',(#449),#371,.F.);
#1757=ADVANCED_FACE('',(#450),#372,.F.);
#1758=ADVANCED_FACE('',(#451),#68,.F.);
#1759=ADVANCED_FACE('',(#452),#69,.F.);
#1760=ADVANCED_FACE('',(#453),#373,.F.);
#1761=ADVANCED_FACE('',(#454),#374,.F.);
#1762=ADVANCED_FACE('',(#455),#70,.F.);
#1763=ADVANCED_FACE('',(#456),#375,.F.);
#1764=ADVANCED_FACE('',(#457),#376,.F.);
#1765=ADVANCED_FACE('',(#458),#377,.F.);
#1766=ADVANCED_FACE('',(#459),#71,.F.);
#1767=ADVANCED_FACE('',(#460),#378,.F.);
#1768=ADVANCED_FACE('',(#461),#379,.F.);
#1769=ADVANCED_FACE('',(#462),#380,.F.);
#1770=ADVANCED_FACE('',(#463),#72,.F.);
#1771=ADVANCED_FACE('',(#464),#381,.F.);
#1772=ADVANCED_FACE('',(#465),#382,.F.);
#1773=ADVANCED_FACE('',(#466),#383,.F.);
#1774=ADVANCED_FACE('',(#467),#73,.F.);
#1775=ADVANCED_FACE('',(#468),#74,.F.);
#1776=ADVANCED_FACE('',(#469),#75,.F.);
#1777=ADVANCED_FACE('',(#470),#384,.T.);
#1778=ADVANCED_FACE('',(#471),#385,.T.);
#1779=ADVANCED_FACE('',(#472),#16,.T.);
#1780=ADVANCED_FACE('',(#473),#386,.T.);
#1781=ADVANCED_FACE('',(#474),#17,.T.);
#1782=ADVANCED_FACE('',(#475),#387,.T.);
#1783=ADVANCED_FACE('',(#476),#18,.T.);
#1784=ADVANCED_FACE('',(#477),#388,.T.);
#1785=ADVANCED_FACE('',(#478),#19,.T.);
#1786=ADVANCED_FACE('',(#479),#389,.T.);
#1787=ADVANCED_FACE('',(#480),#20,.T.);
#1788=ADVANCED_FACE('',(#481),#390,.T.);
#1789=ADVANCED_FACE('',(#482),#21,.T.);
#1790=ADVANCED_FACE('',(#483),#391,.T.);
#1791=ADVANCED_FACE('',(#484),#22,.T.);
#1792=ADVANCED_FACE('',(#485),#23,.T.);
#1793=ADVANCED_FACE('',(#486),#392,.T.);
#1794=ADVANCED_FACE('',(#487),#76,.T.);
#1795=ADVANCED_FACE('',(#488),#393,.T.);
#1796=ADVANCED_FACE('',(#489),#77,.T.);
#1797=ADVANCED_FACE('',(#490),#394,.T.);
#1798=ADVANCED_FACE('',(#491),#78,.T.);
#1799=ADVANCED_FACE('',(#492),#395,.T.);
#1800=ADVANCED_FACE('',(#493),#79,.F.);
#1801=ADVANCED_FACE('',(#494),#80,.T.);
#1802=ADVANCED_FACE('',(#495),#396,.T.);
#1803=ADVANCED_FACE('',(#496),#81,.T.);
#1804=ADVANCED_FACE('',(#497),#397,.T.);
#1805=ADVANCED_FACE('',(#498),#398,.T.);
#1806=ADVANCED_FACE('',(#499),#399,.T.);
#1807=ADVANCED_FACE('',(#500),#400,.T.);
#1808=ADVANCED_FACE('',(#501),#401,.T.);
#1809=ADVANCED_FACE('',(#502,#15),#82,.T.);
#1810=ADVANCED_FACE('',(#503),#83,.T.);
#1811=ADVANCED_FACE('',(#504),#402,.T.);
#1812=ADVANCED_FACE('',(#505),#403,.T.);
#1813=ADVANCED_FACE('',(#506),#84,.T.);
#1814=ADVANCED_FACE('',(#507),#85,.T.);
#1815=ADVANCED_FACE('',(#508),#404,.T.);
#1816=ADVANCED_FACE('',(#509),#405,.T.);
#1817=ADVANCED_FACE('',(#510),#86,.T.);
#1818=ADVANCED_FACE('',(#511),#406,.T.);
#1819=ADVANCED_FACE('',(#512),#407,.T.);
#1820=ADVANCED_FACE('',(#513),#408,.T.);
#1821=ADVANCED_FACE('',(#514),#409,.T.);
#1822=ADVANCED_FACE('',(#515),#87,.T.);
#1823=ADVANCED_FACE('',(#516),#410,.T.);
#1824=ADVANCED_FACE('',(#517),#88,.T.);
#1825=ADVANCED_FACE('',(#518),#411,.T.);
#1826=ADVANCED_FACE('',(#519),#412,.T.);
#1827=ADVANCED_FACE('',(#520),#89,.T.);
#1828=ADVANCED_FACE('',(#521),#90,.T.);
#1829=CLOSED_SHELL('',(#1720,#1721,#1722,#1723,#1724,#1725,#1726,#1727,
#1728,#1729,#1730,#1731,#1732,#1733,#1734,#1735,#1736,#1737,#1738,#1739,
#1740,#1741,#1742,#1743,#1744,#1745,#1746,#1747,#1748,#1749,#1750,#1751,
#1752,#1753,#1754,#1755,#1756,#1757,#1758,#1759,#1760,#1761,#1762,#1763,
#1764,#1765,#1766,#1767,#1768,#1769,#1770,#1771,#1772,#1773,#1774,#1775,
#1776,#1777,#1778,#1779,#1780,#1781,#1782,#1783,#1784,#1785,#1786,#1787,
#1788,#1789,#1790,#1791,#1792,#1793,#1794,#1795,#1796,#1797,#1798,#1799,
#1800,#1801,#1802,#1803,#1804,#1805,#1806,#1807,#1808,#1809,#1810,#1811,
#1812,#1813,#1814,#1815,#1816,#1817,#1818,#1819,#1820,#1821,#1822,#1823,
#1824,#1825,#1826,#1827,#1828));
#1830=DERIVED_UNIT_ELEMENT(#1832,1.);
#1831=DERIVED_UNIT_ELEMENT(#3459,-3.);
#1832=(
MASS_UNIT()
NAMED_UNIT(*)
SI_UNIT(.KILO.,.GRAM.)
);
#1833=DERIVED_UNIT((#1830,#1831));
#1834=MEASURE_REPRESENTATION_ITEM('density measure',
POSITIVE_RATIO_MEASURE(7850.),#1833);
#1835=PROPERTY_DEFINITION_REPRESENTATION(#1840,#1837);
#1836=PROPERTY_DEFINITION_REPRESENTATION(#1841,#1838);
#1837=REPRESENTATION('material name',(#1839),#3456);
#1838=REPRESENTATION('density',(#1834),#3456);
#1839=DESCRIPTIVE_REPRESENTATION_ITEM('Steel','Steel');
#1840=PROPERTY_DEFINITION('material property','material name',#3466);
#1841=PROPERTY_DEFINITION('material property','density of part',#3466);
#1842=AXIS2_PLACEMENT_3D('',#2562,#2038,#2039);
#1843=AXIS2_PLACEMENT_3D('',#2581,#2040,#2041);
#1844=AXIS2_PLACEMENT_3D('',#2583,#2042,#2043);
#1845=AXIS2_PLACEMENT_3D('',#2585,#2044,#2045);
#1846=AXIS2_PLACEMENT_3D('',#2586,#2046,#2047);
#1847=AXIS2_PLACEMENT_3D('',#2604,#2048,#2049);
#1848=AXIS2_PLACEMENT_3D('',#2605,#2050,#2051);
#1849=AXIS2_PLACEMENT_3D('',#2624,#2052,#2053);
#1850=AXIS2_PLACEMENT_3D('',#2626,#2054,#2055);
#1851=AXIS2_PLACEMENT_3D('',#2628,#2056,#2057);
#1852=AXIS2_PLACEMENT_3D('',#2629,#2058,#2059);
#1853=AXIS2_PLACEMENT_3D('',#2647,#2060,#2061);
#1854=AXIS2_PLACEMENT_3D('',#2648,#2062,#2063);
#1855=AXIS2_PLACEMENT_3D('',#2667,#2064,#2065);
#1856=AXIS2_PLACEMENT_3D('',#2669,#2066,#2067);
#1857=AXIS2_PLACEMENT_3D('',#2671,#2068,#2069);
#1858=AXIS2_PLACEMENT_3D('',#2672,#2070,#2071);
#1859=AXIS2_PLACEMENT_3D('',#2690,#2072,#2073);
#1860=AXIS2_PLACEMENT_3D('',#2691,#2074,#2075);
#1861=AXIS2_PLACEMENT_3D('',#2714,#2076,#2077);
#1862=AXIS2_PLACEMENT_3D('',#2716,#2078,#2079);
#1863=AXIS2_PLACEMENT_3D('',#2717,#2080,#2081);
#1864=AXIS2_PLACEMENT_3D('',#2740,#2082,#2083);
#1865=AXIS2_PLACEMENT_3D('',#2742,#2084,#2085);
#1866=AXIS2_PLACEMENT_3D('',#2743,#2086,#2087);
#1867=AXIS2_PLACEMENT_3D('',#2762,#2088,#2089);
#1868=AXIS2_PLACEMENT_3D('',#2764,#2090,#2091);
#1869=AXIS2_PLACEMENT_3D('',#2766,#2092,#2093);
#1870=AXIS2_PLACEMENT_3D('',#2767,#2094,#2095);
#1871=AXIS2_PLACEMENT_3D('',#2785,#2096,#2097);
#1872=AXIS2_PLACEMENT_3D('',#2786,#2098,#2099);
#1873=AXIS2_PLACEMENT_3D('',#2805,#2100,#2101);
#1874=AXIS2_PLACEMENT_3D('',#2807,#2102,#2103);
#1875=AXIS2_PLACEMENT_3D('',#2809,#2104,#2105);
#1876=AXIS2_PLACEMENT_3D('',#2810,#2106,#2107);
#1877=AXIS2_PLACEMENT_3D('',#2828,#2108,#2109);
#1878=AXIS2_PLACEMENT_3D('',#2829,#2110,#2111);
#1879=AXIS2_PLACEMENT_3D('',#2848,#2112,#2113);
#1880=AXIS2_PLACEMENT_3D('',#2850,#2114,#2115);
#1881=AXIS2_PLACEMENT_3D('',#2852,#2116,#2117);
#1882=AXIS2_PLACEMENT_3D('',#2853,#2118,#2119);
#1883=AXIS2_PLACEMENT_3D('',#2871,#2120,#2121);
#1884=AXIS2_PLACEMENT_3D('',#2872,#2122,#2123);
#1885=AXIS2_PLACEMENT_3D('',#2873,#2124,#2125);
#1886=AXIS2_PLACEMENT_3D('',#2876,#2128,#2129);
#1887=AXIS2_PLACEMENT_3D('',#2879,#2132,#2133);
#1888=AXIS2_PLACEMENT_3D('',#2882,#2136,#2137);
#1889=AXIS2_PLACEMENT_3D('',#2885,#2140,#2141);
#1890=AXIS2_PLACEMENT_3D('',#2888,#2144,#2145);
#1891=AXIS2_PLACEMENT_3D('',#2891,#2148,#2149);
#1892=AXIS2_PLACEMENT_3D('',#2894,#2152,#2153);
#1893=AXIS2_PLACEMENT_3D('',#2897,#2156,#2157);
#1894=AXIS2_PLACEMENT_3D('',#2901,#2159,#2160);
#1895=AXIS2_PLACEMENT_3D('',#2903,#2162,#2163);
#1896=AXIS2_PLACEMENT_3D('',#2907,#2166,#2167);
#1897=AXIS2_PLACEMENT_3D('',#2910,#2169,#2170);
#1898=AXIS2_PLACEMENT_3D('',#2911,#2171,#2172);
#1899=AXIS2_PLACEMENT_3D('',#2917,#2176,#2177);
#1900=AXIS2_PLACEMENT_3D('',#2925,#2179,#2180);
#1901=AXIS2_PLACEMENT_3D('',#2926,#2181,#2182);
#1902=AXIS2_PLACEMENT_3D('',#2930,#2185,#2186);
#1903=AXIS2_PLACEMENT_3D('',#2939,#2188,#2189);
#1904=AXIS2_PLACEMENT_3D('',#2944,#2190,#2191);
#1905=AXIS2_PLACEMENT_3D('',#2948,#2194,#2195);
#1906=AXIS2_PLACEMENT_3D('',#2962,#2197,#2198);
#1907=AXIS2_PLACEMENT_3D('',#2963,#2199,#2200);
#1908=AXIS2_PLACEMENT_3D('',#2965,#2201,#2202);
#1909=AXIS2_PLACEMENT_3D('',#2972,#2204,#2205);
#1910=AXIS2_PLACEMENT_3D('',#2988,#2208,#2209);
#1911=AXIS2_PLACEMENT_3D('',#3003,#2212,#2213);
#1912=AXIS2_PLACEMENT_3D('',#3004,#2214,#2215);
#1913=AXIS2_PLACEMENT_3D('',#3006,#2217,#2218);
#1914=AXIS2_PLACEMENT_3D('',#3014,#2220,#2221);
#1915=AXIS2_PLACEMENT_3D('',#3015,#2222,#2223);
#1916=AXIS2_PLACEMENT_3D('',#3019,#2225,#2226);
#1917=AXIS2_PLACEMENT_3D('',#3026,#2228,#2229);
#1918=AXIS2_PLACEMENT_3D('',#3030,#2232,#2233);
#1919=AXIS2_PLACEMENT_3D('',#3032,#2235,#2236);
#1920=AXIS2_PLACEMENT_3D('',#3034,#2237,#2238);
#1921=AXIS2_PLACEMENT_3D('',#3041,#2240,#2241);
#1922=AXIS2_PLACEMENT_3D('',#3049,#2243,#2244);
#1923=AXIS2_PLACEMENT_3D('',#3050,#2245,#2246);
#1924=AXIS2_PLACEMENT_3D('',#3056,#2250,#2251);
#1925=AXIS2_PLACEMENT_3D('',#3061,#2252,#2253);
#1926=AXIS2_PLACEMENT_3D('',#3064,#2255,#2256);
#1927=AXIS2_PLACEMENT_3D('',#3065,#2257,#2258);
#1928=AXIS2_PLACEMENT_3D('',#3075,#2260,#2261);
#1929=AXIS2_PLACEMENT_3D('',#3084,#2263,#2264);
#1930=AXIS2_PLACEMENT_3D('',#3090,#2268,#2269);
#1931=AXIS2_PLACEMENT_3D('',#3092,#2270,#2271);
#1932=AXIS2_PLACEMENT_3D('',#3096,#2273,#2274);
#1933=AXIS2_PLACEMENT_3D('',#3101,#2275,#2276);
#1934=AXIS2_PLACEMENT_3D('',#3110,#2278,#2279);
#1935=AXIS2_PLACEMENT_3D('',#3112,#2281,#2282);
#1936=AXIS2_PLACEMENT_3D('',#3114,#2284,#2285);
#1937=AXIS2_PLACEMENT_3D('',#3120,#2289,#2290);
#1938=AXIS2_PLACEMENT_3D('',#3127,#2291,#2292);
#1939=AXIS2_PLACEMENT_3D('',#3128,#2293,#2294);
#1940=AXIS2_PLACEMENT_3D('',#3130,#2296,#2297);
#1941=AXIS2_PLACEMENT_3D('',#3133,#2300,#2301);
#1942=AXIS2_PLACEMENT_3D('',#3135,#2303,#2304);
#1943=AXIS2_PLACEMENT_3D('',#3137,#2306,#2307);
#1944=AXIS2_PLACEMENT_3D('',#3138,#2308,#2309);
#1945=AXIS2_PLACEMENT_3D('',#3141,#2310,#2311);
#1946=AXIS2_PLACEMENT_3D('',#3145,#2313,#2314);
#1947=AXIS2_PLACEMENT_3D('',#3147,#2316,#2317);
#1948=AXIS2_PLACEMENT_3D('',#3150,#2318,#2319);
#1949=AXIS2_PLACEMENT_3D('',#3153,#2321,#2322);
#1950=AXIS2_PLACEMENT_3D('',#3155,#2324,#2325);
#1951=AXIS2_PLACEMENT_3D('',#3156,#2326,#2327);
#1952=AXIS2_PLACEMENT_3D('',#3157,#2328,#2329);
#1953=AXIS2_PLACEMENT_3D('',#3159,#2330,#2331);
#1954=AXIS2_PLACEMENT_3D('',#3163,#2333,#2334);
#1955=AXIS2_PLACEMENT_3D('',#3165,#2336,#2337);
#1956=AXIS2_PLACEMENT_3D('',#3166,#2338,#2339);
#1957=AXIS2_PLACEMENT_3D('',#3167,#2340,#2341);
#1958=AXIS2_PLACEMENT_3D('',#3170,#2342,#2343);
#1959=AXIS2_PLACEMENT_3D('',#3173,#2345,#2346);
#1960=AXIS2_PLACEMENT_3D('',#3175,#2348,#2349);
#1961=AXIS2_PLACEMENT_3D('',#3176,#2350,#2351);
#1962=AXIS2_PLACEMENT_3D('',#3177,#2352,#2353);
#1963=AXIS2_PLACEMENT_3D('',#3179,#2354,#2355);
#1964=AXIS2_PLACEMENT_3D('',#3183,#2357,#2358);
#1965=AXIS2_PLACEMENT_3D('',#3185,#2360,#2361);
#1966=AXIS2_PLACEMENT_3D('',#3186,#2362,#2363);
#1967=AXIS2_PLACEMENT_3D('',#3187,#2364,#2365);
#1968=AXIS2_PLACEMENT_3D('',#3189,#2366,#2367);
#1969=AXIS2_PLACEMENT_3D('',#3193,#2369,#2370);
#1970=AXIS2_PLACEMENT_3D('',#3195,#2372,#2373);
#1971=AXIS2_PLACEMENT_3D('',#3196,#2374,#2375);
#1972=AXIS2_PLACEMENT_3D('',#3197,#2376,#2377);
#1973=AXIS2_PLACEMENT_3D('',#3199,#2378,#2379);
#1974=AXIS2_PLACEMENT_3D('',#3203,#2381,#2382);
#1975=AXIS2_PLACEMENT_3D('',#3205,#2384,#2385);
#1976=AXIS2_PLACEMENT_3D('',#3206,#2386,#2387);
#1977=AXIS2_PLACEMENT_3D('',#3207,#2388,#2389);
#1978=AXIS2_PLACEMENT_3D('',#3209,#2390,#2391);
#1979=AXIS2_PLACEMENT_3D('',#3212,#2393,#2394);
#1980=AXIS2_PLACEMENT_3D('',#3214,#2396,#2397);
#1981=AXIS2_PLACEMENT_3D('',#3215,#2398,#2399);
#1982=AXIS2_PLACEMENT_3D('',#3216,#2400,#2401);
#1983=AXIS2_PLACEMENT_3D('',#3217,#2402,#2403);
#1984=AXIS2_PLACEMENT_3D('',#3218,#2404,#2405);
#1985=AXIS2_PLACEMENT_3D('',#3222,#2407,#2408);
#1986=AXIS2_PLACEMENT_3D('',#3224,#2410,#2411);
#1987=AXIS2_PLACEMENT_3D('',#3228,#2414,#2415);
#1988=AXIS2_PLACEMENT_3D('',#3231,#2417,#2418);
#1989=AXIS2_PLACEMENT_3D('',#3232,#2419,#2420);
#1990=AXIS2_PLACEMENT_3D('',#3238,#2424,#2425);
#1991=AXIS2_PLACEMENT_3D('',#3246,#2427,#2428);
#1992=AXIS2_PLACEMENT_3D('',#3247,#2429,#2430);
#1993=AXIS2_PLACEMENT_3D('',#3251,#2433,#2434);
#1994=AXIS2_PLACEMENT_3D('',#3260,#2436,#2437);
#1995=AXIS2_PLACEMENT_3D('',#3265,#2438,#2439);
#1996=AXIS2_PLACEMENT_3D('',#3269,#2441,#2442);
#1997=AXIS2_PLACEMENT_3D('',#3271,#2444,#2445);
#1998=AXIS2_PLACEMENT_3D('',#3272,#2446,#2447);
#1999=AXIS2_PLACEMENT_3D('',#3283,#2450,#2451);
#2000=AXIS2_PLACEMENT_3D('',#3291,#2456,#2457);
#2001=AXIS2_PLACEMENT_3D('',#3293,#2458,#2459);
#2002=AXIS2_PLACEMENT_3D('',#3295,#2460,#2461);
#2003=AXIS2_PLACEMENT_3D('',#3305,#2463,#2464);
#2004=AXIS2_PLACEMENT_3D('',#3306,#2465,#2466);
#2005=AXIS2_PLACEMENT_3D('',#3313,#2467,#2468);
#2006=AXIS2_PLACEMENT_3D('',#3315,#2469,#2470);
#2007=AXIS2_PLACEMENT_3D('',#3325,#2472,#2473);
#2008=AXIS2_PLACEMENT_3D('',#3326,#2474,#2475);
#2009=AXIS2_PLACEMENT_3D('',#3338,#2477,#2478);
#2010=AXIS2_PLACEMENT_3D('',#3341,#2480,#2481);
#2011=AXIS2_PLACEMENT_3D('',#3342,#2482,#2483);
#2012=AXIS2_PLACEMENT_3D('',#3346,#2485,#2486);
#2013=AXIS2_PLACEMENT_3D('',#3350,#2488,#2489);
#2014=AXIS2_PLACEMENT_3D('',#3354,#2491,#2492);
#2015=AXIS2_PLACEMENT_3D('',#3358,#2494,#2495);
#2016=AXIS2_PLACEMENT_3D('',#3362,#2497,#2498);
#2017=AXIS2_PLACEMENT_3D('',#3364,#2500,#2501);
#2018=AXIS2_PLACEMENT_3D('',#3366,#2503,#2504);
#2019=AXIS2_PLACEMENT_3D('',#3375,#2506,#2507);
#2020=AXIS2_PLACEMENT_3D('',#3382,#2509,#2510);
#2021=AXIS2_PLACEMENT_3D('',#3401,#2513,#2514);
#2022=AXIS2_PLACEMENT_3D('',#3403,#2516,#2517);
#2023=AXIS2_PLACEMENT_3D('',#3407,#2520,#2521);
#2024=AXIS2_PLACEMENT_3D('',#3408,#2522,#2523);
#2025=AXIS2_PLACEMENT_3D('',#3409,#2524,#2525);
#2026=AXIS2_PLACEMENT_3D('',#3411,#2527,#2528);
#2027=AXIS2_PLACEMENT_3D('',#3413,#2530,#2531);
#2028=AXIS2_PLACEMENT_3D('',#3420,#2533,#2534);
#2029=AXIS2_PLACEMENT_3D('',#3423,#2537,#2538);
#2030=AXIS2_PLACEMENT_3D('',#3431,#2541,#2542);
#2031=AXIS2_PLACEMENT_3D('',#3438,#2544,#2545);
#2032=AXIS2_PLACEMENT_3D('',#3440,#2547,#2548);
#2033=AXIS2_PLACEMENT_3D('',#3447,#2550,#2551);
#2034=AXIS2_PLACEMENT_3D('',#3450,#2554,#2555);
#2035=AXIS2_PLACEMENT_3D('',#3451,#2556,#2557);
#2036=AXIS2_PLACEMENT_3D('',#3452,#2558,#2559);
#2037=AXIS2_PLACEMENT_3D('',#3453,#2560,#2561);
#2038=DIRECTION('axis',(0.,0.,1.));
#2039=DIRECTION('refdir',(1.,0.,0.));
#2040=DIRECTION('center_axis',(0.258860131378316,-0.624943639931215,0.736503142757941));
#2041=DIRECTION('ref_axis',(0.,-0.762492851663022,-0.646996639220632));
#2042=DIRECTION('center_axis',(-0.788110406239101,0.39405520311955,0.472866243743461));
#2043=DIRECTION('ref_axis',(-0.61553390449076,-0.504535987287507,-0.60544318474501));
#2044=DIRECTION('center_axis',(0.457495710997796,-0.457495710997822,0.76249285166303));
#2045=DIRECTION('ref_axis',(0.,-0.857492925712542,-0.51449575542753));
#2046=DIRECTION('center_axis',(0.539163866017192,-0.539163866017192,-0.646996639220631));
#2047=DIRECTION('ref_axis',(-0.842200881964271,-0.345164295886996,-0.414197155064396));
#2048=DIRECTION('center_axis',(0.835816172223015,0.549009404519147,1.59979758958767E-15));
#2049=DIRECTION('ref_axis',(0.549009404519147,-0.835816172223015,0.));
#2050=DIRECTION('center_axis',(-0.979219556074953,-0.202803010333606,0.));
#2051=DIRECTION('ref_axis',(0.202803010333606,-0.979219556074953,0.));
#2052=DIRECTION('center_axis',(-0.230217195984496,-0.50067602487441,0.834460041457346));
#2053=DIRECTION('ref_axis',(-0.65094455490412,-0.558180350861383,-0.514495755427527));
#2054=DIRECTION('center_axis',(-0.28116522389289,0.89688154845368,0.34139362166946));
#2055=DIRECTION('ref_axis',(-0.810086559893644,-0.0310935659363927,-0.585485230929902));
#2056=DIRECTION('center_axis',(-5.8094900088581E-16,-0.514495755427525,
0.857492925712545));
#2057=DIRECTION('ref_axis',(-0.707106781186548,-0.606339062590832,-0.363803437554499));
#2058=DIRECTION('center_axis',(0.,-0.857492925712544,-0.514495755427527));
#2059=DIRECTION('ref_axis',(-0.857492925712544,0.264705882352941,-0.441176470588236));
#2060=DIRECTION('center_axis',(0.974575119696679,-0.224061009700939,0.));
#2061=DIRECTION('ref_axis',(-0.224061009700939,-0.974575119696679,-7.09970956111595E-16));
#2062=DIRECTION('center_axis',(-0.804484743604131,0.593973313633025,-5.86061342066255E-16));
#2063=DIRECTION('ref_axis',(-0.593973313633025,-0.804484743604131,-7.09970956111595E-16));
#2064=DIRECTION('center_axis',(-0.360550989859991,-0.133417845028084,0.923148234217584));
#2065=DIRECTION('ref_axis',(-0.931475742477236,-5.82794238648376E-15,-0.363803437554516));
#2066=DIRECTION('center_axis',(0.487608693280009,0.836242010007091,0.250872603002127));
#2067=DIRECTION('ref_axis',(-0.743596286069509,0.548360557206024,-0.382577132934435));
#2068=DIRECTION('center_axis',(-4.99741936787011E-15,-0.514495755427525,
0.857492925712545));
#2069=DIRECTION('ref_axis',(-1.,0.,-5.82794238648376E-15));
#2070=DIRECTION('center_axis',(-0.707106781186548,-0.606339062590832,-0.3638034375545));
#2071=DIRECTION('ref_axis',(-0.539163866017192,0.795206225564458,-0.277397520545741));
#2072=DIRECTION('center_axis',(0.501972160603827,-0.864883778307078,-3.17254199904025E-15));
#2073=DIRECTION('ref_axis',(-0.864883778307078,-0.501972160603827,0.));
#2074=DIRECTION('center_axis',(-0.181931630563162,0.983311182586992,0.));
#2075=DIRECTION('ref_axis',(-0.983311182586992,-0.181931630563162,0.));
#2076=DIRECTION('center_axis',(-0.202803010333603,-0.979219556074953,-1.47740532503714E-16));
#2077=DIRECTION('ref_axis',(-0.979219556074953,0.202803010333603,-7.13354394565379E-16));
#2078=DIRECTION('center_axis',(0.549009404519144,0.835816172223017,0.));
#2079=DIRECTION('ref_axis',(-0.835816172223017,0.549009404519144,-7.13354394565379E-16));
#2080=DIRECTION('center_axis',(2.91397119324188E-15,-1.2070063886053E-15,
1.));
#2081=DIRECTION('ref_axis',(-0.707106781186547,0.707106781186548,2.91397119324188E-15));
#2082=DIRECTION('center_axis',(-0.835816172223017,-0.549009404519144,0.));
#2083=DIRECTION('ref_axis',(-0.549009404519144,0.835816172223017,0.));
#2084=DIRECTION('center_axis',(0.979219556074953,0.202803010333603,0.));
#2085=DIRECTION('ref_axis',(-0.202803010333603,0.979219556074953,0.));
#2086=DIRECTION('center_axis',(0.,0.,1.));
#2087=DIRECTION('ref_axis',(0.,1.,0.));
#2088=DIRECTION('center_axis',(0.133417845028084,0.360550989859993,0.923148234217583));
#2089=DIRECTION('ref_axis',(0.606339062590828,0.707106781186543,-0.363803437554517));
#2090=DIRECTION('center_axis',(0.606339062590832,0.707106781186548,-0.363803437554499));
#2091=DIRECTION('ref_axis',(-0.795206225564457,0.539163866017192,-0.277397520545741));
#2092=DIRECTION('center_axis',(0.514495755427527,0.,0.857492925712544));
#2093=DIRECTION('ref_axis',(0.606339062590833,0.707106781186547,-0.3638034375545));
#2094=DIRECTION('center_axis',(-0.836242010007091,-0.487608693280009,0.250872603002127));
#2095=DIRECTION('ref_axis',(-0.548360557206024,0.743596286069509,-0.382577132934435));
#2096=DIRECTION('center_axis',(-0.983311182586994,0.181931630563151,-1.98803823975205E-16));
#2097=DIRECTION('ref_axis',(0.181931630563151,0.983311182586994,7.16335115012777E-16));
#2098=DIRECTION('center_axis',(0.864883778307083,-0.501972160603817,-5.48524655928342E-16));
#2099=DIRECTION('ref_axis',(0.501972160603817,0.864883778307083,7.16335115012777E-16));
#2100=DIRECTION('center_axis',(0.500676024874405,0.230217195984499,0.834460041457348));
#2101=DIRECTION('ref_axis',(0.857492925712546,0.,-0.514495755427523));
#2102=DIRECTION('center_axis',(0.857492925712544,0.,-0.514495755427526));
#2103=DIRECTION('ref_axis',(-0.264705882352941,0.857492925712544,-0.441176470588235));
#2104=DIRECTION('center_axis',(0.514495755427523,4.75321909815661E-16,0.857492925712547));
#2105=DIRECTION('ref_axis',(0.857492925712547,-8.74191357972564E-15,-0.514495755427522));
#2106=DIRECTION('center_axis',(-0.896881548453679,0.281165223892889,0.341393621669463));
#2107=DIRECTION('ref_axis',(0.0310935659363901,0.810086559893645,-0.585485230929901));
#2108=DIRECTION('center_axis',(-0.593973313633025,0.804484743604131,0.));
#2109=DIRECTION('ref_axis',(0.804484743604131,0.593973313633025,0.));
#2110=DIRECTION('center_axis',(0.224061009700939,-0.974575119696679,0.));
#2111=DIRECTION('ref_axis',(0.974575119696679,0.224061009700939,0.));
#2112=DIRECTION('center_axis',(0.624943639931215,-0.258860131378316,0.736503142757941));
#2113=DIRECTION('ref_axis',(0.539163866017192,-0.539163866017192,-0.646996639220631));
#2114=DIRECTION('center_axis',(0.539163866017192,-0.539163866017192,-0.646996639220631));
#2115=DIRECTION('ref_axis',(0.345164295886996,0.842200881964271,-0.414197155064395));
#2116=DIRECTION('center_axis',(0.457495710997826,-0.457495710997797,0.762492851663027));
#2117=DIRECTION('ref_axis',(0.539163866017177,-0.539163866017212,-0.646996639220627));
#2118=DIRECTION('center_axis',(-0.39405520311955,0.788110406239101,0.472866243743461));
#2119=DIRECTION('ref_axis',(0.504535987287507,0.61553390449076,-0.60544318474501));
#2120=DIRECTION('center_axis',(0.202803010333603,0.979219556074953,0.));
#2121=DIRECTION('ref_axis',(0.979219556074953,-0.202803010333603,-7.13354394565379E-16));
#2122=DIRECTION('center_axis',(-0.549009404519143,-0.835816172223017,0.));
#2123=DIRECTION('ref_axis',(0.835816172223017,-0.549009404519143,-7.13354394565379E-16));
#2124=DIRECTION('center_axis',(-0.707106781186547,-0.707106781186548,0.));
#2125=DIRECTION('ref_axis',(0.297070429687713,-0.297070429687713,-0.907468081868621));
#2126=DIRECTION('',(0.707106781186547,0.707106781186548,0.));
#2127=DIRECTION('',(-0.707106781186547,-0.707106781186548,0.));
#2128=DIRECTION('center_axis',(0.,-1.,0.));
#2129=DIRECTION('ref_axis',(0.492698814983592,0.,-0.870199906753479));
#2130=DIRECTION('',(0.,-1.,0.));
#2131=DIRECTION('',(0.,1.,0.));
#2132=DIRECTION('center_axis',(0.759125277171481,-0.650944554904119,0.));
#2133=DIRECTION('ref_axis',(0.367134045408181,0.42814819154701,-0.825773406436202));
#2134=DIRECTION('',(0.759125277171481,-0.650944554904119,0.));
#2135=DIRECTION('',(-0.759125277171481,0.650944554904119,0.));
#2136=DIRECTION('center_axis',(1.,0.,0.));
#2137=DIRECTION('ref_axis',(0.,0.707106781186547,-0.707106781186547));
#2138=DIRECTION('',(1.,0.,0.));
#2139=DIRECTION('',(-1.,0.,0.));
#2140=DIRECTION('center_axis',(0.707106781186548,0.707106781186547,0.));
#2141=DIRECTION('ref_axis',(-0.5,0.5,-0.707106781186547));
#2142=DIRECTION('',(0.707106781186548,0.707106781186547,0.));
#2143=DIRECTION('',(-0.707106781186548,-0.707106781186547,0.));
#2144=DIRECTION('center_axis',(0.,1.,0.));
#2145=DIRECTION('ref_axis',(-0.707106781186547,0.,-0.707106781186547));
#2146=DIRECTION('',(0.,1.,0.));
#2147=DIRECTION('',(0.,-1.,0.));
#2148=DIRECTION('center_axis',(-0.650944554904119,0.759125277171481,0.));
#2149=DIRECTION('ref_axis',(-0.42814819154701,-0.36713404540818,-0.825773406436202));
#2150=DIRECTION('',(-0.650944554904119,0.759125277171481,0.));
#2151=DIRECTION('',(0.650944554904119,-0.759125277171481,0.));
#2152=DIRECTION('center_axis',(-1.,0.,0.));
#2153=DIRECTION('ref_axis',(0.,-0.492698814983592,-0.870199906753479));
#2154=DIRECTION('',(-1.,0.,0.));
#2155=DIRECTION('',(1.,0.,0.));
#2156=DIRECTION('center_axis',(0.,0.,-1.));
#2157=DIRECTION('ref_axis',(-0.923879532511287,0.38268343236509,0.));
#2158=DIRECTION('',(0.,0.,1.));
#2159=DIRECTION('center_axis',(0.,0.,1.));
#2160=DIRECTION('ref_axis',(-0.923879532511287,0.38268343236509,0.));
#2161=DIRECTION('',(0.,0.,-1.));
#2162=DIRECTION('center_axis',(-0.707106781186547,0.707106781186548,0.));
#2163=DIRECTION('ref_axis',(0.,0.,1.));
#2164=DIRECTION('',(0.,0.,-1.));
#2165=DIRECTION('',(0.707106781186548,0.707106781186547,0.));
#2166=DIRECTION('center_axis',(0.,0.,1.));
#2167=DIRECTION('ref_axis',(-0.382683432365091,0.923879532511286,0.));
#2168=DIRECTION('',(0.,0.,1.));
#2169=DIRECTION('center_axis',(0.,0.,1.));
#2170=DIRECTION('ref_axis',(-0.382683432365091,0.923879532511286,0.));
#2171=DIRECTION('center_axis',(0.,1.,0.));
#2172=DIRECTION('ref_axis',(1.,0.,0.));
#2173=DIRECTION('',(-0.514495755427526,0.,-0.857492925712544));
#2174=DIRECTION('',(-0.0209424198833568,0.,-0.999780683474845));
#2175=DIRECTION('',(1.,0.,0.));
#2176=DIRECTION('center_axis',(0.514495755427526,0.,0.857492925712544));
#2177=DIRECTION('ref_axis',(0.32814833604046,0.923879532511287,-0.196889001624275));
#2178=DIRECTION('',(0.514495755427526,0.,0.857492925712544));
#2179=DIRECTION('center_axis',(0.277010760435985,0.,0.96086681626679));
#2180=DIRECTION('ref_axis',(0.96086681626679,-5.72046495428489E-16,-0.277010760435985));
#2181=DIRECTION('center_axis',(0.606339062590832,0.707106781186548,-0.363803437554499));
#2182=DIRECTION('ref_axis',(-0.514495755427526,0.,-0.857492925712544));
#2183=DIRECTION('',(-0.514495755427526,0.,-0.857492925712544));
#2184=DIRECTION('',(-0.690924334491574,0.694944289420228,0.199188349582977));
#2185=DIRECTION('center_axis',(0.514495755427526,0.,0.857492925712544));
#2186=DIRECTION('ref_axis',(0.792220163339042,0.382683432365089,-0.475332098003423));
#2187=DIRECTION('',(0.514495755427526,0.,0.857492925712544));
#2188=DIRECTION('center_axis',(-0.277010760435975,0.,-0.960866816266793));
#2189=DIRECTION('ref_axis',(0.960866816266793,-1.67213590971405E-15,-0.277010760435975));
#2190=DIRECTION('center_axis',(0.857492925712544,0.,-0.514495755427526));
#2191=DIRECTION('ref_axis',(0.514495755427526,0.,0.857492925712544));
#2192=DIRECTION('',(-0.457495710997814,0.457495710997814,-0.762492851663023));
#2193=DIRECTION('',(0.,1.,0.));
#2194=DIRECTION('center_axis',(0.457495710997814,-0.457495710997814,0.762492851663023));
#2195=DIRECTION('ref_axis',(0.737084921498442,-0.284543459933269,-0.612977028859026));
#2196=DIRECTION('',(0.457495710997814,-0.457495710997814,0.762492851663023));
#2197=DIRECTION('center_axis',(0.,0.,-1.));
#2198=DIRECTION('ref_axis',(1.,0.,0.));
#2199=DIRECTION('center_axis',(0.,-1.,0.));
#2200=DIRECTION('ref_axis',(0.960866816266792,0.,-0.277010760435977));
#2201=DIRECTION('center_axis',(0.00721572727672576,-0.938767678598055,0.344475222475415));
#2202=DIRECTION('ref_axis',(-0.0196600668981253,-0.344550788157013,-0.938561791332857));
#2203=DIRECTION('',(0.,-1.,0.));
#2204=DIRECTION('center_axis',(-0.457495710997814,0.457495710997814,-0.762492851663023));
#2205=DIRECTION('ref_axis',(0.284543459933269,-0.737084921498442,-0.612977028859026));
#2206=DIRECTION('',(0.457495710997814,-0.457495710997814,0.762492851663023));
#2207=DIRECTION('',(-0.457495710997814,0.457495710997814,-0.762492851663023));
#2208=DIRECTION('center_axis',(1.,0.,0.));
#2209=DIRECTION('ref_axis',(0.,-0.963714928210761,-0.266933581895812));
#2210=DIRECTION('',(1.,0.,0.));
#2211=DIRECTION('',(-1.,0.,0.));
#2212=DIRECTION('center_axis',(-0.940271577683112,0.,-0.340425263753016));
#2213=DIRECTION('ref_axis',(0.340425263753016,-8.99037658047598E-16,-0.940271577683112));
#2214=DIRECTION('center_axis',(0.,0.857492925712544,0.514495755427527));
#2215=DIRECTION('ref_axis',(0.,-0.514495755427527,0.857492925712544));
#2216=DIRECTION('',(0.,0.514495755427527,-0.857492925712544));
#2217=DIRECTION('center_axis',(0.,0.514495755427527,-0.857492925712544));
#2218=DIRECTION('ref_axis',(-0.38268343236509,-0.79222016333904,-0.475332098003425));
#2219=DIRECTION('',(0.,-0.514495755427527,0.857492925712544));
#2220=DIRECTION('center_axis',(0.,0.266933581895814,-0.96371492821076));
#2221=DIRECTION('ref_axis',(7.02059384825832E-16,-0.96371492821076,-0.266933581895815));
#2222=DIRECTION('center_axis',(0.,0.514495755427527,-0.857492925712544));
#2223=DIRECTION('ref_axis',(-0.923879532511287,-0.328148336040459,-0.196889001624277));
#2224=DIRECTION('',(0.,-0.514495755427527,0.857492925712544));
#2225=DIRECTION('center_axis',(0.,0.26693358189582,-0.963714928210759));
#2226=DIRECTION('ref_axis',(-6.58180673274218E-16,-0.963714928210759,-0.26693358189582));
#2227=DIRECTION('',(-3.92523114670944E-17,0.514495755427527,-0.857492925712544));
#2228=DIRECTION('center_axis',(-1.,0.,0.));
#2229=DIRECTION('ref_axis',(0.,0.,-1.));
#2230=DIRECTION('',(0.,1.,0.));
#2231=DIRECTION('',(0.,0.,1.));
#2232=DIRECTION('center_axis',(-0.707106781186548,-0.606339062590832,-0.3638034375545));
#2233=DIRECTION('ref_axis',(-0.457495710997814,0.,0.889211827642101));
#2234=DIRECTION('',(0.693922572902126,-0.693922572902126,-0.19220542560965));
#2235=DIRECTION('center_axis',(0.,0.,-1.));
#2236=DIRECTION('ref_axis',(-0.923879532511287,-0.38268343236509,0.));
#2237=DIRECTION('center_axis',(0.,0.,1.));
#2238=DIRECTION('ref_axis',(-0.923879532511287,-0.38268343236509,0.));
#2239=DIRECTION('',(0.,0.,-1.));
#2240=DIRECTION('center_axis',(0.0209424198833568,0.,0.999780683474845));
#2241=DIRECTION('ref_axis',(0.382599503564468,0.923879532511287,-0.00801431712299381));
#2242=DIRECTION('',(0.0209424198833568,1.2266347333467E-18,0.999780683474845));
#2243=DIRECTION('center_axis',(0.,0.,1.));
#2244=DIRECTION('ref_axis',(1.,8.19374656276513E-16,0.));
#2245=DIRECTION('center_axis',(0.706951700984384,0.707106781186548,-0.0148085271139776));
#2246=DIRECTION('ref_axis',(-0.0209424198833568,0.,-0.999780683474845));
#2247=DIRECTION('',(0.690924334491574,-0.694944289420228,-0.199188349582977));
#2248=DIRECTION('',(-0.0209424198833568,0.,-0.999780683474845));
#2249=DIRECTION('',(0.707184325538619,-0.707029228329698,0.));
#2250=DIRECTION('center_axis',(-0.690924334491574,0.694944289420228,0.199188349582977));
#2251=DIRECTION('ref_axis',(0.667748906858003,0.719063581752138,-0.192507046072936));
#2252=DIRECTION('center_axis',(-0.0209424198833568,0.,-0.999780683474845));
#2253=DIRECTION('ref_axis',(0.923676910462554,0.382683432365092,-0.0193482730914897));
#2254=DIRECTION('',(0.0209424198833568,0.,0.999780683474845));
#2255=DIRECTION('center_axis',(0.,0.,1.));
#2256=DIRECTION('ref_axis',(1.,1.91187419797853E-15,0.));
#2257=DIRECTION('center_axis',(0.0209424198833568,-4.9065389333868E-18,
0.999780683474845));
#2258=DIRECTION('ref_axis',(0.923676910462554,-0.382683432365092,-0.0193482730914897));
#2259=DIRECTION('',(0.0209424198833568,-4.9065389333868E-18,0.999780683474845));
#2260=DIRECTION('center_axis',(0.,0.,1.));
#2261=DIRECTION('ref_axis',(1.,-1.91187419797853E-15,0.));
#2262=DIRECTION('',(-0.0209424198833568,4.9065389333868E-18,-0.999780683474845));
#2263=DIRECTION('center_axis',(0.706951700984384,-0.707106781186548,-0.0148085271139776));
#2264=DIRECTION('ref_axis',(-0.0209424198833568,0.,-0.999780683474845));
#2265=DIRECTION('',(0.707185696839709,0.707027844488185,0.00013154362627062));
#2266=DIRECTION('',(-0.0209424198833568,0.,-0.999780683474845));
#2267=DIRECTION('',(-0.707184325538619,-0.707029228329698,0.));
#2268=DIRECTION('center_axis',(0.707185696839709,0.707027844488185,0.00013154362627062));
#2269=DIRECTION('ref_axis',(0.66193089654905,-0.662013274443983,-0.351547881025794));
#2270=DIRECTION('center_axis',(-0.396592247675146,-0.840252393863089,0.369716788489951));
#2271=DIRECTION('ref_axis',(0.74297840794021,-0.0572559183730725,0.666861938594404));
#2272=DIRECTION('',(0.707185696839709,0.707027844488185,0.000131543626270675));
#2273=DIRECTION('center_axis',(-0.839775715009618,-0.402427820336452,-0.364456578894301));
#2274=DIRECTION('ref_axis',(0.0638676292145152,-0.739833883382374,0.669751260497413));
#2275=DIRECTION('center_axis',(0.,0.,-1.));
#2276=DIRECTION('ref_axis',(-0.382683432365088,-0.923879532511287,0.));
#2277=DIRECTION('',(0.,0.,1.));
#2278=DIRECTION('center_axis',(0.,0.,1.));
#2279=DIRECTION('ref_axis',(-0.382683432365088,-0.923879532511287,0.));
#2280=DIRECTION('',(0.,0.,-1.));
#2281=DIRECTION('center_axis',(0.693922572902126,-0.693922572902126,-0.19220542560965));
#2282=DIRECTION('ref_axis',(-0.720049625245992,-0.668743542528199,-0.185231237943122));
#2283=DIRECTION('',(-0.693922572902126,0.693922572902126,0.19220542560965));
#2284=DIRECTION('center_axis',(0.,-1.,0.));
#2285=DIRECTION('ref_axis',(0.,0.,-1.));
#2286=DIRECTION('',(-1.,0.,0.));
#2287=DIRECTION('',(0.0209424198833568,0.,0.999780683474845));
#2288=DIRECTION('',(-0.768221279597376,0.,-0.64018439966448));
#2289=DIRECTION('center_axis',(-0.0209424198833568,0.,-0.999780683474845));
#2290=DIRECTION('ref_axis',(0.382599503564468,-0.923879532511287,-0.00801431712299381));
#2291=DIRECTION('center_axis',(0.,0.,1.));
#2292=DIRECTION('ref_axis',(1.,1.1926453330247E-13,0.));
#2293=DIRECTION('center_axis',(-0.768221279597376,0.,-0.64018439966448));
#2294=DIRECTION('ref_axis',(0.307300559734067,-0.87725819061927,-0.36876067168088));
#2295=DIRECTION('',(0.768221279597376,0.,0.64018439966448));
#2296=DIRECTION('center_axis',(0.0135477830899368,-0.762569508760765,0.646764409875585));
#2297=DIRECTION('ref_axis',(0.873330929672266,-0.305968451241409,-0.379046691217201));
#2298=DIRECTION('',(-0.0135477830899368,0.762569508760765,-0.646764409875585));
#2299=DIRECTION('',(0.0135477830899368,-0.762569508760765,0.646764409875585));
#2300=DIRECTION('center_axis',(0.999780683474845,0.,-0.0209424198833568));
#2301=DIRECTION('ref_axis',(0.0209424198833568,0.,0.999780683474845));
#2302=DIRECTION('',(0.,-1.,0.));
#2303=DIRECTION('center_axis',(-0.707106781186548,-0.707106781186547,0.));
#2304=DIRECTION('ref_axis',(0.,0.,1.));
#2305=DIRECTION('',(-0.707106781186547,0.707106781186548,0.));
#2306=DIRECTION('center_axis',(0.539163866017192,-0.539163866017192,-0.646996639220631));
#2307=DIRECTION('ref_axis',(-0.768221279597376,0.,-0.64018439966448));
#2308=DIRECTION('center_axis',(0.707106781186547,0.707106781186548,0.));
#2309=DIRECTION('ref_axis',(0.297070429687712,-0.297070429687712,-0.907468081868622));
#2310=DIRECTION('center_axis',(0.707106781186548,0.707106781186548,0.));
#2311=DIRECTION('ref_axis',(0.539163866017193,-0.539163866017193,-0.646996639220629));
#2312=DIRECTION('',(0.707106781186547,0.707106781186548,0.));
#2313=DIRECTION('center_axis',(-0.707106781186548,-0.707106781186548,0.));
#2314=DIRECTION('ref_axis',(0.,0.,-1.));
#2315=DIRECTION('',(-0.707106781186547,-0.707106781186548,0.));
#2316=DIRECTION('center_axis',(0.,-1.,0.));
#2317=DIRECTION('ref_axis',(0.492698814983595,0.,-0.870199906753478));
#2318=DIRECTION('center_axis',(0.,-1.,0.));
#2319=DIRECTION('ref_axis',(0.,0.,-1.));
#2320=DIRECTION('',(0.,-1.,0.));
#2321=DIRECTION('center_axis',(0.,1.,0.));
#2322=DIRECTION('ref_axis',(0.857492925712544,0.,-0.514495755427526));
#2323=DIRECTION('',(0.,1.,0.));
#2324=DIRECTION('center_axis',(-0.111287706781419,-0.97874999093755,0.172230954125788));
#2325=DIRECTION('ref_axis',(0.531182723870917,-0.205057199921746,-0.822068402641365));
#2326=DIRECTION('center_axis',(-0.457495710997814,0.457495710997814,-0.762492851663023));
#2327=DIRECTION('ref_axis',(0.737084921498441,-0.284543459933267,-0.612977028859028));
#2328=DIRECTION('center_axis',(-0.759125277171481,0.650944554904119,0.));
#2329=DIRECTION('ref_axis',(0.36713404540818,0.42814819154701,-0.825773406436202));
#2330=DIRECTION('center_axis',(-0.759125277171481,0.650944554904119,0.));
#2331=DIRECTION('ref_axis',(0.606339062590832,0.707106781186547,-0.363803437554499));
#2332=DIRECTION('',(-0.759125277171481,0.650944554904119,0.));
#2333=DIRECTION('center_axis',(0.759125277171481,-0.650944554904119,0.));
#2334=DIRECTION('ref_axis',(0.,0.,-1.));
#2335=DIRECTION('',(0.759125277171481,-0.650944554904119,0.));
#2336=DIRECTION('center_axis',(0.174977600524705,-0.958630995557839,-0.224520497216633));
#2337=DIRECTION('ref_axis',(0.589277796355558,0.284651742232131,-0.756125032231145));
#2338=DIRECTION('center_axis',(-0.514495755427526,0.,-0.857492925712544));
#2339=DIRECTION('ref_axis',(0.792220163339041,0.382683432365089,-0.475332098003424));
#2340=DIRECTION('center_axis',(1.,0.,0.));
#2341=DIRECTION('ref_axis',(0.,0.707106781186548,-0.707106781186548));
#2342=DIRECTION('center_axis',(1.,0.,0.));
#2343=DIRECTION('ref_axis',(0.,0.,-1.));
#2344=DIRECTION('',(1.,0.,0.));
#2345=DIRECTION('center_axis',(-1.,0.,0.));
#2346=DIRECTION('ref_axis',(0.,1.,0.));
#2347=DIRECTION('',(-1.,0.,0.));
#2348=DIRECTION('center_axis',(-0.963586352404682,0.208914550600738,-0.166901324161107));
#2349=DIRECTION('ref_axis',(0.267397347517583,0.752839217166846,-0.601441411640545));
#2350=DIRECTION('center_axis',(-0.514495755427526,0.,-0.857492925712544));
#2351=DIRECTION('ref_axis',(0.32814833604046,0.923879532511287,-0.196889001624276));
#2352=DIRECTION('center_axis',(-0.707106781186548,-0.707106781186547,0.));
#2353=DIRECTION('ref_axis',(-0.5,0.5,-0.707106781186547));
#2354=DIRECTION('center_axis',(-0.707106781186548,-0.707106781186547,0.));
#2355=DIRECTION('ref_axis',(-0.707106781186547,0.707106781186548,-1.74838271594513E-15));
#2356=DIRECTION('',(-0.707106781186548,-0.707106781186547,0.));
#2357=DIRECTION('center_axis',(0.707106781186548,0.707106781186548,0.));
#2358=DIRECTION('ref_axis',(0.,0.,-1.));
#2359=DIRECTION('',(0.707106781186548,0.707106781186547,0.));
#2360=DIRECTION('center_axis',(-0.941663177664661,-0.290400099340399,0.170112439679112));
#2361=DIRECTION('ref_axis',(-0.336556770590777,0.812519920068746,-0.475963149477967));
#2362=DIRECTION('center_axis',(0.,0.,-1.));
#2363=DIRECTION('ref_axis',(-0.38268343236509,0.923879532511287,0.));
#2364=DIRECTION('center_axis',(0.,-1.,0.));
#2365=DIRECTION('ref_axis',(-0.707106781186548,0.,-0.707106781186548));
#2366=DIRECTION('center_axis',(0.,-1.,0.));
#2367=DIRECTION('ref_axis',(-1.,0.,-1.74838271594513E-15));
#2368=DIRECTION('',(0.,-1.,0.));
#2369=DIRECTION('center_axis',(0.,1.,0.));
#2370=DIRECTION('ref_axis',(0.,0.,-1.));
#2371=DIRECTION('',(0.,1.,0.));
#2372=DIRECTION('center_axis',(0.439732612032304,-0.182143211721527,-0.87946522406461));
#2373=DIRECTION('ref_axis',(-0.812519920068746,0.336556770590777,-0.475963149477967));
#2374=DIRECTION('center_axis',(0.,0.,-1.));
#2375=DIRECTION('ref_axis',(-0.923879532511287,0.382683432365089,0.));
#2376=DIRECTION('center_axis',(0.650944554904119,-0.759125277171481,0.));
#2377=DIRECTION('ref_axis',(-0.428148191547009,-0.36713404540818,-0.825773406436202));
#2378=DIRECTION('center_axis',(0.650944554904119,-0.759125277171482,5.69050104416478E-16));
#2379=DIRECTION('ref_axis',(-0.707106781186548,-0.606339062590832,-0.363803437554499));
#2380=DIRECTION('',(0.650944554904119,-0.759125277171481,0.));
#2381=DIRECTION('center_axis',(-0.650944554904116,0.759125277171484,0.));
#2382=DIRECTION('ref_axis',(0.,0.,-1.));
#2383=DIRECTION('',(-0.650944554904119,0.759125277171481,0.));
#2384=DIRECTION('center_axis',(0.566753158055722,0.201302333493774,-0.798916909549314));
#2385=DIRECTION('ref_axis',(-0.752839217166846,-0.26739734751758,-0.601441411640547));
#2386=DIRECTION('center_axis',(0.,0.514495755427527,-0.857492925712544));
#2387=DIRECTION('ref_axis',(-0.923879532511288,-0.328148336040456,-0.196889001624276));
#2388=DIRECTION('center_axis',(-1.,0.,0.));
#2389=DIRECTION('ref_axis',(0.,-0.492698814983593,-0.870199906753479));
#2390=DIRECTION('center_axis',(-1.,0.,0.));
#2391=DIRECTION('ref_axis',(0.,0.,-1.));
#2392=DIRECTION('',(-1.,0.,0.));
#2393=DIRECTION('center_axis',(1.,0.,0.));
#2394=DIRECTION('ref_axis',(0.,-0.857492925712543,-0.514495755427528));
#2395=DIRECTION('',(1.,0.,0.));
#2396=DIRECTION('center_axis',(0.207615572383997,-0.807930491269106,0.551492606823815));
#2397=DIRECTION('ref_axis',(-0.28465174223213,-0.589277796355555,-0.756125032231148));
#2398=DIRECTION('center_axis',(0.,0.514495755427527,-0.857492925712544));
#2399=DIRECTION('ref_axis',(-0.382683432365092,-0.79222016333904,-0.475332098003425));
#2400=DIRECTION('center_axis',(-0.128559344853726,-0.847257289057505,0.515390707123934));
#2401=DIRECTION('ref_axis',(0.205057199921743,-0.531182723870918,-0.822068402641366));
#2402=DIRECTION('center_axis',(-0.457495710997814,0.457495710997814,-0.762492851663023));
#2403=DIRECTION('ref_axis',(0.284543459933267,-0.737084921498443,-0.612977028859026));
#2404=DIRECTION('center_axis',(0.,0.,-1.));
#2405=DIRECTION('ref_axis',(-0.382683432365089,0.923879532511287,0.));
#2406=DIRECTION('',(0.,0.,1.));
#2407=DIRECTION('center_axis',(0.,0.,-1.));
#2408=DIRECTION('ref_axis',(-0.382683432365089,0.923879532511287,0.));
#2409=DIRECTION('',(0.,0.,-1.));
#2410=DIRECTION('center_axis',(-0.707106781186547,0.707106781186548,0.));
#2411=DIRECTION('ref_axis',(0.,0.,1.));
#2412=DIRECTION('',(0.,0.,-1.));
#2413=DIRECTION('',(0.707106781186548,0.707106781186547,0.));
#2414=DIRECTION('center_axis',(0.,0.,1.));
#2415=DIRECTION('ref_axis',(-0.923879532511287,0.382683432365089,0.));
#2416=DIRECTION('',(0.,0.,1.));
#2417=DIRECTION('center_axis',(0.,0.,-1.));
#2418=DIRECTION('ref_axis',(-0.923879532511287,0.382683432365089,0.));
#2419=DIRECTION('center_axis',(-1.,0.,0.));
#2420=DIRECTION('ref_axis',(0.,0.,-1.));
#2421=DIRECTION('',(0.,0.514495755427527,-0.857492925712544));
#2422=DIRECTION('',(0.,0.,-1.));
#2423=DIRECTION('',(0.,-1.,0.));
#2424=DIRECTION('center_axis',(0.,0.514495755427527,-0.857492925712544));
#2425=DIRECTION('ref_axis',(-0.923879532511288,-0.328148336040457,-0.196889001624275));
#2426=DIRECTION('',(3.92523114670944E-17,-0.514495755427527,0.857492925712544));
#2427=DIRECTION('center_axis',(0.,0.266933581895814,-0.96371492821076));
#2428=DIRECTION('ref_axis',(-8.95125715652935E-16,-0.96371492821076,-0.266933581895814));
#2429=DIRECTION('center_axis',(-0.707106781186548,-0.606339062590832,-0.3638034375545));
#2430=DIRECTION('ref_axis',(-0.457495710997814,0.,0.889211827642101));
#2431=DIRECTION('',(0.,0.514495755427527,-0.857492925712544));
#2432=DIRECTION('',(0.693922572902126,-0.693922572902126,-0.19220542560965));
#2433=DIRECTION('center_axis',(0.,-0.514495755427527,0.857492925712544));
#2434=DIRECTION('ref_axis',(-0.382683432365091,-0.79222016333904,-0.475332098003425));
#2435=DIRECTION('',(0.,-0.514495755427527,0.857492925712544));
#2436=DIRECTION('center_axis',(0.,0.266933581895819,-0.963714928210759));
#2437=DIRECTION('ref_axis',(5.26544538619374E-16,-0.963714928210759,-0.266933581895819));
#2438=DIRECTION('center_axis',(0.,0.857492925712544,0.514495755427527));
#2439=DIRECTION('ref_axis',(0.,-0.514495755427527,0.857492925712544));
#2440=DIRECTION('',(-0.457495710997814,0.457495710997814,-0.762492851663023));
#2441=DIRECTION('center_axis',(0.,0.857492925712544,0.514495755427527));
#2442=DIRECTION('ref_axis',(0.813621194629577,-0.29912543920205,0.498542398670084));
#2443=DIRECTION('',(1.,0.,0.));
#2444=DIRECTION('center_axis',(0.,0.,-1.));
#2445=DIRECTION('ref_axis',(1.,0.,0.));
#2446=DIRECTION('center_axis',(0.457495710997814,-0.457495710997814,0.762492851663023));
#2447=DIRECTION('ref_axis',(0.737084921498442,-0.284543459933271,-0.612977028859026));
#2448=DIRECTION('',(0.457495710997814,-0.457495710997814,0.762492851663023));
#2449=DIRECTION('',(-0.457495710997814,0.457495710997814,-0.762492851663023));
#2450=DIRECTION('center_axis',(0.539163866017192,-0.539163866017192,-0.646996639220631));
#2451=DIRECTION('ref_axis',(-0.768221279597376,0.,-0.64018439966448));
#2452=DIRECTION('',(-0.0135477830899368,0.762569508760765,-0.646764409875585));
#2453=DIRECTION('',(0.707185696839709,0.707027844488185,0.000131543626270675));
#2454=DIRECTION('',(0.768221279597376,0.,0.64018439966448));
#2455=DIRECTION('',(0.457495710997814,-0.457495710997814,0.762492851663023));
#2456=DIRECTION('center_axis',(0.0135477830899368,-0.762569508760765,0.646764409875585));
#2457=DIRECTION('ref_axis',(0.873330929672266,-0.305968451241409,-0.379046691217201));
#2458=DIRECTION('center_axis',(-0.857492925712544,0.,0.514495755427526));
#2459=DIRECTION('ref_axis',(0.305083188780418,-0.805220772307642,0.508471981300697));
#2460=DIRECTION('center_axis',(0.00721572727664615,-0.938767678598051,0.344475222475428));
#2461=DIRECTION('ref_axis',(-0.0196600668983419,-0.344550788157024,-0.938561791332849));
#2462=DIRECTION('',(0.0135477830899368,-0.762569508760765,0.646764409875585));
#2463=DIRECTION('center_axis',(-0.396592247675143,-0.84025239386309,0.369716788489953));
#2464=DIRECTION('ref_axis',(-0.742978407940214,0.057255918373071,-0.6668619385944));
#2465=DIRECTION('center_axis',(-0.457495710997814,0.457495710997814,-0.762492851663023));
#2466=DIRECTION('ref_axis',(0.284543459933271,-0.737084921498442,-0.612977028859025));
#2467=DIRECTION('center_axis',(-0.768221279597376,0.,-0.64018439966448));
#2468=DIRECTION('ref_axis',(0.307300559734067,-0.87725819061927,-0.36876067168088));
#2469=DIRECTION('center_axis',(-0.839775715009614,-0.402427820336453,-0.364456578894307));
#2470=DIRECTION('ref_axis',(0.0638676292145187,-0.739833883382381,0.669751260497405));
#2471=DIRECTION('',(-0.768221279597376,0.,-0.64018439966448));
#2472=DIRECTION('center_axis',(0.940271577683113,0.,0.340425263753016));
#2473=DIRECTION('ref_axis',(-0.340425263753016,0.,0.940271577683113));
#2474=DIRECTION('center_axis',(0.693922572902126,-0.693922572902126,-0.19220542560965));
#2475=DIRECTION('ref_axis',(-0.720049625245992,-0.668743542528199,-0.185231237943122));
#2476=DIRECTION('',(-0.693922572902126,0.693922572902126,0.19220542560965));
#2477=DIRECTION('center_axis',(0.,0.,-1.));
#2478=DIRECTION('ref_axis',(-0.923879532511287,-0.382683432365088,0.));
#2479=DIRECTION('',(0.,0.,1.));
#2480=DIRECTION('center_axis',(0.,0.,-1.));
#2481=DIRECTION('ref_axis',(-0.923879532511287,-0.382683432365088,0.));
#2482=DIRECTION('center_axis',(0.,0.,1.));
#2483=DIRECTION('ref_axis',(-1.,0.,0.));
#2484=DIRECTION('',(-0.707106781186547,0.707106781186548,0.));
#2485=DIRECTION('center_axis',(0.,0.,-1.));
#2486=DIRECTION('ref_axis',(-0.382683432365089,-0.923879532511287,0.));
#2487=DIRECTION('',(-1.,0.,0.));
#2488=DIRECTION('center_axis',(0.,0.,-1.));
#2489=DIRECTION('ref_axis',(1.,1.72396427680578E-13,0.));
#2490=DIRECTION('',(-0.707184325538619,-0.707029228329698,0.));
#2491=DIRECTION('center_axis',(0.,0.,-1.));
#2492=DIRECTION('ref_axis',(1.,-1.70976178276366E-13,0.));
#2493=DIRECTION('',(0.,-1.,0.));
#2494=DIRECTION('center_axis',(0.,0.,-1.));
#2495=DIRECTION('ref_axis',(1.,1.74472176809812E-13,0.));
#2496=DIRECTION('',(0.707184325538619,-0.707029228329698,0.));
#2497=DIRECTION('center_axis',(0.,0.,-1.));
#2498=DIRECTION('ref_axis',(1.,-1.72997302428514E-13,0.));
#2499=DIRECTION('',(-1.,0.,0.));
#2500=DIRECTION('center_axis',(-0.707106781186548,-0.707106781186547,0.));
#2501=DIRECTION('ref_axis',(0.,0.,1.));
#2502=DIRECTION('',(0.,0.,-1.));
#2503=DIRECTION('center_axis',(-0.514495755427526,0.,-0.857492925712544));
#2504=DIRECTION('ref_axis',(0.792220163339041,0.382683432365089,-0.475332098003425));
#2505=DIRECTION('',(0.514495755427526,0.,0.857492925712544));
#2506=DIRECTION('center_axis',(-0.27701076043597,0.,-0.960866816266795));
#2507=DIRECTION('ref_axis',(0.960866816266794,-1.05608583771413E-15,-0.27701076043597));
#2508=DIRECTION('',(-0.514495755427526,0.,-0.857492925712544));
#2509=DIRECTION('center_axis',(-0.690924334491574,0.694944289420228,0.199188349582977));
#2510=DIRECTION('ref_axis',(0.667748906858003,0.719063581752138,-0.192507046072936));
#2511=DIRECTION('',(-0.690924334491574,0.694944289420228,0.199188349582977));
#2512=DIRECTION('',(0.690924334491574,-0.694944289420228,-0.199188349582977));
#2513=DIRECTION('center_axis',(0.606339062590832,0.707106781186548,-0.363803437554499));
#2514=DIRECTION('ref_axis',(-0.514495755427526,0.,-0.857492925712544));
#2515=DIRECTION('',(-0.514495755427526,0.,-0.857492925712544));
#2516=DIRECTION('center_axis',(0.,1.,0.));
#2517=DIRECTION('ref_axis',(1.,0.,0.));
#2518=DIRECTION('',(0.0209424198833568,0.,0.999780683474845));
#2519=DIRECTION('',(0.514495755427526,0.,0.857492925712544));
#2520=DIRECTION('center_axis',(0.514495755427526,0.,0.857492925712544));
#2521=DIRECTION('ref_axis',(0.32814833604046,0.923879532511287,-0.196889001624276));
#2522=DIRECTION('center_axis',(-0.277010760435974,0.,-0.960866816266793));
#2523=DIRECTION('ref_axis',(0.960866816266793,3.16825751314241E-16,-0.277010760435974));
#2524=DIRECTION('center_axis',(0.0209424198833568,0.,0.999780683474845));
#2525=DIRECTION('ref_axis',(0.382599503564469,0.923879532511287,-0.00801431712299508));
#2526=DIRECTION('',(-0.0209424198833568,-1.2266347333467E-18,-0.999780683474845));
#2527=DIRECTION('center_axis',(0.706951700984384,0.707106781186548,-0.0148085271139776));
#2528=DIRECTION('ref_axis',(-0.0209424198833568,0.,-0.999780683474845));
#2529=DIRECTION('',(0.0209424198833568,0.,0.999780683474845));
#2530=DIRECTION('center_axis',(-0.0209424198833568,0.,-0.999780683474845));
#2531=DIRECTION('ref_axis',(0.923676910462555,0.382683432365091,-0.0193482730914909));
#2532=DIRECTION('',(-0.0209424198833568,0.,-0.999780683474845));
#2533=DIRECTION('center_axis',(0.,-1.,0.));
#2534=DIRECTION('ref_axis',(0.960866816266792,0.,-0.277010760435977));
#2535=DIRECTION('',(0.,-1.,0.));
#2536=DIRECTION('',(0.,1.,0.));
#2537=DIRECTION('center_axis',(0.0209424198833568,-4.9065389333868E-18,
0.999780683474845));
#2538=DIRECTION('ref_axis',(0.923676910462556,-0.382683432365088,-0.0193482730914909));
#2539=DIRECTION('',(-0.0209424198833568,4.9065389333868E-18,-0.999780683474845));
#2540=DIRECTION('',(0.0209424198833568,-4.9065389333868E-18,0.999780683474845));
#2541=DIRECTION('center_axis',(0.707185696839709,0.707027844488185,0.00013154362627062));
#2542=DIRECTION('ref_axis',(0.66193089654905,-0.662013274443983,-0.351547881025794));
#2543=DIRECTION('',(-0.707185696839709,-0.707027844488185,-0.000131543626270622));
#2544=DIRECTION('center_axis',(0.706951700984384,-0.707106781186548,-0.0148085271139776));
#2545=DIRECTION('ref_axis',(-0.0209424198833568,0.,-0.999780683474845));
#2546=DIRECTION('',(0.0209424198833568,0.,0.999780683474845));
#2547=DIRECTION('center_axis',(0.,0.,1.));
#2548=DIRECTION('ref_axis',(-0.382683432365089,-0.923879532511287,0.));
#2549=DIRECTION('',(0.,0.,1.));
#2550=DIRECTION('center_axis',(0.,-1.,0.));
#2551=DIRECTION('ref_axis',(0.,0.,-1.));
#2552=DIRECTION('',(-1.,0.,0.));
#2553=DIRECTION('',(-0.0209424198833568,0.,-0.999780683474845));
#2554=DIRECTION('center_axis',(1.,0.,0.));
#2555=DIRECTION('ref_axis',(0.,-0.963714928210761,-0.266933581895812));
#2556=DIRECTION('center_axis',(-0.0209424198833568,0.,-0.999780683474845));
#2557=DIRECTION('ref_axis',(0.382599503564468,-0.923879532511287,-0.00801431712299318));
#2558=DIRECTION('center_axis',(0.999780683474845,0.,-0.0209424198833568));
#2559=DIRECTION('ref_axis',(0.0209424198833568,0.,0.999780683474845));
#2560=DIRECTION('center_axis',(0.857492925712544,0.,-0.514495755427526));
#2561=DIRECTION('ref_axis',(0.514495755427526,0.,0.857492925712544));
#2562=CARTESIAN_POINT('',(0.,0.,0.));
#2563=CARTESIAN_POINT('Ctrl Pts',(2.59413963615,-3.73000709436882,0.226390846872845));
#2564=CARTESIAN_POINT('Ctrl Pts',(2.59200665299509,-3.725741128059,0.219280903023141));
#2565=CARTESIAN_POINT('Ctrl Pts',(2.59037380679617,-3.72089368684642,0.212519958347804));
#2566=CARTESIAN_POINT('Ctrl Pts',(2.58926276097853,-3.71552908308368,0.206197712182776));
#2567=CARTESIAN_POINT('Ctrl Pts',(2.6088532438967,-3.72611231584764,0.219899549337535));
#2568=CARTESIAN_POINT('Ctrl Pts',(2.60663685192573,-3.72211677021199,0.214052718731387));
#2569=CARTESIAN_POINT('Ctrl Pts',(2.60494505868795,-3.71774421265233,0.208476802039748));
#2570=CARTESIAN_POINT('Ctrl Pts',(2.60379199859278,-3.71300983352847,0.203228748109467));
#2571=CARTESIAN_POINT('Ctrl Pts',(2.62352357025982,-3.71745077250073,0.21629427952781));
#2572=CARTESIAN_POINT('Ctrl Pts',(2.62123155320697,-3.71426170270164,0.211735743721146));
#2573=CARTESIAN_POINT('Ctrl Pts',(2.61948376015406,-3.71077525919654,0.207360956745445));
#2574=CARTESIAN_POINT('Ctrl Pts',(2.61829194668255,-3.70700375837598,0.203228748109467));
#2575=CARTESIAN_POINT('Ctrl Pts',(2.63522392274051,-3.70575042002004,0.21629427952781));
#2576=CARTESIAN_POINT('Ctrl Pts',(2.6330909395856,-3.70361743686513,0.212739307602958));
#2577=CARTESIAN_POINT('Ctrl Pts',(2.63145809338668,-3.70119371625884,0.20935883526529));
#2578=CARTESIAN_POINT('Ctrl Pts',(2.63034704756904,-3.69851141437746,0.206197712182776));
#2579=CARTESIAN_POINT('',(2.58926276097853,-3.71552908308368,0.206197712182776));
#2580=CARTESIAN_POINT('',(2.63034704756904,-3.69851141437746,0.206197712182776));
#2581=CARTESIAN_POINT('Origin',(2.58926276097853,-3.65742712778695,0.255498856091388));
#2582=CARTESIAN_POINT('',(2.59413963615,-3.73000709436882,0.226390846872845));
#2583=CARTESIAN_POINT('Origin',(2.70652608896559,-3.59932517249023,0.3048));
#2584=CARTESIAN_POINT('',(2.63522392274051,-3.70575042002004,0.216294279527811));
#2585=CARTESIAN_POINT('Origin',(2.59413963615,-3.66466613342953,0.265595423436422));
#2586=CARTESIAN_POINT('Origin',(2.7476103755561,-3.64040945908074,0.255498856091388));
#2587=CARTESIAN_POINT('Ctrl Pts',(2.58926276097853,-3.71552908308368,0.206197712182776));
#2588=CARTESIAN_POINT('Ctrl Pts',(2.58335996220564,-3.68702784937671,0.172608686138808));
#2589=CARTESIAN_POINT('Ctrl Pts',(2.57431952707349,-3.64337676716513,0.1524));
#2590=CARTESIAN_POINT('Ctrl Pts',(2.56519614309423,-3.59932517249023,0.1524));
#2591=CARTESIAN_POINT('Ctrl Pts',(2.60379199859278,-3.71300983352847,0.203228748109467));
#2592=CARTESIAN_POINT('Ctrl Pts',(2.59387757202442,-3.68346161787345,0.170187510448378));
#2593=CARTESIAN_POINT('Ctrl Pts',(2.57951105729294,-3.64122636493876,0.1524));
#2594=CARTESIAN_POINT('Ctrl Pts',(2.56519614309423,-3.59932517249023,0.1524));
#2595=CARTESIAN_POINT('Ctrl Pts',(2.61829194668255,-3.70700375837598,0.203228748109467));
#2596=CARTESIAN_POINT('Ctrl Pts',(2.60440876127899,-3.6790994564563,0.170187510448378));
#2597=CARTESIAN_POINT('Ctrl Pts',(2.58470258751239,-3.6390759627124,0.1524));
#2598=CARTESIAN_POINT('Ctrl Pts',(2.56519614309423,-3.59932517249023,0.1524));
#2599=CARTESIAN_POINT('Ctrl Pts',(2.63034704756904,-3.69851141437746,0.206197712182776));
#2600=CARTESIAN_POINT('Ctrl Pts',(2.61436754098295,-3.67418408971079,0.172608686138808));
#2601=CARTESIAN_POINT('Ctrl Pts',(2.58989411773184,-3.63692556048603,0.1524));
#2602=CARTESIAN_POINT('Ctrl Pts',(2.56519614309423,-3.59932517249023,0.1524));
#2603=CARTESIAN_POINT('',(2.56519614309423,-3.59932517249023,0.1524));
#2604=CARTESIAN_POINT('Origin',(2.56519614309423,-3.59932517249023,0.3048));
#2605=CARTESIAN_POINT('Origin',(2.56519614309423,-3.59932517249023,0.3048));
#2606=CARTESIAN_POINT('Ctrl Pts',(0.670727683632075,-3.7177588227721,0.249356356116694));
#2607=CARTESIAN_POINT('Ctrl Pts',(0.671906668748043,-3.71436195887999,0.241403381131185));
#2608=CARTESIAN_POINT('Ctrl Pts',(0.673848449190857,-3.71082559769775,0.233712153781286));
#2609=CARTESIAN_POINT('Ctrl Pts',(0.676525714905921,-3.70719947616516,0.226390846872846));
#2610=CARTESIAN_POINT('Ctrl Pts',(0.684833836960727,-3.72985474946044,0.242098800103692));
#2611=CARTESIAN_POINT('Ctrl Pts',(0.685933632885144,-3.72637724486413,0.235390854949423));
#2612=CARTESIAN_POINT('Ctrl Pts',(0.687649242782767,-3.72293010016859,0.228908243622353));
#2613=CARTESIAN_POINT('Ctrl Pts',(0.689988952998443,-3.71951359243234,0.222716717846121));
#2614=CARTESIAN_POINT('Ctrl Pts',(0.704660107008194,-3.73689674714198,0.23787360149477));
#2615=CARTESIAN_POINT('Ctrl Pts',(0.7052197163734,-3.7337537204205,0.232652192481786));
#2616=CARTESIAN_POINT('Ctrl Pts',(0.706335915470685,-3.73072392752568,0.227577340107505));
#2617=CARTESIAN_POINT('Ctrl Pts',(0.708015911537466,-3.72780261695279,0.222716717846121));
#2618=CARTESIAN_POINT('Ctrl Pts',(0.724609220358489,-3.73689674714198,0.23787360149477));
#2619=CARTESIAN_POINT('Ctrl Pts',(0.724609220358489,-3.73451085464632,0.233897114002015));
#2620=CARTESIAN_POINT('Ctrl Pts',(0.725117761015389,-3.73220348644135,0.230051500327065));
#2621=CARTESIAN_POINT('Ctrl Pts',(0.726127689989615,-3.73000709436882,0.226390846872845));
#2622=CARTESIAN_POINT('',(0.676525714905922,-3.70719947616516,0.226390846872845));
#2623=CARTESIAN_POINT('',(0.726127689989616,-3.73000709436882,0.226390846872845));
#2624=CARTESIAN_POINT('Origin',(0.726127689989616,-3.66466613342953,0.265595423436422));
#2625=CARTESIAN_POINT('',(0.670727683632074,-3.7177588227721,0.249356356116694));
#2626=CARTESIAN_POINT('Origin',(0.832372293811319,-3.68818887936767,0.3048));
#2627=CARTESIAN_POINT('',(0.724609220358489,-3.73689674714198,0.23787360149477));
#2628=CARTESIAN_POINT('Origin',(0.724609220358489,-3.67155578620268,0.277078178058347));
#2629=CARTESIAN_POINT('Origin',(0.832372293811319,-3.75352984030697,0.265595423436422));
#2630=CARTESIAN_POINT('Ctrl Pts',(0.676525714905922,-3.70719947616516,0.226390846872845));
#2631=CARTESIAN_POINT('Ctrl Pts',(0.692938912749134,-3.68496923962834,0.181506972223058));
#2632=CARTESIAN_POINT('Ctrl Pts',(0.724270771456536,-3.64253298577597,0.1524));
#2633=CARTESIAN_POINT('Ctrl Pts',(0.756172293811319,-3.59932517249023,0.1524));
#2634=CARTESIAN_POINT('Ctrl Pts',(0.689988952998443,-3.71951359243234,0.22271671784612));
#2635=CARTESIAN_POINT('Ctrl Pts',(0.705032406684434,-3.69255708877409,0.177402551877573));
#2636=CARTESIAN_POINT('Ctrl Pts',(0.730893271919292,-3.64557809560987,0.1524));
#2637=CARTESIAN_POINT('Ctrl Pts',(0.756172293811319,-3.59932517249023,0.1524));
#2638=CARTESIAN_POINT('Ctrl Pts',(0.708015911537467,-3.72780261695279,0.22271671784612));
#2639=CARTESIAN_POINT('Ctrl Pts',(0.718686820584767,-3.6988355617282,0.177402551877573));
#2640=CARTESIAN_POINT('Ctrl Pts',(0.737515772382049,-3.64862320544377,0.1524));
#2641=CARTESIAN_POINT('Ctrl Pts',(0.756172293811319,-3.59932517249023,0.1524));
#2642=CARTESIAN_POINT('Ctrl Pts',(0.726127689989616,-3.73000709436882,0.226390846872845));
#2643=CARTESIAN_POINT('Ctrl Pts',(0.732319142697613,-3.70307676957895,0.181506972223058));
#2644=CARTESIAN_POINT('Ctrl Pts',(0.744138272844805,-3.65166831527767,0.1524));
#2645=CARTESIAN_POINT('Ctrl Pts',(0.75617229381132,-3.59932517249023,0.1524));
#2646=CARTESIAN_POINT('',(0.756172293811319,-3.59932517249023,0.1524));
#2647=CARTESIAN_POINT('Origin',(0.75617229381132,-3.59932517249023,0.3048));
#2648=CARTESIAN_POINT('Origin',(0.756172293811319,-3.59932517249023,0.3048));
#2649=CARTESIAN_POINT('Ctrl Pts',(0.1524,-3.10974769870566,0.304799999999999));
#2650=CARTESIAN_POINT('Ctrl Pts',(0.1524,-3.10407311682497,0.285884727064356));
#2651=CARTESIAN_POINT('Ctrl Pts',(0.1559616555302,-3.10047712511749,0.26697547401858));
#2652=CARTESIAN_POINT('Ctrl Pts',(0.162843096846469,-3.09920392507516,0.249356356116692));
#2653=CARTESIAN_POINT('Ctrl Pts',(0.1524,-3.12685392227777,0.29453626585673));
#2654=CARTESIAN_POINT('Ctrl Pts',(0.153701147347318,-3.12087280278527,0.278274316226137));
#2655=CARTESIAN_POINT('Ctrl Pts',(0.157489610518119,-3.11711282253706,0.262290643122978));
#2656=CARTESIAN_POINT('Ctrl Pts',(0.163654745529817,-3.11577639586953,0.247278225505739));
#2657=CARTESIAN_POINT('Ctrl Pts',(0.160612309944932,-3.14385480858674,0.284335734071348));
#2658=CARTESIAN_POINT('Ctrl Pts',(0.161785137447886,-3.13760804506718,0.271714928577769));
#2659=CARTESIAN_POINT('Ctrl Pts',(0.164855096065054,-3.1336916739723,0.259139663687201));
#2660=CARTESIAN_POINT('Ctrl Pts',(0.169768395103634,-3.13229804186848,0.247278225505739));
#2661=CARTESIAN_POINT('Ctrl Pts',(0.174718463273585,-3.15595073527508,0.277078178058347));
#2662=CARTESIAN_POINT('Ctrl Pts',(0.174718463273585,-3.15027615339439,0.267620541590525));
#2663=CARTESIAN_POINT('Ctrl Pts',(0.176499291038685,-3.14668016168691,0.258165915067637));
#2664=CARTESIAN_POINT('Ctrl Pts',(0.17994001169682,-3.14540696164458,0.249356356116693));
#2665=CARTESIAN_POINT('',(0.162843096846469,-3.09920392507516,0.249356356116692));
#2666=CARTESIAN_POINT('',(0.17994001169682,-3.14540696164458,0.249356356116692));
#2667=CARTESIAN_POINT('Origin',(0.233821548423235,-3.09920392507516,0.277078178058346));
#2668=CARTESIAN_POINT('',(0.1524,-3.10974769870566,0.304799999999999));
#2669=CARTESIAN_POINT('Origin',(0.3048,-3.1986114055831,0.3048));
#2670=CARTESIAN_POINT('',(0.174718463273585,-3.15595073527508,0.277078178058347));
#2671=CARTESIAN_POINT('Origin',(0.2286,-3.10974769870566,0.3048));
#2672=CARTESIAN_POINT('Origin',(0.250918463273585,-3.24481444215252,0.277078178058347));
#2673=CARTESIAN_POINT('Ctrl Pts',(0.162843096846469,-3.09920392507516,0.249356356116692));
#2674=CARTESIAN_POINT('Ctrl Pts',(0.184991879582208,-3.0951059709082,0.192647013339665));
#2675=CARTESIAN_POINT('Ctrl Pts',(0.243918819534462,-3.08420334470049,0.1524));
#2676=CARTESIAN_POINT('Ctrl Pts',(0.304799999999999,-3.07293914611427,0.1524));
#2677=CARTESIAN_POINT('Ctrl Pts',(0.163654745529817,-3.11577639586952,0.247278225505738));
#2678=CARTESIAN_POINT('Ctrl Pts',(0.187348339008906,-3.10868392751392,0.18913601840605));
#2679=CARTESIAN_POINT('Ctrl Pts',(0.246362942446147,-3.09080839018718,0.1524));
#2680=CARTESIAN_POINT('Ctrl Pts',(0.304799999999999,-3.07293914611427,0.1524));
#2681=CARTESIAN_POINT('Ctrl Pts',(0.169768395103635,-3.13229804186848,0.247278225505738));
#2682=CARTESIAN_POINT('Ctrl Pts',(0.192371604477544,-3.12225889821343,0.18913601840605));
#2683=CARTESIAN_POINT('Ctrl Pts',(0.248807065357832,-3.09741343567388,0.1524));
#2684=CARTESIAN_POINT('Ctrl Pts',(0.304799999999999,-3.07293914611427,0.1524));
#2685=CARTESIAN_POINT('Ctrl Pts',(0.17994001169682,-3.14540696164458,0.249356356116692));
#2686=CARTESIAN_POINT('Ctrl Pts',(0.199421253481329,-3.13410019271783,0.192647013339665));
#2687=CARTESIAN_POINT('Ctrl Pts',(0.251251188269517,-3.10401848116058,0.1524));
#2688=CARTESIAN_POINT('Ctrl Pts',(0.304799999999999,-3.07293914611427,0.1524));
#2689=CARTESIAN_POINT('',(0.304799999999999,-3.07293914611427,0.1524));
#2690=CARTESIAN_POINT('Origin',(0.304799999999999,-3.07293914611427,0.3048));
#2691=CARTESIAN_POINT('Origin',(0.3048,-3.07293914611427,0.3048));
#2692=CARTESIAN_POINT('Ctrl Pts',(0.174718463273585,-0.670727683632075,
0.3048));
#2693=CARTESIAN_POINT('Ctrl Pts',(0.174718463273585,-0.670727683632075,
0.259202026627897));
#2694=CARTESIAN_POINT('Ctrl Pts',(0.207329652607355,-0.692148481926962,
0.180179897384268));
#2695=CARTESIAN_POINT('Ctrl Pts',(0.275609771418045,-0.736998568123608,
0.1524));
#2696=CARTESIAN_POINT('Ctrl Pts',(0.3048,-0.756172293811319,0.1524));
#2697=CARTESIAN_POINT('Ctrl Pts',(0.160612309944932,-0.684833836960728,
0.3048));
#2698=CARTESIAN_POINT('Ctrl Pts',(0.160612309944932,-0.684833836960727,
0.256702003395143));
#2699=CARTESIAN_POINT('Ctrl Pts',(0.2011728325835,-0.705251686899142,0.176112189074114));
#2700=CARTESIAN_POINT('Ctrl Pts',(0.273940354269004,-0.74102889764608,0.1524));
#2701=CARTESIAN_POINT('Ctrl Pts',(0.3048,-0.756172293811319,0.1524));
#2702=CARTESIAN_POINT('Ctrl Pts',(0.1524,-0.704660107008194,0.3048));
#2703=CARTESIAN_POINT('Ctrl Pts',(0.1524,-0.704660107008194,0.256702003395143));
#2704=CARTESIAN_POINT('Ctrl Pts',(0.195518220754903,-0.718903127465694,
0.176112189074114));
#2705=CARTESIAN_POINT('Ctrl Pts',(0.272270937119963,-0.745059227168553,
0.1524));
#2706=CARTESIAN_POINT('Ctrl Pts',(0.3048,-0.756172293811319,0.1524));
#2707=CARTESIAN_POINT('Ctrl Pts',(0.1524,-0.72460922035849,0.3048));
#2708=CARTESIAN_POINT('Ctrl Pts',(0.1524,-0.72460922035849,0.259202026627897));
#2709=CARTESIAN_POINT('Ctrl Pts',(0.190606384853211,-0.732522021746213,
0.180179897384268));
#2710=CARTESIAN_POINT('Ctrl Pts',(0.270601519970923,-0.749089556691025,
0.1524));
#2711=CARTESIAN_POINT('Ctrl Pts',(0.3048,-0.756172293811319,0.1524));
#2712=CARTESIAN_POINT('',(0.1524,-0.72460922035849,0.3048));
#2713=CARTESIAN_POINT('',(0.3048,-0.756172293811319,0.1524));
#2714=CARTESIAN_POINT('Origin',(0.3048,-0.756172293811319,0.3048));
#2715=CARTESIAN_POINT('',(0.174718463273585,-0.670727683632075,0.3048));
#2716=CARTESIAN_POINT('Origin',(0.3048,-0.756172293811319,0.3048));
#2717=CARTESIAN_POINT('Origin',(0.2286,-0.72460922035849,0.3048));
#2718=CARTESIAN_POINT('Ctrl Pts',(0.72460922035849,-0.1524,0.3048));
#2719=CARTESIAN_POINT('Ctrl Pts',(0.72460922035849,-0.1524,0.259202026627897));
#2720=CARTESIAN_POINT('Ctrl Pts',(0.732522021746213,-0.190606384853211,
0.180179897384268));
#2721=CARTESIAN_POINT('Ctrl Pts',(0.749089556691025,-0.270601519970923,
0.1524));
#2722=CARTESIAN_POINT('Ctrl Pts',(0.75617229381132,-0.3048,0.1524));
#2723=CARTESIAN_POINT('Ctrl Pts',(0.704660107008195,-0.1524,0.3048));
#2724=CARTESIAN_POINT('Ctrl Pts',(0.704660107008195,-0.1524,0.256702003395142));
#2725=CARTESIAN_POINT('Ctrl Pts',(0.718903127465694,-0.195518220754904,
0.176112189074114));
#2726=CARTESIAN_POINT('Ctrl Pts',(0.745059227168553,-0.272270937119963,
0.1524));
#2727=CARTESIAN_POINT('Ctrl Pts',(0.75617229381132,-0.3048,0.1524));
#2728=CARTESIAN_POINT('Ctrl Pts',(0.684833836960728,-0.160612309944932,
0.3048));
#2729=CARTESIAN_POINT('Ctrl Pts',(0.684833836960728,-0.160612309944932,
0.256702003395142));
#2730=CARTESIAN_POINT('Ctrl Pts',(0.705251686899142,-0.2011728325835,0.176112189074114));
#2731=CARTESIAN_POINT('Ctrl Pts',(0.74102889764608,-0.273940354269004,0.1524));
#2732=CARTESIAN_POINT('Ctrl Pts',(0.75617229381132,-0.3048,0.1524));
#2733=CARTESIAN_POINT('Ctrl Pts',(0.670727683632075,-0.174718463273585,
0.3048));
#2734=CARTESIAN_POINT('Ctrl Pts',(0.670727683632075,-0.174718463273585,
0.259202026627897));
#2735=CARTESIAN_POINT('Ctrl Pts',(0.692148481926962,-0.207329652607355,
0.180179897384268));
#2736=CARTESIAN_POINT('Ctrl Pts',(0.736998568123608,-0.275609771418045,
0.1524));
#2737=CARTESIAN_POINT('Ctrl Pts',(0.75617229381132,-0.3048,0.1524));
#2738=CARTESIAN_POINT('',(0.670727683632075,-0.174718463273585,0.3048));
#2739=CARTESIAN_POINT('',(0.75617229381132,-0.3048,0.1524));
#2740=CARTESIAN_POINT('Origin',(0.75617229381132,-0.3048,0.3048));
#2741=CARTESIAN_POINT('',(0.72460922035849,-0.1524,0.3048));
#2742=CARTESIAN_POINT('Origin',(0.75617229381132,-0.3048,0.3048));
#2743=CARTESIAN_POINT('Origin',(0.72460922035849,-0.2286,0.3048));
#2744=CARTESIAN_POINT('Ctrl Pts',(3.15595073527508,-0.174718463273585,0.277078178058347));
#2745=CARTESIAN_POINT('Ctrl Pts',(3.15027615339439,-0.174718463273585,0.267620541590525));
#2746=CARTESIAN_POINT('Ctrl Pts',(3.14668016168691,-0.176499291038685,0.258165915067637));
#2747=CARTESIAN_POINT('Ctrl Pts',(3.14540696164458,-0.17994001169682,0.249356356116693));
#2748=CARTESIAN_POINT('Ctrl Pts',(3.14385480858674,-0.160612309944933,0.284335734071349));
#2749=CARTESIAN_POINT('Ctrl Pts',(3.13760804506718,-0.161785137447886,0.27171492857777));
#2750=CARTESIAN_POINT('Ctrl Pts',(3.1336916739723,-0.164855096065054,0.259139663687201));
#2751=CARTESIAN_POINT('Ctrl Pts',(3.13229804186848,-0.169768395103634,0.247278225505739));
#2752=CARTESIAN_POINT('Ctrl Pts',(3.12685392227777,-0.1524,0.29453626585673));
#2753=CARTESIAN_POINT('Ctrl Pts',(3.12087280278527,-0.153701147347318,0.278274316226137));
#2754=CARTESIAN_POINT('Ctrl Pts',(3.11711282253706,-0.157489610518119,0.262290643122978));
#2755=CARTESIAN_POINT('Ctrl Pts',(3.11577639586953,-0.163654745529817,0.247278225505739));
#2756=CARTESIAN_POINT('Ctrl Pts',(3.10974769870566,-0.1524,0.3048));
#2757=CARTESIAN_POINT('Ctrl Pts',(3.10407311682497,-0.1524,0.285884727064356));
#2758=CARTESIAN_POINT('Ctrl Pts',(3.10047712511749,-0.1559616555302,0.26697547401858));
#2759=CARTESIAN_POINT('Ctrl Pts',(3.09920392507516,-0.162843096846469,0.249356356116692));
#2760=CARTESIAN_POINT('',(3.14540696164458,-0.17994001169682,0.249356356116692));
#2761=CARTESIAN_POINT('',(3.09920392507516,-0.162843096846469,0.249356356116692));
#2762=CARTESIAN_POINT('Origin',(3.09920392507516,-0.233821548423235,0.277078178058346));
#2763=CARTESIAN_POINT('',(3.15595073527508,-0.174718463273585,0.277078178058347));
#2764=CARTESIAN_POINT('Origin',(3.24481444215252,-0.250918463273585,0.277078178058347));
#2765=CARTESIAN_POINT('',(3.10974769870566,-0.1524,0.3048));
#2766=CARTESIAN_POINT('Origin',(3.10974769870566,-0.2286,0.3048));
#2767=CARTESIAN_POINT('Origin',(3.1986114055831,-0.3048,0.3048));
#2768=CARTESIAN_POINT('Ctrl Pts',(3.14540696164458,-0.17994001169682,0.249356356116692));
#2769=CARTESIAN_POINT('Ctrl Pts',(3.13410019271783,-0.199421253481329,0.192647013339665));
#2770=CARTESIAN_POINT('Ctrl Pts',(3.10401848116058,-0.251251188269517,0.1524));
#2771=CARTESIAN_POINT('Ctrl Pts',(3.07293914611428,-0.3048,0.1524));
#2772=CARTESIAN_POINT('Ctrl Pts',(3.13229804186848,-0.169768395103635,0.247278225505738));
#2773=CARTESIAN_POINT('Ctrl Pts',(3.12225889821343,-0.192371604477544,0.18913601840605));
#2774=CARTESIAN_POINT('Ctrl Pts',(3.09741343567388,-0.248807065357833,0.1524));
#2775=CARTESIAN_POINT('Ctrl Pts',(3.07293914611428,-0.3048,0.1524));
#2776=CARTESIAN_POINT('Ctrl Pts',(3.11577639586953,-0.163654745529817,0.247278225505738));
#2777=CARTESIAN_POINT('Ctrl Pts',(3.10868392751393,-0.187348339008906,0.18913601840605));
#2778=CARTESIAN_POINT('Ctrl Pts',(3.09080839018719,-0.246362942446148,0.1524));
#2779=CARTESIAN_POINT('Ctrl Pts',(3.07293914611428,-0.3048,0.1524));
#2780=CARTESIAN_POINT('Ctrl Pts',(3.09920392507516,-0.162843096846469,0.249356356116692));
#2781=CARTESIAN_POINT('Ctrl Pts',(3.0951059709082,-0.184991879582209,0.192647013339665));
#2782=CARTESIAN_POINT('Ctrl Pts',(3.08420334470049,-0.243918819534463,0.1524));
#2783=CARTESIAN_POINT('Ctrl Pts',(3.07293914611428,-0.3048,0.1524));
#2784=CARTESIAN_POINT('',(3.07293914611428,-0.3048,0.1524));
#2785=CARTESIAN_POINT('Origin',(3.07293914611428,-0.3048,0.3048));
#2786=CARTESIAN_POINT('Origin',(3.07293914611428,-0.3048,0.3048));
#2787=CARTESIAN_POINT('Ctrl Pts',(3.73689674714198,-0.724609220358489,0.237873601494769));
#2788=CARTESIAN_POINT('Ctrl Pts',(3.73451085464632,-0.724609220358489,0.233897114002015));
#2789=CARTESIAN_POINT('Ctrl Pts',(3.73220348644135,-0.725117761015388,0.230051500327066));
#2790=CARTESIAN_POINT('Ctrl Pts',(3.73000709436882,-0.726127689989614,0.226390846872845));
#2791=CARTESIAN_POINT('Ctrl Pts',(3.73689674714198,-0.704660107008194,0.237873601494769));
#2792=CARTESIAN_POINT('Ctrl Pts',(3.7337537204205,-0.705219716373399,0.232652192481786));
#2793=CARTESIAN_POINT('Ctrl Pts',(3.73072392752568,-0.706335915470685,0.227577340107505));
#2794=CARTESIAN_POINT('Ctrl Pts',(3.72780261695279,-0.708015911537465,0.222716717846121));
#2795=CARTESIAN_POINT('Ctrl Pts',(3.72985474946044,-0.684833836960727,0.242098800103692));
#2796=CARTESIAN_POINT('Ctrl Pts',(3.72637724486413,-0.685933632885143,0.235390854949422));
#2797=CARTESIAN_POINT('Ctrl Pts',(3.72293010016859,-0.687649242782767,0.228908243622353));
#2798=CARTESIAN_POINT('Ctrl Pts',(3.71951359243234,-0.689988952998442,0.222716717846121));
#2799=CARTESIAN_POINT('Ctrl Pts',(3.7177588227721,-0.670727683632074,0.249356356116694));
#2800=CARTESIAN_POINT('Ctrl Pts',(3.71436195887999,-0.671906668748042,0.241403381131185));
#2801=CARTESIAN_POINT('Ctrl Pts',(3.71082559769775,-0.673848449190856,0.233712153781286));
#2802=CARTESIAN_POINT('Ctrl Pts',(3.70719947616516,-0.67652571490592,0.226390846872846));
#2803=CARTESIAN_POINT('',(3.73000709436882,-0.726127689989615,0.226390846872845));
#2804=CARTESIAN_POINT('',(3.70719947616516,-0.676525714905921,0.226390846872845));
#2805=CARTESIAN_POINT('Origin',(3.66466613342953,-0.726127689989615,0.265595423436423));
#2806=CARTESIAN_POINT('',(3.73689674714198,-0.724609220358489,0.23787360149477));
#2807=CARTESIAN_POINT('Origin',(3.75352984030697,-0.832372293811318,0.265595423436422));
#2808=CARTESIAN_POINT('',(3.7177588227721,-0.670727683632074,0.249356356116694));
#2809=CARTESIAN_POINT('Origin',(3.67155578620268,-0.724609220358489,0.277078178058347));
#2810=CARTESIAN_POINT('Origin',(3.68818887936767,-0.832372293811319,0.3048));
#2811=CARTESIAN_POINT('Ctrl Pts',(3.73000709436882,-0.726127689989615,0.226390846872846));
#2812=CARTESIAN_POINT('Ctrl Pts',(3.70307676957895,-0.732319142697613,0.181506972223058));
#2813=CARTESIAN_POINT('Ctrl Pts',(3.65166831527767,-0.744138272844805,0.1524));
#2814=CARTESIAN_POINT('Ctrl Pts',(3.59932517249023,-0.756172293811319,0.1524));
#2815=CARTESIAN_POINT('Ctrl Pts',(3.72780261695279,-0.708015911537466,0.222716717846121));
#2816=CARTESIAN_POINT('Ctrl Pts',(3.6988355617282,-0.718686820584767,0.177402551877573));
#2817=CARTESIAN_POINT('Ctrl Pts',(3.64862320544377,-0.737515772382048,0.1524));
#2818=CARTESIAN_POINT('Ctrl Pts',(3.59932517249023,-0.756172293811319,0.1524));
#2819=CARTESIAN_POINT('Ctrl Pts',(3.71951359243234,-0.689988952998443,0.222716717846121));
#2820=CARTESIAN_POINT('Ctrl Pts',(3.69255708877409,-0.705032406684434,0.177402551877573));
#2821=CARTESIAN_POINT('Ctrl Pts',(3.64557809560987,-0.730893271919292,0.1524));
#2822=CARTESIAN_POINT('Ctrl Pts',(3.59932517249023,-0.756172293811319,0.1524));
#2823=CARTESIAN_POINT('Ctrl Pts',(3.70719947616517,-0.676525714905922,0.226390846872845));
#2824=CARTESIAN_POINT('Ctrl Pts',(3.68496923962835,-0.692938912749134,0.181506972223058));
#2825=CARTESIAN_POINT('Ctrl Pts',(3.64253298577597,-0.724270771456536,0.1524));
#2826=CARTESIAN_POINT('Ctrl Pts',(3.59932517249023,-0.756172293811319,0.1524));
#2827=CARTESIAN_POINT('',(3.59932517249023,-0.756172293811319,0.1524));
#2828=CARTESIAN_POINT('Origin',(3.59932517249023,-0.756172293811319,0.3048));
#2829=CARTESIAN_POINT('Origin',(3.59932517249023,-0.756172293811319,0.3048));
#2830=CARTESIAN_POINT('Ctrl Pts',(3.70575042002004,-2.63522392274051,0.21629427952781));
#2831=CARTESIAN_POINT('Ctrl Pts',(3.70361743686513,-2.6330909395856,0.212739307602958));
#2832=CARTESIAN_POINT('Ctrl Pts',(3.70119371625884,-2.63145809338668,0.20935883526529));
#2833=CARTESIAN_POINT('Ctrl Pts',(3.69851141437746,-2.63034704756904,0.206197712182776));
#2834=CARTESIAN_POINT('Ctrl Pts',(3.71745077250073,-2.62352357025982,0.21629427952781));
#2835=CARTESIAN_POINT('Ctrl Pts',(3.71426170270164,-2.62123155320697,0.211735743721146));
#2836=CARTESIAN_POINT('Ctrl Pts',(3.71077525919654,-2.61948376015406,0.207360956745445));
#2837=CARTESIAN_POINT('Ctrl Pts',(3.70700375837598,-2.61829194668255,0.203228748109466));
#2838=CARTESIAN_POINT('Ctrl Pts',(3.72611231584764,-2.6088532438967,0.219899549337535));
#2839=CARTESIAN_POINT('Ctrl Pts',(3.72211677021199,-2.60663685192573,0.214052718731387));
#2840=CARTESIAN_POINT('Ctrl Pts',(3.71774421265233,-2.60494505868795,0.208476802039747));
#2841=CARTESIAN_POINT('Ctrl Pts',(3.71300983352847,-2.60379199859278,0.203228748109466));
#2842=CARTESIAN_POINT('Ctrl Pts',(3.73000709436882,-2.59413963615,0.226390846872844));
#2843=CARTESIAN_POINT('Ctrl Pts',(3.725741128059,-2.59200665299509,0.21928090302314));
#2844=CARTESIAN_POINT('Ctrl Pts',(3.72089368684642,-2.59037380679617,0.212519958347803));
#2845=CARTESIAN_POINT('Ctrl Pts',(3.71552908308368,-2.58926276097853,0.206197712182775));
#2846=CARTESIAN_POINT('',(3.69851141437746,-2.63034704756904,0.206197712182776));
#2847=CARTESIAN_POINT('',(3.71552908308368,-2.58926276097853,0.206197712182776));
#2848=CARTESIAN_POINT('Origin',(3.65742712778695,-2.58926276097853,0.255498856091388));
#2849=CARTESIAN_POINT('',(3.70575042002004,-2.63522392274051,0.216294279527811));
#2850=CARTESIAN_POINT('Origin',(3.64040945908074,-2.7476103755561,0.255498856091388));
#2851=CARTESIAN_POINT('',(3.73000709436882,-2.59413963615,0.226390846872845));
#2852=CARTESIAN_POINT('Origin',(3.66466613342953,-2.59413963615,0.265595423436423));
#2853=CARTESIAN_POINT('Origin',(3.59932517249023,-2.70652608896559,0.3048));
#2854=CARTESIAN_POINT('Ctrl Pts',(3.69851141437746,-2.63034704756904,0.206197712182775));
#2855=CARTESIAN_POINT('Ctrl Pts',(3.67418408971079,-2.61436754098295,0.172608686138807));
#2856=CARTESIAN_POINT('Ctrl Pts',(3.63692556048603,-2.58989411773184,0.1524));
#2857=CARTESIAN_POINT('Ctrl Pts',(3.59932517249023,-2.56519614309423,0.1524));
#2858=CARTESIAN_POINT('Ctrl Pts',(3.70700375837598,-2.61829194668255,0.203228748109466));
#2859=CARTESIAN_POINT('Ctrl Pts',(3.6790994564563,-2.60440876127899,0.170187510448378));
#2860=CARTESIAN_POINT('Ctrl Pts',(3.6390759627124,-2.58470258751239,0.1524));
#2861=CARTESIAN_POINT('Ctrl Pts',(3.59932517249023,-2.56519614309423,0.1524));
#2862=CARTESIAN_POINT('Ctrl Pts',(3.71300983352847,-2.60379199859278,0.203228748109466));
#2863=CARTESIAN_POINT('Ctrl Pts',(3.68346161787346,-2.59387757202442,0.170187510448378));
#2864=CARTESIAN_POINT('Ctrl Pts',(3.64122636493877,-2.57951105729294,0.1524));
#2865=CARTESIAN_POINT('Ctrl Pts',(3.59932517249023,-2.56519614309423,0.1524));
#2866=CARTESIAN_POINT('Ctrl Pts',(3.71552908308368,-2.58926276097853,0.206197712182775));
#2867=CARTESIAN_POINT('Ctrl Pts',(3.68702784937671,-2.58335996220563,0.172608686138807));
#2868=CARTESIAN_POINT('Ctrl Pts',(3.64337676716513,-2.57431952707349,0.1524));
#2869=CARTESIAN_POINT('Ctrl Pts',(3.59932517249023,-2.56519614309423,0.1524));
#2870=CARTESIAN_POINT('',(3.59932517249023,-2.56519614309423,0.1524));
#2871=CARTESIAN_POINT('Origin',(3.59932517249023,-2.56519614309423,0.3048));
#2872=CARTESIAN_POINT('Origin',(3.59932517249023,-2.56519614309423,0.3048));
#2873=CARTESIAN_POINT('Origin',(3.08226065779223,-3.08226065779223,0.3048));
#2874=CARTESIAN_POINT('',(3.16442923097325,-3.16442923097325,0.206197712182776));
#2875=CARTESIAN_POINT('',(3.08226065779223,-3.08226065779223,0.1524));
#2876=CARTESIAN_POINT('Origin',(3.59932517249023,0.,0.3048));
#2877=CARTESIAN_POINT('',(3.59932517249023,0.,0.1524));
#2878=CARTESIAN_POINT('',(3.73000709436882,0.,0.226390846872845));
#2879=CARTESIAN_POINT('Origin',(2.28557263581752,0.370361212522438,0.3048));
#2880=CARTESIAN_POINT('',(2.28557263581752,0.370361212522438,0.1524));
#2881=CARTESIAN_POINT('',(2.37797870895637,0.478124285975267,0.249356356116694));
#2882=CARTESIAN_POINT('Origin',(1.0749450106936,-0.3048,0.3048));
#2883=CARTESIAN_POINT('',(1.0749450106936,-0.3048,0.1524));
#2884=CARTESIAN_POINT('',(1.0749450106936,-0.1524,0.3048));
#2885=CARTESIAN_POINT('Origin',(0.53048614690566,-0.53048614690566,0.3048));
#2886=CARTESIAN_POINT('',(0.53048614690566,-0.53048614690566,0.1524));
#2887=CARTESIAN_POINT('',(0.42272307345283,-0.42272307345283,0.3048));
#2888=CARTESIAN_POINT('Origin',(0.3048,0.,0.3048));
#2889=CARTESIAN_POINT('',(0.3048,0.,0.1524));
#2890=CARTESIAN_POINT('',(0.1524,0.,0.3048));
#2891=CARTESIAN_POINT('Origin',(-0.347083223378851,-2.31271920279852,0.3048));
#2892=CARTESIAN_POINT('',(-0.347083223378851,-2.31271920279852,0.1524));
#2893=CARTESIAN_POINT('',(-0.454846296831681,-2.40512527593736,0.249356356116694));
#2894=CARTESIAN_POINT('Origin',(0.,-3.59932517249023,0.3048));
#2895=CARTESIAN_POINT('',(0.,-3.59932517249023,0.1524));
#2896=CARTESIAN_POINT('',(0.,-3.73000709436882,0.226390846872845));
#2897=CARTESIAN_POINT('Origin',(0.2286,-0.72460922035849,3.00482));
#2898=CARTESIAN_POINT('',(0.174718463273585,-0.670727683632074,3.43408));
#2899=CARTESIAN_POINT('',(0.174718463273585,-0.670727683632075,3.00482));
#2900=CARTESIAN_POINT('',(0.1524,-0.72460922035849,3.43408));
#2901=CARTESIAN_POINT('Origin',(0.2286,-0.72460922035849,3.43408));
#2902=CARTESIAN_POINT('',(0.1524,-0.72460922035849,3.00482));
#2903=CARTESIAN_POINT('Origin',(0.42272307345283,-0.42272307345283,2.57556));
#2904=CARTESIAN_POINT('',(0.670727683632075,-0.174718463273585,3.43408));
#2905=CARTESIAN_POINT('',(0.670727683632075,-0.174718463273585,2.1463));
#2906=CARTESIAN_POINT('',(1.49766808414643,0.652221937240775,3.43408));
#2907=CARTESIAN_POINT('Origin',(0.72460922035849,-0.2286,2.1463));
#2908=CARTESIAN_POINT('',(0.72460922035849,-0.1524,3.43408));
#2909=CARTESIAN_POINT('',(0.72460922035849,-0.1524,2.1463));
#2910=CARTESIAN_POINT('Origin',(0.72460922035849,-0.2286,3.43408));
#2911=CARTESIAN_POINT('Origin',(2.14989002138721,-0.1524,1.71704));
#2912=CARTESIAN_POINT('',(3.52392233348413,-0.1524,0.995091057964125));
#2913=CARTESIAN_POINT('',(3.39667426800015,-0.1524,0.783010948824154));
#2914=CARTESIAN_POINT('',(3.57501186877847,-0.1524,3.43408));
#2915=CARTESIAN_POINT('',(3.53379923376236,-0.1524,1.46660935268744));
#2916=CARTESIAN_POINT('',(3.22483503208081,-0.1524,3.43408));
#2917=CARTESIAN_POINT('Origin',(3.39667426800015,-0.2286,0.783010948824154));
#2918=CARTESIAN_POINT('',(3.56766976386841,-0.174718463273585,0.963276559047236));
#2919=CARTESIAN_POINT('',(3.44287730456957,-0.174718463273585,0.755289126882501));
#2920=CARTESIAN_POINT('',(3.56508667899298,-0.164629996989349,0.983223683152922));
#2921=CARTESIAN_POINT('Ctrl Pts',(3.56508667899297,-0.164629996989353,0.983223683152922));
#2922=CARTESIAN_POINT('Ctrl Pts',(3.56630545423861,-0.16762926737656,0.97624819681785));
#2923=CARTESIAN_POINT('Ctrl Pts',(3.56716040519078,-0.17106303963416,0.969532494383443));
#2924=CARTESIAN_POINT('Ctrl Pts',(3.56766976386841,-0.174718463273585,0.963276559047236));
#2925=CARTESIAN_POINT('Origin',(3.52392233348413,-0.2286,0.995091057964125));
#2926=CARTESIAN_POINT('Origin',(3.57349898722116,-0.42272307345283,0.490957614083467));
#2927=CARTESIAN_POINT('',(4.06080978342852,-0.670727683632074,0.821107957210718));
#2928=CARTESIAN_POINT('',(3.70412066987275,-0.670727683632074,0.226626101284434));
#2929=CARTESIAN_POINT('',(3.76452330616512,-0.372717344253665,0.906525146132394));
#2930=CARTESIAN_POINT('Origin',(3.65791763330333,-0.72460922035849,0.254347923226086));
#2931=CARTESIAN_POINT('',(4.07893056241266,-0.72460922035849,0.807929960279238));
#2932=CARTESIAN_POINT('',(3.72325859424262,-0.72460922035849,0.215143346662509));
#2933=CARTESIAN_POINT('',(4.08943335002998,-0.702075803504447,0.832058436362847));
#2934=CARTESIAN_POINT('Ctrl Pts',(4.08943334972903,-0.702075802862641,0.832058435895447));
#2935=CARTESIAN_POINT('Ctrl Pts',(4.08690162698706,-0.709658389818469,0.823276652911188));
#2936=CARTESIAN_POINT('Ctrl Pts',(4.08323318761072,-0.717366822952526,0.815101002276013));
#2937=CARTESIAN_POINT('Ctrl Pts',(4.07893056241266,-0.72460922035849,0.807929960279238));
#2938=CARTESIAN_POINT('',(4.08066231808915,-0.683205374484795,0.834587055271166));
#2939=CARTESIAN_POINT('Origin',(4.01706235304424,-0.72460922035849,0.852922456127607));
#2940=CARTESIAN_POINT('Ctrl Pts',(4.06080978342852,-0.670727683632075,0.821107957210718));
#2941=CARTESIAN_POINT('Ctrl Pts',(4.06752971359135,-0.674361870679007,0.825244250866259));
#2942=CARTESIAN_POINT('Ctrl Pts',(4.07425681448991,-0.67854580699691,0.829772979431541));
#2943=CARTESIAN_POINT('Ctrl Pts',(4.08066231717283,-0.683205371451244,0.834587059426588));
#2944=CARTESIAN_POINT('Origin',(3.64121807812141,0.,0.078409153127155));
#2945=CARTESIAN_POINT('',(4.07893056241266,-2.94306310419384,0.807929960279238));
#2946=CARTESIAN_POINT('',(3.11684236697901,-1.98097490876018,-0.795550365443515));
#2947=CARTESIAN_POINT('',(4.07893056241266,0.,0.807929960279238));
#2948=CARTESIAN_POINT('Origin',(3.05150140603971,-1.98097490876018,-0.756345788879937));
#2949=CARTESIAN_POINT('',(4.04636888593461,-2.97584238865509,0.783991722718774));
#2950=CARTESIAN_POINT('',(3.09258569263022,-2.02205919535069,-0.805646932788549));
#2951=CARTESIAN_POINT('',(4.08134713483226,-2.95034622358029,0.812186765437177));
#2952=CARTESIAN_POINT('Ctrl Pts',(4.08134713483226,-2.95034622358029,0.812186765437177));
#2953=CARTESIAN_POINT('Ctrl Pts',(4.07998040890003,-2.95197132123923,0.810185151541448));
#2954=CARTESIAN_POINT('Ctrl Pts',(4.07849993541939,-2.95358511324,0.808244020300271));
#2955=CARTESIAN_POINT('Ctrl Pts',(4.06893157247894,-2.96316914453529,0.796951304655822));
#2956=CARTESIAN_POINT('Ctrl Pts',(4.058121272104,-2.97049276721696,0.789327359994826));
#2957=CARTESIAN_POINT('Ctrl Pts',(4.04636888593461,-2.97584238865509,0.783991722718775));
#2958=CARTESIAN_POINT('Ctrl Pts',(4.07893056241266,-2.94306310419384,0.807929960279239));
#2959=CARTESIAN_POINT('Ctrl Pts',(4.07975843122674,-2.94545810338044,0.809309741636049));
#2960=CARTESIAN_POINT('Ctrl Pts',(4.08056561419471,-2.94788819316837,0.810729423435694));
#2961=CARTESIAN_POINT('Ctrl Pts',(4.08134713483226,-2.9503462235803,0.81218676543717));
#2962=CARTESIAN_POINT('Origin',(0.,0.,0.1524));
#2963=CARTESIAN_POINT('Origin',(3.99180928116026,0.,0.860202729030675));
#2964=CARTESIAN_POINT('',(4.09338699860131,-2.93341527317525,0.858074979170526));
#2965=CARTESIAN_POINT('Origin',(3.99180928116026,-2.93341527317525,0.860202729030675));
#2966=CARTESIAN_POINT('',(4.09338699860131,-0.724609220358489,0.858074979170526));
#2967=CARTESIAN_POINT('',(4.09338699860131,0.,0.858074979170526));
#2968=CARTESIAN_POINT('Ctrl Pts',(4.09338699860131,-0.724609220358489,0.858074979170526));
#2969=CARTESIAN_POINT('Ctrl Pts',(4.09321186133379,-0.717366823173137,0.849714013341664));
#2970=CARTESIAN_POINT('Ctrl Pts',(4.09196507249897,-0.709658390288037,0.840840219163455));
#2971=CARTESIAN_POINT('Ctrl Pts',(4.08943334988828,-0.702075803555603,0.832058436447865));
#2972=CARTESIAN_POINT('Origin',(1.98097490876018,-3.05150140603971,-0.756345788879937));
#2973=CARTESIAN_POINT('',(2.94159382303357,-4.0774612812524,0.805481158345466));
#2974=CARTESIAN_POINT('',(1.98097490876018,-3.11684236697901,-0.795550365443515));
#2975=CARTESIAN_POINT('',(2.94925002544983,-4.07999620886285,0.809959322669817));
#2976=CARTESIAN_POINT('Ctrl Pts',(2.94925002544983,-4.07999620886285,0.809959322669817));
#2977=CARTESIAN_POINT('Ctrl Pts',(2.94666475015002,-4.0791779042778,0.808424294026526));
#2978=CARTESIAN_POINT('Ctrl Pts',(2.94410991831725,-4.07833100882069,0.806930704292623));
#2979=CARTESIAN_POINT('Ctrl Pts',(2.94159382303357,-4.0774612812524,0.805481158345467));
#2980=CARTESIAN_POINT('',(2.97459255150782,-4.04511904878735,0.78190866080666));
#2981=CARTESIAN_POINT('Ctrl Pts',(2.97459255150782,-4.04511904878735,0.781908660806662));
#2982=CARTESIAN_POINT('Ctrl Pts',(2.97041991844269,-4.05430543086284,0.786086784981968));
#2983=CARTESIAN_POINT('Ctrl Pts',(2.9649188682746,-4.06318201693329,0.791786456446064));
#2984=CARTESIAN_POINT('Ctrl Pts',(2.95572748095596,-4.07402539869167,0.802181710851685));
#2985=CARTESIAN_POINT('Ctrl Pts',(2.95249233501692,-4.0772580402621,0.805975109059773));
#2986=CARTESIAN_POINT('Ctrl Pts',(2.94925002544983,-4.07999620886285,0.809959322669817));
#2987=CARTESIAN_POINT('',(2.02205919535069,-3.09258569263022,-0.805646932788549));
#2988=CARTESIAN_POINT('Origin',(1.0749450106936,-3.99034,0.857753927096903));
#2989=CARTESIAN_POINT('',(0.72460922035849,-4.0774612812524,0.805481158345466));
#2990=CARTESIAN_POINT('',(1.0749450106936,-4.0774612812524,0.805481158345466));
#2991=CARTESIAN_POINT('',(0.701194663113984,-4.0882534367887,0.83063347532228));
#2992=CARTESIAN_POINT('Ctrl Pts',(0.72460922035849,-4.0774612812524,0.805481158345466));
#2993=CARTESIAN_POINT('Ctrl Pts',(0.717113599061206,-4.08191434385875,0.812902929356055));
#2994=CARTESIAN_POINT('Ctrl Pts',(0.709067390232654,-4.08571133648253,0.821455686753269));
#2995=CARTESIAN_POINT('Ctrl Pts',(0.701194662956729,-4.08825343671495,0.830633475207815));
#2996=CARTESIAN_POINT('',(0.724609220358489,-4.09194,0.857753927096903));
#2997=CARTESIAN_POINT('Ctrl Pts',(0.701194663127561,-4.08825343675264,0.830633475343913));
#2998=CARTESIAN_POINT('Ctrl Pts',(0.709067390349012,-4.0907955369529,0.83981126373194));
#2999=CARTESIAN_POINT('Ctrl Pts',(0.717113599115421,-4.09194,0.849098729212045));
#3000=CARTESIAN_POINT('Ctrl Pts',(0.724609220358489,-4.09194,0.857753927096903));
#3001=CARTESIAN_POINT('',(2.93194599201499,-4.09194,0.857753927096903));
#3002=CARTESIAN_POINT('',(1.0749450106936,-4.09194,0.857753927096903));
#3003=CARTESIAN_POINT('Origin',(2.93194599201499,-3.99034,0.857753927096903));
#3004=CARTESIAN_POINT('Origin',(0.,-3.64121807812141,0.0784091531271551));
#3005=CARTESIAN_POINT('',(0.72460922035849,-3.77036587223906,0.293655476656567));
#3006=CARTESIAN_POINT('Origin',(0.72460922035849,-3.70502491129976,0.332860053220144));
#3007=CARTESIAN_POINT('',(0.670727683632074,-4.05938353651709,0.818730879025007));
#3008=CARTESIAN_POINT('',(0.670727683632074,-3.75122794786918,0.305138231278491));
#3009=CARTESIAN_POINT('',(0.683744778550624,-4.08005591800729,0.832904053642942));
#3010=CARTESIAN_POINT('Ctrl Pts',(0.683744776266017,-4.08005591730917,0.832904056757368));
#3011=CARTESIAN_POINT('Ctrl Pts',(0.678872352196431,-4.07340686429073,0.827839445815305));
#3012=CARTESIAN_POINT('Ctrl Pts',(0.674507050374598,-4.06639853574103,0.82307677584203));
#3013=CARTESIAN_POINT('Ctrl Pts',(0.670727683632075,-4.05938353651709,0.818730879025008));
#3014=CARTESIAN_POINT('Origin',(0.72460922035849,-4.01574,0.850718534387212));
#3015=CARTESIAN_POINT('Origin',(0.2286,-3.53799610198945,1.01854733880633));
#3016=CARTESIAN_POINT('',(0.1524,-3.51973077964151,0.988105134893088));
#3017=CARTESIAN_POINT('',(0.1524,-3.53799610198945,1.01854733880633));
#3018=CARTESIAN_POINT('',(0.164284082840781,-3.56059522384389,0.976786339112529));
#3019=CARTESIAN_POINT('Origin',(0.2286,-3.51973077964151,0.988105134893088));
#3020=CARTESIAN_POINT('',(0.174718463273585,-3.5633743161586,0.956117479530883));
#3021=CARTESIAN_POINT('Ctrl Pts',(0.174718463273585,-3.5633743161586,0.956117479530883));
#3022=CARTESIAN_POINT('Ctrl Pts',(0.170937487892929,-3.5628303504641,0.962559765226785));
#3023=CARTESIAN_POINT('Ctrl Pts',(0.167371443509916,-3.56191079594097,0.969534470782599));
#3024=CARTESIAN_POINT('Ctrl Pts',(0.164284082840766,-3.56059522384386,0.976786339112518));
#3025=CARTESIAN_POINT('',(0.174718463273585,-3.58419913855888,0.990825516864674));
#3026=CARTESIAN_POINT('Origin',(0.1524,0.,3.43408));
#3027=CARTESIAN_POINT('',(0.1524,-3.51973077964151,3.43408));
#3028=CARTESIAN_POINT('',(0.1524,0.,3.43408));
#3029=CARTESIAN_POINT('',(0.1524,-3.51973077964151,3.00482));
#3030=CARTESIAN_POINT('Origin',(0.42272307345283,-3.66771354321403,0.647981874071583));
#3031=CARTESIAN_POINT('',(0.293988283313875,-3.68264413619889,0.923081651877438));
#3032=CARTESIAN_POINT('Origin',(0.2286,-3.51973077964151,3.00482));
#3033=CARTESIAN_POINT('',(0.174718463273585,-3.57361231636793,3.43408));
#3034=CARTESIAN_POINT('Origin',(0.2286,-3.51973077964151,3.43408));
#3035=CARTESIAN_POINT('',(0.174718463273585,-3.57361231636793,0.99307990878642));
#3036=CARTESIAN_POINT('',(0.174718463273585,-3.57361231636793,3.00482));
#3037=CARTESIAN_POINT('Ctrl Pts',(0.164284082840784,-3.56059522384388,0.97678633911253));
#3038=CARTESIAN_POINT('Ctrl Pts',(0.167364172635585,-3.56544292956831,0.982314857996224));
#3039=CARTESIAN_POINT('Ctrl Pts',(0.170921244009745,-3.56981509710408,0.987813031578095));
#3040=CARTESIAN_POINT('Ctrl Pts',(0.174718463273585,-3.57361231636793,0.993079908786421));
#3041=CARTESIAN_POINT('Origin',(3.53379923376236,-0.2286,1.46660935268744));
#3042=CARTESIAN_POINT('',(3.5778920079292,-0.174718463273585,0.998734441947993));
#3043=CARTESIAN_POINT('Ctrl Pts',(3.5778920079292,-0.174718463273585,0.998734441947993));
#3044=CARTESIAN_POINT('Ctrl Pts',(3.57414611370589,-0.171078183695506,0.993730573755754));
#3045=CARTESIAN_POINT('Ctrl Pts',(3.56984297527456,-0.167636365491769,0.988492277523874));
#3046=CARTESIAN_POINT('Ctrl Pts',(3.56508667899296,-0.164629996989332,0.983223683152948));
#3047=CARTESIAN_POINT('',(3.62890522520854,-0.174718463273585,3.43408));
#3048=CARTESIAN_POINT('',(3.58766895337737,-0.174718463273585,1.46548094292136));
#3049=CARTESIAN_POINT('Origin',(3.57501186877847,-0.2286,3.43408));
#3050=CARTESIAN_POINT('Origin',(3.83098266026577,-0.42272307345283,1.23894236552753));
#3051=CARTESIAN_POINT('',(4.0710320274893,-0.670727683632074,0.856565840111475));
#3052=CARTESIAN_POINT('',(3.7747455502259,-0.372717344253665,0.941983029033151));
#3053=CARTESIAN_POINT('',(4.12502325244883,-0.670727683632074,3.43408));
#3054=CARTESIAN_POINT('',(4.07429636715418,-0.670727683632074,1.0124037881337));
#3055=CARTESIAN_POINT('',(3.86551269311227,-0.411274039249629,3.43408));
#3056=CARTESIAN_POINT('Origin',(3.70291925740589,-0.444559393222219,0.943487575387932));
#3057=CARTESIAN_POINT('Ctrl Pts',(4.08066231866946,-0.683205374046774,0.834587054922979));
#3058=CARTESIAN_POINT('Ctrl Pts',(4.07779924930669,-0.67854035020029,0.842080999235116));
#3059=CARTESIAN_POINT('Ctrl Pts',(4.07451096964041,-0.6743537797513,0.849502809265919));
#3060=CARTESIAN_POINT('Ctrl Pts',(4.0710320274893,-0.670727683632074,0.856565840111475));
#3061=CARTESIAN_POINT('Origin',(4.02042664753917,-0.724609220358489,1.01353219789978));
#3062=CARTESIAN_POINT('',(4.14734661160398,-0.724609220358489,3.43408));
#3063=CARTESIAN_POINT('',(4.09660993561995,-0.724609220358489,1.01193638550467));
#3064=CARTESIAN_POINT('Origin',(4.07112989601876,-0.724609220358489,3.43408));
#3065=CARTESIAN_POINT('Origin',(4.02042664753917,-2.97032877964151,1.01353219789978));
#3066=CARTESIAN_POINT('',(4.07154561059926,-3.02421031636793,0.881084041711822));
#3067=CARTESIAN_POINT('',(4.08162961205155,-3.01111347547981,0.861831682542649));
#3068=CARTESIAN_POINT('Ctrl Pts',(4.07154561059926,-3.02421031636793,0.881084041711822));
#3069=CARTESIAN_POINT('Ctrl Pts',(4.07521079210987,-3.02041621357884,0.874889670952438));
#3070=CARTESIAN_POINT('Ctrl Pts',(4.07866030470902,-3.01601504578422,0.868379945662386));
#3071=CARTESIAN_POINT('Ctrl Pts',(4.08162961205155,-3.01111347547981,0.861831682542649));
#3072=CARTESIAN_POINT('',(4.12502325244883,-3.02421031636792,3.43408));
#3073=CARTESIAN_POINT('',(4.07429636715418,-3.02421031636793,1.0124037881337));
#3074=CARTESIAN_POINT('',(4.14734661160398,-2.97032877964151,3.43408));
#3075=CARTESIAN_POINT('Origin',(4.07112989601876,-2.97032877964151,3.43408));
#3076=CARTESIAN_POINT('',(4.09404280265976,-2.97032877964151,0.889382737941119));
#3077=CARTESIAN_POINT('',(4.09660993561995,-2.97032877964151,1.01193638550467));
#3078=CARTESIAN_POINT('Ctrl Pts',(4.08162961205155,-3.01111347547981,0.861831682542649));
#3079=CARTESIAN_POINT('Ctrl Pts',(4.08396243949489,-3.00751650062113,0.864369920799201));
#3080=CARTESIAN_POINT('Ctrl Pts',(4.0860012778506,-3.00371382395485,0.866995313723613));
#3081=CARTESIAN_POINT('Ctrl Pts',(4.09185520354524,-2.99021453283693,0.876190143941773));
#3082=CARTESIAN_POINT('Ctrl Pts',(4.09390932899077,-2.97989984743014,0.883010771532571));
#3083=CARTESIAN_POINT('Ctrl Pts',(4.09404280265976,-2.97032877964151,0.889382737941119));
#3084=CARTESIAN_POINT('Origin',(3.55634190673455,-3.54691592654717,1.24469526921191));
#3085=CARTESIAN_POINT('',(3.02590098978741,-4.06962153672642,0.880889541334019));
#3086=CARTESIAN_POINT('',(3.55005966502387,-3.54557986000934,0.880987040100171));
#3087=CARTESIAN_POINT('',(3.0793827058391,-4.06962153672641,3.43408));
#3088=CARTESIAN_POINT('',(3.03838744631493,-4.06962153672642,1.47698675029011));
#3089=CARTESIAN_POINT('',(4.65189667419569,-2.49745244666912,3.43408));
#3090=CARTESIAN_POINT('Origin',(3.47823337220385,-3.47373781104079,0.882491586454951));
#3091=CARTESIAN_POINT('',(4.04705721785486,-3.01458680394458,0.816852345393558));
#3092=CARTESIAN_POINT('Origin',(3.99227816906752,-2.95980775515724,0.882587203938374));
#3093=CARTESIAN_POINT('',(3.01629489446648,-4.04511904878735,0.816660613272211));
#3094=CARTESIAN_POINT('',(3.5330124209912,-3.52851685982814,0.816756727910135));
#3095=CARTESIAN_POINT('',(3.01301238992261,-4.07972397159179,0.862434382284868));
#3096=CARTESIAN_POINT('Origin',(2.96151584567913,-3.99034,0.882395471817027));
#3097=CARTESIAN_POINT('Ctrl Pts',(3.01301238992261,-4.07972397159179,0.862434382284868));
#3098=CARTESIAN_POINT('Ctrl Pts',(3.01780933405463,-4.07670725806071,0.868715545585281));
#3099=CARTESIAN_POINT('Ctrl Pts',(3.02213762116036,-4.07325965966611,0.874948474393487));
#3100=CARTESIAN_POINT('Ctrl Pts',(3.02590098978741,-4.06962153672642,0.880889541334019));
#3101=CARTESIAN_POINT('Origin',(0.724609220358489,-4.01574,2.1463));
#3102=CARTESIAN_POINT('',(0.670727683632075,-4.06962153672642,0.855693308280545));
#3103=CARTESIAN_POINT('Ctrl Pts',(0.670727683632074,-4.06962153672642,0.855693308280545));
#3104=CARTESIAN_POINT('Ctrl Pts',(0.674492683482827,-4.07338653657717,0.848385431362537));
#3105=CARTESIAN_POINT('Ctrl Pts',(0.678862666323098,-4.07695396822358,0.840683267468736));
#3106=CARTESIAN_POINT('Ctrl Pts',(0.68374477821141,-4.08005591846509,0.83290405336826));
#3107=CARTESIAN_POINT('',(0.670727683632074,-4.06962153672642,3.43408));
#3108=CARTESIAN_POINT('',(0.670727683632074,-4.06962153672642,2.1463));
#3109=CARTESIAN_POINT('',(0.724609220358489,-4.09194,3.43408));
#3110=CARTESIAN_POINT('Origin',(0.724609220358489,-4.01574,3.43408));
#3111=CARTESIAN_POINT('',(0.724609220358489,-4.09194,2.1463));
#3112=CARTESIAN_POINT('Origin',(0.365830332282428,-3.62104008743966,0.960044081132975));
#3113=CARTESIAN_POINT('',(0.293988283313875,-3.69288213640822,0.960044081132975));
#3114=CARTESIAN_POINT('Origin',(2.14989002138721,-4.09194,1.71704));
#3115=CARTESIAN_POINT('',(3.02548934940902,-4.09194,3.43408));
#3116=CARTESIAN_POINT('',(3.22483503208081,-4.09194,3.43408));
#3117=CARTESIAN_POINT('',(2.9722261352581,-4.09194,0.891320713132832));
#3118=CARTESIAN_POINT('',(2.98451772669992,-4.09194,1.4781151600562));
#3119=CARTESIAN_POINT('',(2.39289757987602,-4.09194,0.4085469169811));
#3120=CARTESIAN_POINT('Origin',(2.98451772669992,-4.01574,1.4781151600562));
#3121=CARTESIAN_POINT('Ctrl Pts',(2.9722261352581,-4.09194,0.891320713132832));
#3122=CARTESIAN_POINT('Ctrl Pts',(2.98331940279007,-4.09194,0.883653298611912));
#3123=CARTESIAN_POINT('Ctrl Pts',(2.99517579932551,-4.08930449465858,0.875468121433749));
#3124=CARTESIAN_POINT('Ctrl Pts',(3.00830999068513,-4.08262829804007,0.865924971572259));
#3125=CARTESIAN_POINT('Ctrl Pts',(3.01070090371952,-4.08124206065398,0.864164993297373));
#3126=CARTESIAN_POINT('Ctrl Pts',(3.01301238992261,-4.07972397159179,0.862434382284868));
#3127=CARTESIAN_POINT('Origin',(3.02548934940902,-4.01574,3.43408));
#3128=CARTESIAN_POINT('Origin',(2.39289757987602,-3.99034,0.4085469169811));
#3129=CARTESIAN_POINT('',(2.44767662866337,-4.04511904878735,0.342812058436284));
#3130=CARTESIAN_POINT('Origin',(3.96698810772502,-1.53629591366607,-0.324747715089677));
#3131=CARTESIAN_POINT('',(4.02176715651236,-1.59107496245342,-0.390482573634493));
#3132=CARTESIAN_POINT('',(4.06856582516606,-1.53629591366607,-0.326875464949826));
#3133=CARTESIAN_POINT('Origin',(4.09197342383843,0.,0.790591624790224));
#3134=CARTESIAN_POINT('',(4.14734661160398,0.,3.43408));
#3135=CARTESIAN_POINT('Origin',(0.42272307345283,-3.82161692654717,2.57556));
#3136=CARTESIAN_POINT('',(0.436583084146434,-3.83547693724077,3.43408));
#3137=CARTESIAN_POINT('Origin',(2.55732244399046,-2.55732244399046,-0.805646932788549));
#3138=CARTESIAN_POINT('Origin',(3.14046559464215,-3.14046559464215,0.127));
#3139=CARTESIAN_POINT('',(2.64941117839755,-3.76846763285511,0.0448314268189801));
#3140=CARTESIAN_POINT('',(2.58093736741336,-3.69999382187093,0.));
#3141=CARTESIAN_POINT('Origin',(2.58093736741336,-3.69999382187093,0.127));
#3142=CARTESIAN_POINT('',(3.69999382187093,-2.58093736741336,0.));
#3143=CARTESIAN_POINT('',(3.14046559464215,-3.14046559464215,0.));
#3144=CARTESIAN_POINT('',(3.76846763285511,-2.64941117839755,0.04483142681898));
#3145=CARTESIAN_POINT('Origin',(3.69999382187093,-2.58093736741336,0.127));
#3146=CARTESIAN_POINT('',(3.20893940562633,-3.20893940562633,0.0448314268189801));
#3147=CARTESIAN_POINT('Origin',(3.69999382187093,0.,0.127));
#3148=CARTESIAN_POINT('',(3.69999382187093,-0.682525122421382,0.));
#3149=CARTESIAN_POINT('',(3.80889542343642,-0.682525122421382,0.0616590390607041));
#3150=CARTESIAN_POINT('Origin',(3.69999382187093,-0.682525122421382,0.127));
#3151=CARTESIAN_POINT('',(3.80889542343642,-2.58093736741336,0.061659039060704));
#3152=CARTESIAN_POINT('',(3.80889542343642,0.,0.0616590390607041));
#3153=CARTESIAN_POINT('Origin',(3.69999382187093,-2.58093736741336,0.127));
#3154=CARTESIAN_POINT('',(3.69999382187093,0.,0.));
#3155=CARTESIAN_POINT('Origin',(3.69999382187093,-2.58093736741336,0.127));
#3156=CARTESIAN_POINT('Origin',(3.69999382187093,-2.58093736741336,0.127));
#3157=CARTESIAN_POINT('Origin',(2.36462147992512,0.462547213989342,0.127));
#3158=CARTESIAN_POINT('',(3.77699888281997,-0.592722561210691,0.0807969634305785));
#3159=CARTESIAN_POINT('Origin',(3.69999382187093,-0.682525122421383,0.127));
#3160=CARTESIAN_POINT('',(3.0521457688275,-0.127,0.));
#3161=CARTESIAN_POINT('',(2.36462147992512,0.462547213989342,0.));
#3162=CARTESIAN_POINT('',(3.12915082977654,-0.0371974387893085,0.0807969634305786));
#3163=CARTESIAN_POINT('Origin',(3.0521457688275,-0.127,0.127));
#3164=CARTESIAN_POINT('',(2.44162654087416,0.552349775200034,0.0807969634305785));
#3165=CARTESIAN_POINT('Origin',(3.69999382187093,-0.682525122421382,0.127));
#3166=CARTESIAN_POINT('Origin',(3.69999382187093,-0.682525122421382,0.127));
#3167=CARTESIAN_POINT('Origin',(1.0749450106936,-0.127,0.127));
#3168=CARTESIAN_POINT('',(0.682525122421383,-0.127,0.));
#3169=CARTESIAN_POINT('',(0.682525122421383,0.,0.127));
#3170=CARTESIAN_POINT('Origin',(0.682525122421383,-0.127,0.127));
#3171=CARTESIAN_POINT('',(3.0521457688275,0.,0.127));
#3172=CARTESIAN_POINT('',(1.0749450106936,0.,0.127));
#3173=CARTESIAN_POINT('Origin',(3.0521457688275,-0.127,0.127));
#3174=CARTESIAN_POINT('',(1.0749450106936,-0.127,0.));
#3175=CARTESIAN_POINT('Origin',(3.0521457688275,-0.127,0.127));
#3176=CARTESIAN_POINT('Origin',(3.0521457688275,-0.127,0.127));
#3177=CARTESIAN_POINT('Origin',(0.404762561210692,-0.404762561210692,0.127));
#3178=CARTESIAN_POINT('',(0.592722561210692,-0.0371974387893085,0.127));
#3179=CARTESIAN_POINT('Origin',(0.682525122421383,-0.127,0.127));
#3180=CARTESIAN_POINT('',(0.127,-0.682525122421383,0.));
#3181=CARTESIAN_POINT('',(0.404762561210692,-0.404762561210692,0.));
#3182=CARTESIAN_POINT('',(0.0371974387893085,-0.592722561210692,0.127));
#3183=CARTESIAN_POINT('Origin',(0.127,-0.682525122421383,0.127));
#3184=CARTESIAN_POINT('',(0.31496,-0.31496,0.127));
#3185=CARTESIAN_POINT('Origin',(0.682525122421383,-0.127,0.127));
#3186=CARTESIAN_POINT('Origin',(0.682525122421383,-0.127,0.127));
#3187=CARTESIAN_POINT('Origin',(0.127,0.,0.127));
#3188=CARTESIAN_POINT('',(0.,-0.682525122421383,0.127));
#3189=CARTESIAN_POINT('Origin',(0.127,-0.682525122421383,0.127));
#3190=CARTESIAN_POINT('',(0.127,-3.0521457688275,0.));
#3191=CARTESIAN_POINT('',(0.127,0.,0.));
#3192=CARTESIAN_POINT('',(0.,-3.0521457688275,0.127));
#3193=CARTESIAN_POINT('Origin',(0.127,-3.0521457688275,0.127));
#3194=CARTESIAN_POINT('',(0.,0.,0.127));
#3195=CARTESIAN_POINT('Origin',(0.127,-0.682525122421383,0.127));
#3196=CARTESIAN_POINT('Origin',(0.127,-0.682525122421383,0.127));
#3197=CARTESIAN_POINT('Origin',(-0.439269224845756,-2.39176804690612,0.127));
#3198=CARTESIAN_POINT('',(0.0371974387893085,-3.12915082977654,0.0807969634305787));
#3199=CARTESIAN_POINT('Origin',(0.127,-3.0521457688275,0.127));
#3200=CARTESIAN_POINT('',(0.682525122421383,-3.69999382187093,0.));
#3201=CARTESIAN_POINT('',(-0.439269224845756,-2.39176804690612,0.));
#3202=CARTESIAN_POINT('',(0.592722561210691,-3.77699888281997,0.0807969634305787));
#3203=CARTESIAN_POINT('Origin',(0.682525122421383,-3.69999382187093,0.127));
#3204=CARTESIAN_POINT('',(-0.529071786056447,-2.46877310785515,0.0807969634305786));
#3205=CARTESIAN_POINT('Origin',(0.127,-3.0521457688275,0.127));
#3206=CARTESIAN_POINT('Origin',(0.127,-3.0521457688275,0.127000000000001));
#3207=CARTESIAN_POINT('Origin',(0.,-3.69999382187093,0.127));
#3208=CARTESIAN_POINT('',(2.58093736741336,-3.80889542343642,0.0616590390607044));
#3209=CARTESIAN_POINT('Origin',(2.58093736741336,-3.69999382187093,0.127));
#3210=CARTESIAN_POINT('',(0.682525122421383,-3.80889542343642,0.0616590390607043));
#3211=CARTESIAN_POINT('',(0.,-3.80889542343642,0.0616590390607044));
#3212=CARTESIAN_POINT('Origin',(0.682525122421383,-3.69999382187093,0.127));
#3213=CARTESIAN_POINT('',(0.,-3.69999382187093,0.));
#3214=CARTESIAN_POINT('Origin',(0.682525122421383,-3.69999382187093,0.127));
#3215=CARTESIAN_POINT('Origin',(0.682525122421383,-3.69999382187093,0.127));
#3216=CARTESIAN_POINT('Origin',(2.58093736741336,-3.69999382187093,0.127));
#3217=CARTESIAN_POINT('Origin',(2.58093736741336,-3.69999382187093,0.127));
#3218=CARTESIAN_POINT('Origin',(0.682525122421383,-0.127,2.1463));
#3219=CARTESIAN_POINT('',(0.592722561210692,-0.0371974387893085,3.43408));
#3220=CARTESIAN_POINT('',(0.592722561210692,-0.0371974387893085,2.1463));
#3221=CARTESIAN_POINT('',(0.682525122421383,0.,3.43408));
#3222=CARTESIAN_POINT('Origin',(0.682525122421383,-0.127,3.43408));
#3223=CARTESIAN_POINT('',(0.682525122421383,0.,2.1463));
#3224=CARTESIAN_POINT('Origin',(0.31496,-0.31496,2.57556));
#3225=CARTESIAN_POINT('',(0.0371974387893084,-0.592722561210692,3.43408));
#3226=CARTESIAN_POINT('',(0.0371974387893085,-0.592722561210692,3.00482));
#3227=CARTESIAN_POINT('',(1.3899050106936,0.759985010693605,3.43408));
#3228=CARTESIAN_POINT('Origin',(0.127,-0.682525122421383,3.00482));
#3229=CARTESIAN_POINT('',(0.,-0.682525122421383,3.43408));
#3230=CARTESIAN_POINT('',(0.,-0.682525122421383,3.00482));
#3231=CARTESIAN_POINT('Origin',(0.127,-0.682525122421383,3.43408));
#3232=CARTESIAN_POINT('Origin',(0.,0.,3.43408));
#3233=CARTESIAN_POINT('',(0.,-3.56181487757862,0.97644851458519));
#3234=CARTESIAN_POINT('',(0.,-3.57408291825552,0.996895249046689));
#3235=CARTESIAN_POINT('',(0.,-3.56181487757862,3.43408));
#3236=CARTESIAN_POINT('',(0.,-3.56181487757862,3.00482));
#3237=CARTESIAN_POINT('',(0.,0.,3.43408));
#3238=CARTESIAN_POINT('Origin',(0.127,-3.57408291825552,0.996895249046689));
#3239=CARTESIAN_POINT('',(0.0371974387893085,-3.626022438266,0.908916310913009));
#3240=CARTESIAN_POINT('',(0.0371974387893086,-3.65108797920455,0.950692212477268));
#3241=CARTESIAN_POINT('',(0.0165634547773258,-3.62452667454921,0.959078352411241));
#3242=CARTESIAN_POINT('Ctrl Pts',(0.0371974387893085,-3.626022438266,0.908916310913009));
#3243=CARTESIAN_POINT('Ctrl Pts',(0.0295385147461001,-3.62639421679306,
0.924422214345525));
#3244=CARTESIAN_POINT('Ctrl Pts',(0.0223987948950541,-3.62592122120323,
0.941429383308504));
#3245=CARTESIAN_POINT('Ctrl Pts',(0.0165634547773233,-3.6245266745492,0.959078352411239));
#3246=CARTESIAN_POINT('Origin',(0.127,-3.56181487757862,0.97644851458519));
#3247=CARTESIAN_POINT('Origin',(0.31496,-3.76011961635287,0.592538230188277));
#3248=CARTESIAN_POINT('',(0.592722561210691,-4.18154756068738,0.75504475987627));
#3249=CARTESIAN_POINT('',(0.592722561210691,-3.86915125350119,0.234384247899286));
#3250=CARTESIAN_POINT('',(0.186225209861045,-3.77505020933773,0.867638007994132));
#3251=CARTESIAN_POINT('Origin',(0.682525122421383,-3.79214619255215,0.280587284468708));
#3252=CARTESIAN_POINT('',(0.682525122421383,-4.20814320313099,0.727072005218311));
#3253=CARTESIAN_POINT('',(0.682525122421383,-3.90104779411765,0.215246323529412));
#3254=CARTESIAN_POINT('',(0.635027485532942,-4.2351235917726,0.789952797308249));
#3255=CARTESIAN_POINT('Ctrl Pts',(0.682525122421383,-4.20814320313099,0.727072005218311));
#3256=CARTESIAN_POINT('Ctrl Pts',(0.6672969500989,-4.21922332600817,0.745538876680283));
#3257=CARTESIAN_POINT('Ctrl Pts',(0.650782770572729,-4.22877008532911,0.767014623101096));
#3258=CARTESIAN_POINT('Ctrl Pts',(0.635027485520328,-4.23512359176712,0.789952797301101));
#3259=CARTESIAN_POINT('',(0.619813325738035,-4.22777654529237,0.79198781097309));
#3260=CARTESIAN_POINT('Origin',(0.682525122421383,-4.11734,0.822576963548451));
#3261=CARTESIAN_POINT('Ctrl Pts',(0.61981332542273,-4.22777654518248,0.791987811341451));
#3262=CARTESIAN_POINT('Ctrl Pts',(0.609493144490896,-4.21299653588107,0.77874494048104));
#3263=CARTESIAN_POINT('Ctrl Pts',(0.600369130346552,-4.19721187775581,0.766289696059714));
#3264=CARTESIAN_POINT('Ctrl Pts',(0.592722561210691,-4.18154756068738,0.75504475987627));
#3265=CARTESIAN_POINT('Origin',(0.,-3.7719,0.));
#3266=CARTESIAN_POINT('',(2.97960303501413,-4.20756109103719,0.726101818395314));
#3267=CARTESIAN_POINT('',(2.01148897895851,-3.23944703498157,-0.887421608364049));
#3268=CARTESIAN_POINT('',(2.9792593733605,-4.20814320313099,0.727072005218311));
#3269=CARTESIAN_POINT('Origin',(2.3395212794987,-3.99034,0.364066666666667));
#3270=CARTESIAN_POINT('',(1.0749450106936,-4.20814320313099,0.727072005218311));
#3271=CARTESIAN_POINT('Origin',(0.,0.,0.));
#3272=CARTESIAN_POINT('Origin',(3.13054543341608,-2.01148897895851,-0.822080647424753));
#3273=CARTESIAN_POINT('',(4.20838050239107,-2.98042244636801,0.727467503985114));
#3274=CARTESIAN_POINT('',(3.23944703498157,-2.01148897895851,-0.887421608364049));
#3275=CARTESIAN_POINT('',(4.12765968306365,-3.00860322860608,0.643484843833204));
#3276=CARTESIAN_POINT('Ctrl Pts',(4.20838050239107,-2.98042244636801,0.727467503985115));
#3277=CARTESIAN_POINT('Ctrl Pts',(4.20037039269678,-2.98493672988373,0.714117321161292));
#3278=CARTESIAN_POINT('Ctrl Pts',(4.19109306657021,-2.98942331721123,0.701525155347132));
#3279=CARTESIAN_POINT('Ctrl Pts',(4.16514719512799,-2.99973221348671,0.672244245496747));
#3280=CARTESIAN_POINT('Ctrl Pts',(4.1470882821394,-3.00505847684815,0.656721383264723));
#3281=CARTESIAN_POINT('Ctrl Pts',(4.12765968306365,-3.00860322860608,0.643484843833206));
#3282=CARTESIAN_POINT('',(3.19901924440026,-2.07996278994269,-0.904249220605773));
#3283=CARTESIAN_POINT('Origin',(2.63949101717148,-2.63949101717148,-0.904249220605773));
#3284=CARTESIAN_POINT('',(4.12922579103588,-3.0967553771256,0.718250057576334));
#3285=CARTESIAN_POINT('',(4.10393572969338,-1.67324353563444,-0.489084861451717));
#3286=CARTESIAN_POINT('',(3.0984634676475,-4.12728762196837,0.718058325454987));
#3287=CARTESIAN_POINT('',(3.61518099417222,-3.61068543300916,0.718154440092911));
#3288=CARTESIAN_POINT('',(3.0082311675108,-4.12728762196837,0.642864742007736));
#3289=CARTESIAN_POINT('',(2.52984520184439,-4.12728762196837,0.24420977061906));
#3290=CARTESIAN_POINT('',(2.07996278994269,-3.19901924440026,-0.904249220605773));
#3291=CARTESIAN_POINT('Origin',(3.96698810772502,-1.53629591366607,-0.324747715089677));
#3292=CARTESIAN_POINT('',(4.20961248429125,-2.97969410934452,0.729520807152083));
#3293=CARTESIAN_POINT('Origin',(3.98109391573465,-2.33027519523335,0.348656526224412));
#3294=CARTESIAN_POINT('',(4.24575357476288,-2.93341527317525,0.854883354380303));
#3295=CARTESIAN_POINT('Origin',(3.99180928116026,-2.93341527317523,0.860202729030661));
#3296=CARTESIAN_POINT('',(4.24715704342611,-3.01241287757862,0.921884248602471));
#3297=CARTESIAN_POINT('',(4.22093240132763,-1.53629591366607,-0.33006708974005));
#3298=CARTESIAN_POINT('',(4.22305791865069,-3.08460681570693,0.846512970392961));
#3299=CARTESIAN_POINT('Ctrl Pts',(4.22305791865069,-3.08460681570693,0.846512970392962));
#3300=CARTESIAN_POINT('Ctrl Pts',(4.22821298125834,-3.07739743151158,0.854754037296657));
#3301=CARTESIAN_POINT('Ctrl Pts',(4.23266722198829,-3.0695908660266,0.863250138864656));
#3302=CARTESIAN_POINT('Ctrl Pts',(4.24329622046483,-3.04549172678954,0.888699710314879));
#3303=CARTESIAN_POINT('Ctrl Pts',(4.24682268772436,-3.0282797741566,0.905922274108815));
#3304=CARTESIAN_POINT('Ctrl Pts',(4.24715704342611,-3.01241287757862,0.921884248602471));
#3305=CARTESIAN_POINT('Origin',(3.99227816906752,-2.95980775515723,0.882587203938375));
#3306=CARTESIAN_POINT('Origin',(2.01148897895851,-3.13054543341608,-0.822080647424753));
#3307=CARTESIAN_POINT('Ctrl Pts',(3.0082311675108,-4.12728762196837,0.642864742007738));
#3308=CARTESIAN_POINT('Ctrl Pts',(3.00472739866671,-4.14598783555273,0.655528445957964));
#3309=CARTESIAN_POINT('Ctrl Pts',(2.9992282359946,-4.16459772730387,0.671273933605329));
#3310=CARTESIAN_POINT('Ctrl Pts',(2.98859731158564,-4.19071623010935,0.700772146457304));
#3311=CARTESIAN_POINT('Ctrl Pts',(2.98404209246359,-4.1998733408533,0.713288901422167));
#3312=CARTESIAN_POINT('Ctrl Pts',(2.97960303501413,-4.20756109103719,0.726101818395314));
#3313=CARTESIAN_POINT('Origin',(2.39289757987602,-3.99034,0.4085469169811));
#3314=CARTESIAN_POINT('',(3.08682430861874,-4.22098867120804,0.848340490338109));
#3315=CARTESIAN_POINT('Origin',(2.96151584567913,-3.99034,0.882395471817027));
#3316=CARTESIAN_POINT('',(3.01506729357397,-4.24434,0.927021678396053));
#3317=CARTESIAN_POINT('Ctrl Pts',(3.01506729357397,-4.24434,0.927021678396053));
#3318=CARTESIAN_POINT('Ctrl Pts',(3.03059077021019,-4.24434,0.910760183480735));
#3319=CARTESIAN_POINT('Ctrl Pts',(3.04743040007284,-4.24117681313087,0.893146815234598));
#3320=CARTESIAN_POINT('Ctrl Pts',(3.07142789092426,-4.23090016218033,0.866518967759071));
#3321=CARTESIAN_POINT('Ctrl Pts',(3.07946582779293,-4.22633036224371,0.857284004598816));
#3322=CARTESIAN_POINT('Ctrl Pts',(3.08682430861874,-4.22098867120804,0.848340490338109));
#3323=CARTESIAN_POINT('',(2.93194599201499,-4.24434,0.857753927096903));
#3324=CARTESIAN_POINT('',(2.39289757987602,-4.24434,0.4085469169811));
#3325=CARTESIAN_POINT('Origin',(2.93194599201499,-3.99034,0.857753927096903));
#3326=CARTESIAN_POINT('Origin',(0.365830332282428,-3.62104008743966,0.960044081132975));
#3327=CARTESIAN_POINT('',(0.592722561210691,-4.20714256121069,0.847450833015113));
#3328=CARTESIAN_POINT('Ctrl Pts',(0.592722561210691,-4.20714256121069,0.847450833015113));
#3329=CARTESIAN_POINT('Ctrl Pts',(0.600378045434301,-4.2147980454343,0.829728516867397));
#3330=CARTESIAN_POINT('Ctrl Pts',(0.60949817944343,-4.22191905178582,0.810938481463434));
#3331=CARTESIAN_POINT('Ctrl Pts',(0.619813325693078,-4.22777654536026,0.791987810932356));
#3332=CARTESIAN_POINT('',(0.0371974387893089,-3.65161743878931,1.00132238405185));
#3333=CARTESIAN_POINT('',(0.186225209861045,-3.80064520986105,0.960044081132975));
#3334=CARTESIAN_POINT('Ctrl Pts',(0.0165634547773262,-3.62452667454921,
0.95907835241124));
#3335=CARTESIAN_POINT('Ctrl Pts',(0.0223987948950565,-3.63480280813064,
0.973494730228709));
#3336=CARTESIAN_POINT('Ctrl Pts',(0.0295385147461014,-3.6439585147461,0.987834903077556));
#3337=CARTESIAN_POINT('Ctrl Pts',(0.0371974387893086,-3.65161743878931,
1.00132238405185));
#3338=CARTESIAN_POINT('Origin',(0.127,-3.56181487757862,3.00482));
#3339=CARTESIAN_POINT('',(0.0371974387893088,-3.65161743878931,3.43408));
#3340=CARTESIAN_POINT('',(0.037197438789309,-3.65161743878931,3.00482));
#3341=CARTESIAN_POINT('Origin',(0.127,-3.56181487757862,3.43408));
#3342=CARTESIAN_POINT('Origin',(4.29978004277442,0.,3.43408));
#3343=CARTESIAN_POINT('',(0.592722561210691,-4.20714256121069,3.43408));
#3344=CARTESIAN_POINT('',(0.328820010693604,-3.9432400106936,3.43408));
#3345=CARTESIAN_POINT('',(0.682525122421383,-4.24434,3.43408));
#3346=CARTESIAN_POINT('Origin',(0.682525122421383,-4.11734,3.43408));
#3347=CARTESIAN_POINT('',(3.06758267910893,-4.24434,3.43408));
#3348=CARTESIAN_POINT('',(4.29978004277442,-4.24434,3.43408));
#3349=CARTESIAN_POINT('',(3.15740493982572,-4.20714256121069,3.43408));
#3350=CARTESIAN_POINT('Origin',(3.06758267910893,-4.11734,3.43408));
#3351=CARTESIAN_POINT('',(4.26257444418251,-3.10221543878931,3.43408));
#3352=CARTESIAN_POINT('',(4.75965974505626,-2.60523915693645,3.43408));
#3353=CARTESIAN_POINT('',(4.29978004277442,-3.01241287757862,3.43408));
#3354=CARTESIAN_POINT('Origin',(4.17275218346572,-3.01241287757862,3.43408));
#3355=CARTESIAN_POINT('',(4.29978004277442,-0.682525122421383,3.43408));
#3356=CARTESIAN_POINT('',(4.29978004277442,0.,3.43408));
#3357=CARTESIAN_POINT('',(4.26257444418251,-0.592722561210691,3.43408));
#3358=CARTESIAN_POINT('Origin',(4.17275218346572,-0.682525122421383,3.43408));
#3359=CARTESIAN_POINT('',(3.70692745919517,-0.0371974387893086,3.43408));
#3360=CARTESIAN_POINT('',(3.97327576397285,-0.303487328982301,3.43408));
#3361=CARTESIAN_POINT('',(3.61710519847837,0.,3.43408));
#3362=CARTESIAN_POINT('Origin',(3.61710519847837,-0.127,3.43408));
#3363=CARTESIAN_POINT('',(4.29978004277442,0.,3.43408));
#3364=CARTESIAN_POINT('Origin',(0.31496,-3.92938,2.57556));
#3365=CARTESIAN_POINT('',(0.592722561210692,-4.20714256121069,2.1463));
#3366=CARTESIAN_POINT('Origin',(3.74503891455572,-0.682525122421382,0.20207515447465));
#3367=CARTESIAN_POINT('',(4.18280167060346,-0.592722561210691,0.757134943069733));
#3368=CARTESIAN_POINT('',(3.82204397550476,-0.592722561210691,0.155872117905229));
#3369=CARTESIAN_POINT('',(4.22722247749401,-0.618675938034092,0.792334853321346));
#3370=CARTESIAN_POINT('Ctrl Pts',(4.18280167060346,-0.592722561210691,0.757134943069733));
#3371=CARTESIAN_POINT('Ctrl Pts',(4.19780053097056,-0.600070564757871,0.767851091945987));
#3372=CARTESIAN_POINT('Ctrl Pts',(4.2129665599583,-0.608813677414433,0.779723464837189));
#3373=CARTESIAN_POINT('Ctrl Pts',(4.22722247716428,-0.61867593708467,0.792334854436535));
#3374=CARTESIAN_POINT('',(4.23586945249247,-0.636792753440132,0.789841995880731));
#3375=CARTESIAN_POINT('Origin',(4.11807464058013,-0.682525122421382,0.823801364515337));
#3376=CARTESIAN_POINT('',(4.20961248429125,-0.682525122421382,0.729520807152083));
#3377=CARTESIAN_POINT('Ctrl Pts',(4.23586945249213,-0.636792753439345,0.789841995880285));
#3378=CARTESIAN_POINT('Ctrl Pts',(4.22953324282455,-0.652012091593526,0.767863594749088));
#3379=CARTESIAN_POINT('Ctrl Pts',(4.2202795067559,-0.667864702310521,0.747299177926499));
#3380=CARTESIAN_POINT('Ctrl Pts',(4.20961248429125,-0.682525122421382,0.729520807152084));
#3381=CARTESIAN_POINT('',(3.85394051612121,-0.682525122421382,0.136734193535354));
#3382=CARTESIAN_POINT('Origin',(3.70291925740589,-0.444559393222219,0.943487575387932));
#3383=CARTESIAN_POINT('',(3.63049002297116,-0.0371974387893085,0.916362285421609));
#3384=CARTESIAN_POINT('',(3.85692937930396,-0.264954270800836,0.851081502249089));
#3385=CARTESIAN_POINT('',(3.62924283801765,-0.0172171163463676,0.964727939417));
#3386=CARTESIAN_POINT('Ctrl Pts',(3.62924283801763,-0.0172171163463583,
0.964727939416996));
#3387=CARTESIAN_POINT('Ctrl Pts',(3.6304891446909,-0.022927076246442,0.94772282523799));
#3388=CARTESIAN_POINT('Ctrl Pts',(3.63087929413182,-0.0298227650185199,
0.931344860021926));
#3389=CARTESIAN_POINT('Ctrl Pts',(3.63049002297116,-0.0371974387893085,
0.916362285421609));
#3390=CARTESIAN_POINT('',(3.65604563312312,-0.0371974387893088,1.0050069926735));
#3391=CARTESIAN_POINT('Ctrl Pts',(3.65604563312312,-0.0371974387893085,
1.0050069926735));
#3392=CARTESIAN_POINT('Ctrl Pts',(3.64837989145941,-0.0298040211775379,
0.992083804731222));
#3393=CARTESIAN_POINT('Ctrl Pts',(3.6393408669627,-0.0229216954736747,0.978446879807453));
#3394=CARTESIAN_POINT('Ctrl Pts',(3.62924283801765,-0.0172171163463701,
0.964727939417001));
#3395=CARTESIAN_POINT('',(4.20835728075542,-0.592722561210691,0.845779650321625));
#3396=CARTESIAN_POINT('',(3.88248498945592,-0.264954270800836,0.939726209500981));
#3397=CARTESIAN_POINT('Ctrl Pts',(4.22722247768901,-0.618675937901835,0.792334853204348));
#3398=CARTESIAN_POINT('Ctrl Pts',(4.22186782763078,-0.608813409528573,0.810600279073119));
#3399=CARTESIAN_POINT('Ctrl Pts',(4.2153482216955,-0.600069092284788,0.828727019112828));
#3400=CARTESIAN_POINT('Ctrl Pts',(4.20835728075542,-0.592722561210692,0.845779650321625));
#3401=CARTESIAN_POINT('Origin',(3.66590506036,-0.31496,0.435513970200162));
#3402=CARTESIAN_POINT('',(3.50976614521525,-0.0371974387893085,0.715155822495095));
#3403=CARTESIAN_POINT('Origin',(2.14989002138721,0.,1.71704));
#3404=CARTESIAN_POINT('',(3.56576299294783,0.,0.983028706867215));
#3405=CARTESIAN_POINT('',(3.57587410196135,0.,1.46572800983803));
#3406=CARTESIAN_POINT('',(3.43276108426621,0.,0.761358859064516));
#3407=CARTESIAN_POINT('Origin',(3.43276108426621,-0.127,0.761358859064516));
#3408=CARTESIAN_POINT('Origin',(3.56576299294783,-0.127,0.983028706867215));
#3409=CARTESIAN_POINT('Origin',(3.57587410196135,-0.127,1.46572800983803));
#3410=CARTESIAN_POINT('',(3.66565696798636,-0.0371974387893088,1.46384732689456));
#3411=CARTESIAN_POINT('Origin',(3.93872209949579,-0.31496,1.23668554599536));
#3412=CARTESIAN_POINT('',(4.21178723100523,-0.592722561210691,1.00952376509616));
#3413=CARTESIAN_POINT('Origin',(4.12200436498021,-0.682525122421383,1.01140444803963));
#3414=CARTESIAN_POINT('',(4.24575357476288,-0.682525122421383,0.854883354380302));
#3415=CARTESIAN_POINT('',(4.24897651178152,-0.682525122421383,1.00874476071445));
#3416=CARTESIAN_POINT('Ctrl Pts',(4.24575357476287,-0.682525122421383,0.854883354380302));
#3417=CARTESIAN_POINT('Ctrl Pts',(4.24532081178638,-0.667913170362981,0.834223465655524));
#3418=CARTESIAN_POINT('Ctrl Pts',(4.2422035241443,-0.65200695616128,0.811812980880766));
#3419=CARTESIAN_POINT('Ctrl Pts',(4.23586945249229,-0.636792753440213,0.789841995880839));
#3420=CARTESIAN_POINT('Origin',(3.99180928116026,0.,0.860202729030675));
#3421=CARTESIAN_POINT('',(4.24575357476288,0.,0.854883354380302));
#3422=CARTESIAN_POINT('',(4.20961248429125,0.,0.729520807152083));
#3423=CARTESIAN_POINT('Origin',(4.12200436498021,-3.01241287757862,1.01140444803963));
#3424=CARTESIAN_POINT('',(4.20904964467622,-3.10221543878931,0.878832758692562));
#3425=CARTESIAN_POINT('',(4.21178723100523,-3.10221543878931,1.00952376509616));
#3426=CARTESIAN_POINT('Ctrl Pts',(4.20904964467622,-3.10221543878931,0.878832758692562));
#3427=CARTESIAN_POINT('Ctrl Pts',(4.21404239916469,-3.09700561026119,0.868415193080018));
#3428=CARTESIAN_POINT('Ctrl Pts',(4.21879820903546,-3.09110484563691,0.85754591354415));
#3429=CARTESIAN_POINT('Ctrl Pts',(4.22305791865069,-3.08460681570692,0.846512970392962));
#3430=CARTESIAN_POINT('',(4.24897651178152,-3.01241287757862,1.00874476071445));
#3431=CARTESIAN_POINT('Origin',(3.47823337220385,-3.47373781104079,0.882491586454951));
#3432=CARTESIAN_POINT('',(3.10387583417049,-4.20714256121069,0.878627185288939));
#3433=CARTESIAN_POINT('',(3.65779910425389,-3.65334293346217,0.878730220568001));
#3434=CARTESIAN_POINT('Ctrl Pts',(3.08682430861874,-4.22098867120804,0.84834049033811));
#3435=CARTESIAN_POINT('Ctrl Pts',(3.09307203352956,-4.21671918176915,0.858677326330347));
#3436=CARTESIAN_POINT('Ctrl Pts',(3.09878233912164,-4.21203022323433,0.868852004640036));
#3437=CARTESIAN_POINT('Ctrl Pts',(3.10387583417049,-4.20714256121069,0.878627185288939));
#3438=CARTESIAN_POINT('Origin',(3.66408134596457,-3.654679,1.24243844967974));
#3439=CARTESIAN_POINT('',(3.11637546092391,-4.20714256121069,1.47535313426331));
#3440=CARTESIAN_POINT('Origin',(0.682525122421383,-4.11734,2.1463));
#3441=CARTESIAN_POINT('',(0.682525122421383,-4.24434,0.857753927096903));
#3442=CARTESIAN_POINT('Ctrl Pts',(0.635027485534353,-4.2351235917696,0.789952797310049));
#3443=CARTESIAN_POINT('Ctrl Pts',(0.650782770582527,-4.24147709820481,0.812890971503166));
#3444=CARTESIAN_POINT('Ctrl Pts',(0.667296950103418,-4.24434,0.836218039274683));
#3445=CARTESIAN_POINT('Ctrl Pts',(0.682525122421383,-4.24434,0.857753927096903));
#3446=CARTESIAN_POINT('',(0.682525122421383,-4.24434,2.1463));
#3447=CARTESIAN_POINT('Origin',(2.14989002138721,-4.24434,1.71704));
#3448=CARTESIAN_POINT('',(1.0749450106936,-4.24434,0.857753927096903));
#3449=CARTESIAN_POINT('',(3.0265925948989,-4.24434,1.47723381720679));
#3450=CARTESIAN_POINT('Origin',(1.0749450106936,-3.99034,0.857753927096903));
#3451=CARTESIAN_POINT('Origin',(3.0265925948989,-4.11734,1.47723381720679));
#3452=CARTESIAN_POINT('Origin',(4.24434,0.,0.7874));
#3453=CARTESIAN_POINT('Origin',(3.7719,0.,0.));
#3454=UNCERTAINTY_MEASURE_WITH_UNIT(LENGTH_MEASURE(0.001),#3458,
'DISTANCE_ACCURACY_VALUE',
'Maximum model space distance between geometric entities at asserted c
onnectivities');
#3455=UNCERTAINTY_MEASURE_WITH_UNIT(LENGTH_MEASURE(0.001),#3458,
'DISTANCE_ACCURACY_VALUE',
'Maximum model space distance between geometric entities at asserted c
onnectivities');
#3456=(
GEOMETRIC_REPRESENTATION_CONTEXT(3)
GLOBAL_UNCERTAINTY_ASSIGNED_CONTEXT((#3454))
GLOBAL_UNIT_ASSIGNED_CONTEXT((#3458,#3460,#3461))
REPRESENTATION_CONTEXT('','3D')
);
#3457=(
GEOMETRIC_REPRESENTATION_CONTEXT(3)
GLOBAL_UNCERTAINTY_ASSIGNED_CONTEXT((#3455))
GLOBAL_UNIT_ASSIGNED_CONTEXT((#3458,#3460,#3461))
REPRESENTATION_CONTEXT('','3D')
);
#3458=(
LENGTH_UNIT()
NAMED_UNIT(*)
SI_UNIT(.CENTI.,.METRE.)
);
#3459=(
LENGTH_UNIT()
NAMED_UNIT(*)
SI_UNIT($,.METRE.)
);
#3460=(
NAMED_UNIT(*)
PLANE_ANGLE_UNIT()
SI_UNIT($,.RADIAN.)
);
#3461=(
NAMED_UNIT(*)
SI_UNIT($,.STERADIAN.)
SOLID_ANGLE_UNIT()
);
#3462=SHAPE_DEFINITION_REPRESENTATION(#3463,#3464);
#3463=PRODUCT_DEFINITION_SHAPE('',$,#3466);
#3464=SHAPE_REPRESENTATION('',(#1842),#3456);
#3465=PRODUCT_DEFINITION_CONTEXT('part definition',#3470,'design');
#3466=PRODUCT_DEFINITION('2026-07-26-15-44-05-295',
'MKE Packout Insert - Standard Bin Corner',#3467,#3465);
#3467=PRODUCT_DEFINITION_FORMATION('',$,#3472);
#3468=PRODUCT_RELATED_PRODUCT_CATEGORY(
'MKE Packout Insert - Standard Bin Corner',
'MKE Packout Insert - Standard Bin Corner',(#3472));
#3469=APPLICATION_PROTOCOL_DEFINITION('international standard',
'automotive_design',2009,#3470);
#3470=APPLICATION_CONTEXT(
'Core Data for Automotive Mechanical Design Process');
#3471=PRODUCT_CONTEXT('part definition',#3470,'mechanical');
#3472=PRODUCT('2026-07-26-15-44-05-295',
'MKE Packout Insert - Standard Bin Corner',$,(#3471));
#3473=PRESENTATION_STYLE_ASSIGNMENT((#3474));
#3474=SURFACE_STYLE_USAGE(.BOTH.,#3475);
#3475=SURFACE_SIDE_STYLE('',(#3476));
#3476=SURFACE_STYLE_FILL_AREA(#3477);
#3477=FILL_AREA_STYLE('Steel - Satin',(#3478));
#3478=FILL_AREA_STYLE_COLOUR('Steel - Satin',#3479);
#3479=COLOUR_RGB('Steel - Satin',0.627450980392157,0.627450980392157,0.627450980392157);
ENDSEC;
END-ISO-10303-21;
