ISO-10303-21;
HEADER;
/* Generated by software containing ST-Developer
 * from STEP Tools, Inc. (www.steptools.com) 
 */

FILE_DESCRIPTION(
/* description */ (''),
/* implementation_level */ '2;1');

FILE_NAME(
/* name */ 'wide-bin-center.step',
/* time_stamp */ '2026-07-27T07:37:58-05:00',
/* author */ (''),
/* organization */ (''),
/* preprocessor_version */ 'ST-DEVELOPER v20.1',
/* originating_system */ 'Autodesk Translation Framework v15.8.0.0',
/* authorisation */ '');

FILE_SCHEMA (('AUTOMOTIVE_DESIGN { 1 0 10303 214 3 1 1 }'));
ENDSEC;

DATA;
#10=MECHANICAL_DESIGN_GEOMETRIC_PRESENTATION_REPRESENTATION('',(#13),#2803);
#11=SHAPE_REPRESENTATION_RELATIONSHIP('SRR','None',#2810,#12);
#12=ADVANCED_BREP_SHAPE_REPRESENTATION('',(#14),#2802);
#13=STYLED_ITEM('',(#2819),#14);
#14=MANIFOLD_SOLID_BREP('Insert',#1481);
#15=FACE_BOUND('',#506,.T.);
#16=SPHERICAL_SURFACE('',#1584,0.127);
#17=SPHERICAL_SURFACE('',#1589,0.127);
#18=SPHERICAL_SURFACE('',#1594,0.127);
#19=SPHERICAL_SURFACE('',#1599,0.127);
#20=SPHERICAL_SURFACE('',#1604,0.127);
#21=SPHERICAL_SURFACE('',#1609,0.127);
#22=SPHERICAL_SURFACE('',#1614,0.127);
#23=SPHERICAL_SURFACE('',#1616,0.127);
#24=B_SPLINE_CURVE_WITH_KNOTS('',3,(#2427,#2428,#2429,#2430),
 .UNSPECIFIED.,.F.,.F.,(4,4),(0.516926310543615,0.539395232779464),
 .UNSPECIFIED.);
#25=B_SPLINE_CURVE_WITH_KNOTS('',3,(#2440,#2441,#2442,#2443),
 .UNSPECIFIED.,.F.,.F.,(4,4),(0.499578913360349,0.534054124173909),
 .UNSPECIFIED.);
#26=B_SPLINE_CURVE_WITH_KNOTS('',3,(#2446,#2447,#2448,#2449),
 .UNSPECIFIED.,.F.,.F.,(4,4),(0.,0.0271349146010723),.UNSPECIFIED.);
#27=B_SPLINE_CURVE_WITH_KNOTS('',3,(#2453,#2454,#2455,#2456),
 .UNSPECIFIED.,.F.,.F.,(4,4),(0.,0.0344752100922582),.UNSPECIFIED.);
#28=B_SPLINE_CURVE_WITH_KNOTS('',3,(#2463,#2464,#2465,#2466),
 .UNSPECIFIED.,.F.,.F.,(4,4),(0.512206767458261,0.539392645669806),
 .UNSPECIFIED.);
#29=B_SPLINE_CURVE_WITH_KNOTS('',3,(#2471,#2472,#2473,#2474),
 .UNSPECIFIED.,.F.,.F.,(4,4),(0.,0.0343492519755242),.UNSPECIFIED.);
#30=B_SPLINE_CURVE_WITH_KNOTS('',3,(#2476,#2477,#2478,#2479),
 .UNSPECIFIED.,.F.,.F.,(4,4),(0.499701747309304,0.534050999036384),
 .UNSPECIFIED.);
#31=B_SPLINE_CURVE_WITH_KNOTS('',3,(#2487,#2488,#2489,#2490),
 .UNSPECIFIED.,.F.,.F.,(4,4),(0.512087983332562,0.539317118710312),
 .UNSPECIFIED.);
#32=B_SPLINE_CURVE_WITH_KNOTS('',3,(#2494,#2495,#2496,#2497),
 .UNSPECIFIED.,.F.,.F.,(4,4),(0.,0.0271858782115383),.UNSPECIFIED.);
#33=B_SPLINE_CURVE_WITH_KNOTS('',3,(#2507,#2508,#2509,#2510),
 .UNSPECIFIED.,.F.,.F.,(4,4),(0.,0.0224689222358756),.UNSPECIFIED.);
#34=B_SPLINE_CURVE_WITH_KNOTS('',3,(#2512,#2513,#2514,#2515),
 .UNSPECIFIED.,.F.,.F.,(4,4),(0.516975276944296,0.539540730501147),
 .UNSPECIFIED.);
#35=B_SPLINE_CURVE_WITH_KNOTS('',3,(#2522,#2523,#2524,#2525),
 .UNSPECIFIED.,.F.,.F.,(4,4),(0.,0.0225262483024415),.UNSPECIFIED.);
#36=B_SPLINE_CURVE_WITH_KNOTS('',3,(#2668,#2669,#2670,#2671),
 .UNSPECIFIED.,.F.,.F.,(4,4),(0.,0.0518948302076607),.UNSPECIFIED.);
#37=B_SPLINE_CURVE_WITH_KNOTS('',3,(#2682,#2683,#2684,#2685),
 .UNSPECIFIED.,.F.,.F.,(4,4),(0.,0.0623033846006784),.UNSPECIFIED.);
#38=B_SPLINE_CURVE_WITH_KNOTS('',3,(#2689,#2690,#2691,#2692),
 .UNSPECIFIED.,.F.,.F.,(4,4),(0.883863961370226,0.962991865877093),
 .UNSPECIFIED.);
#39=B_SPLINE_CURVE_WITH_KNOTS('',3,(#2698,#2699,#2700,#2701),
 .UNSPECIFIED.,.F.,.F.,(4,4),(0.921831284309977,0.973726114517642),
 .UNSPECIFIED.);
#40=B_SPLINE_CURVE_WITH_KNOTS('',3,(#2703,#2704,#2705,#2706),
 .UNSPECIFIED.,.F.,.F.,(4,4),(0.,0.0520271904879485),.UNSPECIFIED.);
#41=B_SPLINE_CURVE_WITH_KNOTS('',3,(#2709,#2710,#2711,#2712),
 .UNSPECIFIED.,.F.,.F.,(4,4),(0.911789050491271,0.973861091646505),
 .UNSPECIFIED.);
#42=B_SPLINE_CURVE_WITH_KNOTS('',3,(#2719,#2720,#2721,#2722,#2723,#2724),
 .UNSPECIFIED.,.F.,.F.,(4,2,4),(0.,0.0784172878787758,0.0788677425071661),
 .UNSPECIFIED.);
#43=B_SPLINE_CURVE_WITH_KNOTS('',3,(#2727,#2728,#2729,#2730),
 .UNSPECIFIED.,.F.,.F.,(4,4),(0.91149726429047,0.973727521747006),
 .UNSPECIFIED.);
#44=B_SPLINE_CURVE_WITH_KNOTS('',3,(#2733,#2734,#2735,#2736),
 .UNSPECIFIED.,.F.,.F.,(4,4),(0.,0.0620720411552314),.UNSPECIFIED.);
#45=B_SPLINE_CURVE_WITH_KNOTS('',3,(#2739,#2740,#2741,#2742),
 .UNSPECIFIED.,.F.,.F.,(4,4),(0.921832691539352,0.973727521747006),
 .UNSPECIFIED.);
#46=B_SPLINE_CURVE_WITH_KNOTS('',3,(#2781,#2782,#2783,#2784),
 .UNSPECIFIED.,.F.,.F.,(4,4),(0.,0.0791279044833879),.UNSPECIFIED.);
#47=B_SPLINE_CURVE_WITH_KNOTS('',3,(#2788,#2789,#2790,#2791),
 .UNSPECIFIED.,.F.,.F.,(4,4),(0.883766309309643,0.962894213793032),
 .UNSPECIFIED.);
#48=PLANE('',#1541);
#49=PLANE('',#1544);
#50=PLANE('',#1547);
#51=PLANE('',#1550);
#52=PLANE('',#1553);
#53=PLANE('',#1557);
#54=PLANE('',#1563);
#55=PLANE('',#1565);
#56=PLANE('',#1566);
#57=PLANE('',#1573);
#58=PLANE('',#1576);
#59=PLANE('',#1577);
#60=PLANE('',#1620);
#61=PLANE('',#1623);
#62=PLANE('',#1626);
#63=PLANE('',#1629);
#64=PLANE('',#1630);
#65=PLANE('',#1634);
#66=PLANE('',#1640);
#67=PLANE('',#1641);
#68=PLANE('',#1647);
#69=PLANE('',#1653);
#70=PLANE('',#1654);
#71=PLANE('',#1656);
#72=PLANE('',#1657);
#73=LINE('',#2372,#181);
#74=LINE('',#2373,#182);
#75=LINE('',#2375,#183);
#76=LINE('',#2376,#184);
#77=LINE('',#2378,#185);
#78=LINE('',#2379,#186);
#79=LINE('',#2381,#187);
#80=LINE('',#2382,#188);
#81=LINE('',#2384,#189);
#82=LINE('',#2385,#190);
#83=LINE('',#2387,#191);
#84=LINE('',#2388,#192);
#85=LINE('',#2390,#193);
#86=LINE('',#2391,#194);
#87=LINE('',#2393,#195);
#88=LINE('',#2394,#196);
#89=LINE('',#2397,#197);
#90=LINE('',#2400,#198);
#91=LINE('',#2403,#199);
#92=LINE('',#2404,#200);
#93=LINE('',#2407,#201);
#94=LINE('',#2411,#202);
#95=LINE('',#2412,#203);
#96=LINE('',#2415,#204);
#97=LINE('',#2419,#205);
#98=LINE('',#2421,#206);
#99=LINE('',#2422,#207);
#100=LINE('',#2425,#208);
#101=LINE('',#2434,#209);
#102=LINE('',#2435,#210);
#103=LINE('',#2438,#211);
#104=LINE('',#2458,#212);
#105=LINE('',#2462,#213);
#106=LINE('',#2469,#214);
#107=LINE('',#2480,#215);
#108=LINE('',#2482,#216);
#109=LINE('',#2485,#217);
#110=LINE('',#2499,#218);
#111=LINE('',#2502,#219);
#112=LINE('',#2505,#220);
#113=LINE('',#2516,#221);
#114=LINE('',#2518,#222);
#115=LINE('',#2521,#223);
#116=LINE('',#2528,#224);
#117=LINE('',#2529,#225);
#118=LINE('',#2532,#226);
#119=LINE('',#2533,#227);
#120=LINE('',#2538,#228);
#121=LINE('',#2542,#229);
#122=LINE('',#2546,#230);
#123=LINE('',#2547,#231);
#124=LINE('',#2550,#232);
#125=LINE('',#2553,#233);
#126=LINE('',#2555,#234);
#127=LINE('',#2561,#235);
#128=LINE('',#2564,#236);
#129=LINE('',#2569,#237);
#130=LINE('',#2572,#238);
#131=LINE('',#2580,#239);
#132=LINE('',#2582,#240);
#133=LINE('',#2589,#241);
#134=LINE('',#2592,#242);
#135=LINE('',#2600,#243);
#136=LINE('',#2602,#244);
#137=LINE('',#2609,#245);
#138=LINE('',#2612,#246);
#139=LINE('',#2620,#247);
#140=LINE('',#2622,#248);
#141=LINE('',#2628,#249);
#142=LINE('',#2631,#250);
#143=LINE('',#2638,#251);
#144=LINE('',#2641,#252);
#145=LINE('',#2644,#253);
#146=LINE('',#2645,#254);
#147=LINE('',#2648,#255);
#148=LINE('',#2652,#256);
#149=LINE('',#2653,#257);
#150=LINE('',#2656,#258);
#151=LINE('',#2660,#259);
#152=LINE('',#2662,#260);
#153=LINE('',#2663,#261);
#154=LINE('',#2666,#262);
#155=LINE('',#2675,#263);
#156=LINE('',#2676,#264);
#157=LINE('',#2680,#265);
#158=LINE('',#2693,#266);
#159=LINE('',#2696,#267);
#160=LINE('',#2708,#268);
#161=LINE('',#2714,#269);
#162=LINE('',#2717,#270);
#163=LINE('',#2738,#271);
#164=LINE('',#2745,#272);
#165=LINE('',#2749,#273);
#166=LINE('',#2750,#274);
#167=LINE('',#2753,#275);
#168=LINE('',#2757,#276);
#169=LINE('',#2761,#277);
#170=LINE('',#2765,#278);
#171=LINE('',#2768,#279);
#172=LINE('',#2771,#280);
#173=LINE('',#2772,#281);
#174=LINE('',#2776,#282);
#175=LINE('',#2778,#283);
#176=LINE('',#2780,#284);
#177=LINE('',#2787,#285);
#178=LINE('',#2792,#286);
#179=LINE('',#2794,#287);
#180=LINE('',#2796,#288);
#181=VECTOR('',#1734,1.);
#182=VECTOR('',#1735,1.);
#183=VECTOR('',#1738,1.);
#184=VECTOR('',#1739,1.);
#185=VECTOR('',#1742,1.);
#186=VECTOR('',#1743,1.);
#187=VECTOR('',#1746,1.);
#188=VECTOR('',#1747,1.);
#189=VECTOR('',#1750,1.);
#190=VECTOR('',#1751,1.);
#191=VECTOR('',#1754,1.);
#192=VECTOR('',#1755,1.);
#193=VECTOR('',#1758,1.);
#194=VECTOR('',#1759,1.);
#195=VECTOR('',#1762,1.);
#196=VECTOR('',#1763,1.);
#197=VECTOR('',#1766,1.);
#198=VECTOR('',#1769,1.);
#199=VECTOR('',#1772,1.);
#200=VECTOR('',#1773,1.);
#201=VECTOR('',#1776,1.);
#202=VECTOR('',#1781,1.);
#203=VECTOR('',#1782,1.);
#204=VECTOR('',#1785,1.);
#205=VECTOR('',#1790,1.);
#206=VECTOR('',#1791,1.);
#207=VECTOR('',#1792,1.);
#208=VECTOR('',#1795,1.);
#209=VECTOR('',#1800,1.);
#210=VECTOR('',#1801,1.);
#211=VECTOR('',#1804,1.);
#212=VECTOR('',#1811,1.);
#213=VECTOR('',#1814,1.);
#214=VECTOR('',#1817,1.);
#215=VECTOR('',#1818,1.);
#216=VECTOR('',#1821,1.);
#217=VECTOR('',#1824,1.);
#218=VECTOR('',#1829,1.);
#219=VECTOR('',#1832,1.);
#220=VECTOR('',#1835,1.);
#221=VECTOR('',#1836,1.);
#222=VECTOR('',#1839,1.);
#223=VECTOR('',#1842,1.);
#224=VECTOR('',#1845,1.);
#225=VECTOR('',#1846,1.);
#226=VECTOR('',#1849,1.);
#227=VECTOR('',#1850,1.);
#228=VECTOR('',#1857,1.);
#229=VECTOR('',#1862,1.);
#230=VECTOR('',#1867,1.);
#231=VECTOR('',#1868,1.);
#232=VECTOR('',#1871,1.);
#233=VECTOR('',#1876,1.);
#234=VECTOR('',#1879,1.);
#235=VECTOR('',#1884,1.);
#236=VECTOR('',#1887,1.);
#237=VECTOR('',#1892,1.);
#238=VECTOR('',#1895,1.);
#239=VECTOR('',#1904,1.);
#240=VECTOR('',#1907,1.);
#241=VECTOR('',#1916,1.);
#242=VECTOR('',#1919,1.);
#243=VECTOR('',#1928,1.);
#244=VECTOR('',#1931,1.);
#245=VECTOR('',#1940,1.);
#246=VECTOR('',#1943,1.);
#247=VECTOR('',#1952,1.);
#248=VECTOR('',#1955,1.);
#249=VECTOR('',#1964,1.);
#250=VECTOR('',#1967,1.);
#251=VECTOR('',#1978,1.);
#252=VECTOR('',#1981,1.);
#253=VECTOR('',#1984,1.);
#254=VECTOR('',#1985,1.);
#255=VECTOR('',#1988,1.);
#256=VECTOR('',#1993,1.);
#257=VECTOR('',#1994,1.);
#258=VECTOR('',#1997,1.);
#259=VECTOR('',#2002,1.);
#260=VECTOR('',#2003,1.);
#261=VECTOR('',#2004,1.);
#262=VECTOR('',#2007,1.);
#263=VECTOR('',#2012,1.);
#264=VECTOR('',#2013,1.);
#265=VECTOR('',#2018,1.);
#266=VECTOR('',#2021,1.);
#267=VECTOR('',#2024,1.);
#268=VECTOR('',#2025,1.);
#269=VECTOR('',#2028,1.);
#270=VECTOR('',#2031,1.);
#271=VECTOR('',#2036,1.);
#272=VECTOR('',#2039,1.);
#273=VECTOR('',#2044,1.);
#274=VECTOR('',#2045,1.);
#275=VECTOR('',#2048,1.);
#276=VECTOR('',#2051,1.);
#277=VECTOR('',#2054,1.);
#278=VECTOR('',#2057,1.);
#279=VECTOR('',#2062,1.);
#280=VECTOR('',#2065,1.);
#281=VECTOR('',#2066,1.);
#282=VECTOR('',#2073,1.);
#283=VECTOR('',#2076,1.);
#284=VECTOR('',#2077,1.);
#285=VECTOR('',#2080,1.);
#286=VECTOR('',#2081,1.);
#287=VECTOR('',#2084,1.);
#288=VECTOR('',#2087,1.);
#289=CYLINDRICAL_SURFACE('',#1531,0.1524);
#290=CYLINDRICAL_SURFACE('',#1532,0.1524);
#291=CYLINDRICAL_SURFACE('',#1533,0.1524);
#292=CYLINDRICAL_SURFACE('',#1534,0.1524);
#293=CYLINDRICAL_SURFACE('',#1535,0.1524);
#294=CYLINDRICAL_SURFACE('',#1536,0.1524);
#295=CYLINDRICAL_SURFACE('',#1537,0.1524);
#296=CYLINDRICAL_SURFACE('',#1538,0.1524);
#297=CYLINDRICAL_SURFACE('',#1539,0.0762);
#298=CYLINDRICAL_SURFACE('',#1542,0.0762);
#299=CYLINDRICAL_SURFACE('',#1545,0.0762);
#300=CYLINDRICAL_SURFACE('',#1548,0.0762);
#301=CYLINDRICAL_SURFACE('',#1551,0.0762);
#302=CYLINDRICAL_SURFACE('',#1554,0.0762);
#303=CYLINDRICAL_SURFACE('',#1556,0.1016);
#304=CYLINDRICAL_SURFACE('',#1558,0.0762);
#305=CYLINDRICAL_SURFACE('',#1560,0.0762);
#306=CYLINDRICAL_SURFACE('',#1562,0.1016);
#307=CYLINDRICAL_SURFACE('',#1564,0.1016);
#308=CYLINDRICAL_SURFACE('',#1567,0.0762);
#309=CYLINDRICAL_SURFACE('',#1569,0.0762);
#310=CYLINDRICAL_SURFACE('',#1571,0.0762);
#311=CYLINDRICAL_SURFACE('',#1574,0.0762);
#312=CYLINDRICAL_SURFACE('',#1578,0.127);
#313=CYLINDRICAL_SURFACE('',#1581,0.127);
#314=CYLINDRICAL_SURFACE('',#1586,0.127);
#315=CYLINDRICAL_SURFACE('',#1591,0.127);
#316=CYLINDRICAL_SURFACE('',#1596,0.127);
#317=CYLINDRICAL_SURFACE('',#1601,0.127);
#318=CYLINDRICAL_SURFACE('',#1606,0.127);
#319=CYLINDRICAL_SURFACE('',#1611,0.127);
#320=CYLINDRICAL_SURFACE('',#1618,0.127);
#321=CYLINDRICAL_SURFACE('',#1621,0.127);
#322=CYLINDRICAL_SURFACE('',#1624,0.127);
#323=CYLINDRICAL_SURFACE('',#1627,0.127);
#324=CYLINDRICAL_SURFACE('',#1631,0.127);
#325=CYLINDRICAL_SURFACE('',#1633,0.254);
#326=CYLINDRICAL_SURFACE('',#1635,0.127);
#327=CYLINDRICAL_SURFACE('',#1637,0.254);
#328=CYLINDRICAL_SURFACE('',#1638,0.127);
#329=CYLINDRICAL_SURFACE('',#1646,0.127);
#330=CYLINDRICAL_SURFACE('',#1648,0.127);
#331=CYLINDRICAL_SURFACE('',#1650,0.127);
#332=CYLINDRICAL_SURFACE('',#1651,0.127);
#333=CYLINDRICAL_SURFACE('',#1652,0.254);
#334=CYLINDRICAL_SURFACE('',#1655,0.127);
#335=FACE_OUTER_BOUND('',#426,.T.);
#336=FACE_OUTER_BOUND('',#427,.T.);
#337=FACE_OUTER_BOUND('',#428,.T.);
#338=FACE_OUTER_BOUND('',#429,.T.);
#339=FACE_OUTER_BOUND('',#430,.T.);
#340=FACE_OUTER_BOUND('',#431,.T.);
#341=FACE_OUTER_BOUND('',#432,.T.);
#342=FACE_OUTER_BOUND('',#433,.T.);
#343=FACE_OUTER_BOUND('',#434,.T.);
#344=FACE_OUTER_BOUND('',#435,.T.);
#345=FACE_OUTER_BOUND('',#436,.T.);
#346=FACE_OUTER_BOUND('',#437,.T.);
#347=FACE_OUTER_BOUND('',#438,.T.);
#348=FACE_OUTER_BOUND('',#439,.T.);
#349=FACE_OUTER_BOUND('',#440,.T.);
#350=FACE_OUTER_BOUND('',#441,.T.);
#351=FACE_OUTER_BOUND('',#442,.T.);
#352=FACE_OUTER_BOUND('',#443,.T.);
#353=FACE_OUTER_BOUND('',#444,.T.);
#354=FACE_OUTER_BOUND('',#445,.T.);
#355=FACE_OUTER_BOUND('',#446,.T.);
#356=FACE_OUTER_BOUND('',#447,.T.);
#357=FACE_OUTER_BOUND('',#448,.T.);
#358=FACE_OUTER_BOUND('',#449,.T.);
#359=FACE_OUTER_BOUND('',#450,.T.);
#360=FACE_OUTER_BOUND('',#451,.T.);
#361=FACE_OUTER_BOUND('',#452,.T.);
#362=FACE_OUTER_BOUND('',#453,.T.);
#363=FACE_OUTER_BOUND('',#454,.T.);
#364=FACE_OUTER_BOUND('',#455,.T.);
#365=FACE_OUTER_BOUND('',#456,.T.);
#366=FACE_OUTER_BOUND('',#457,.T.);
#367=FACE_OUTER_BOUND('',#458,.T.);
#368=FACE_OUTER_BOUND('',#459,.T.);
#369=FACE_OUTER_BOUND('',#460,.T.);
#370=FACE_OUTER_BOUND('',#461,.T.);
#371=FACE_OUTER_BOUND('',#462,.T.);
#372=FACE_OUTER_BOUND('',#463,.T.);
#373=FACE_OUTER_BOUND('',#464,.T.);
#374=FACE_OUTER_BOUND('',#465,.T.);
#375=FACE_OUTER_BOUND('',#466,.T.);
#376=FACE_OUTER_BOUND('',#467,.T.);
#377=FACE_OUTER_BOUND('',#468,.T.);
#378=FACE_OUTER_BOUND('',#469,.T.);
#379=FACE_OUTER_BOUND('',#470,.T.);
#380=FACE_OUTER_BOUND('',#471,.T.);
#381=FACE_OUTER_BOUND('',#472,.T.);
#382=FACE_OUTER_BOUND('',#473,.T.);
#383=FACE_OUTER_BOUND('',#474,.T.);
#384=FACE_OUTER_BOUND('',#475,.T.);
#385=FACE_OUTER_BOUND('',#476,.T.);
#386=FACE_OUTER_BOUND('',#477,.T.);
#387=FACE_OUTER_BOUND('',#478,.T.);
#388=FACE_OUTER_BOUND('',#479,.T.);
#389=FACE_OUTER_BOUND('',#480,.T.);
#390=FACE_OUTER_BOUND('',#481,.T.);
#391=FACE_OUTER_BOUND('',#482,.T.);
#392=FACE_OUTER_BOUND('',#483,.T.);
#393=FACE_OUTER_BOUND('',#484,.T.);
#394=FACE_OUTER_BOUND('',#485,.T.);
#395=FACE_OUTER_BOUND('',#486,.T.);
#396=FACE_OUTER_BOUND('',#487,.T.);
#397=FACE_OUTER_BOUND('',#488,.T.);
#398=FACE_OUTER_BOUND('',#489,.T.);
#399=FACE_OUTER_BOUND('',#490,.T.);
#400=FACE_OUTER_BOUND('',#491,.T.);
#401=FACE_OUTER_BOUND('',#492,.T.);
#402=FACE_OUTER_BOUND('',#493,.T.);
#403=FACE_OUTER_BOUND('',#494,.T.);
#404=FACE_OUTER_BOUND('',#495,.T.);
#405=FACE_OUTER_BOUND('',#496,.T.);
#406=FACE_OUTER_BOUND('',#497,.T.);
#407=FACE_OUTER_BOUND('',#498,.T.);
#408=FACE_OUTER_BOUND('',#499,.T.);
#409=FACE_OUTER_BOUND('',#500,.T.);
#410=FACE_OUTER_BOUND('',#501,.T.);
#411=FACE_OUTER_BOUND('',#502,.T.);
#412=FACE_OUTER_BOUND('',#503,.T.);
#413=FACE_OUTER_BOUND('',#504,.T.);
#414=FACE_OUTER_BOUND('',#505,.T.);
#415=FACE_OUTER_BOUND('',#507,.T.);
#416=FACE_OUTER_BOUND('',#508,.T.);
#417=FACE_OUTER_BOUND('',#509,.T.);
#418=FACE_OUTER_BOUND('',#510,.T.);
#419=FACE_OUTER_BOUND('',#511,.T.);
#420=FACE_OUTER_BOUND('',#512,.T.);
#421=FACE_OUTER_BOUND('',#513,.T.);
#422=FACE_OUTER_BOUND('',#514,.T.);
#423=FACE_OUTER_BOUND('',#515,.T.);
#424=FACE_OUTER_BOUND('',#516,.T.);
#425=FACE_OUTER_BOUND('',#517,.T.);
#426=EDGE_LOOP('',(#946,#947,#948,#949));
#427=EDGE_LOOP('',(#950,#951,#952));
#428=EDGE_LOOP('',(#953,#954,#955,#956));
#429=EDGE_LOOP('',(#957,#958,#959));
#430=EDGE_LOOP('',(#960,#961,#962));
#431=EDGE_LOOP('',(#963,#964,#965));
#432=EDGE_LOOP('',(#966,#967,#968));
#433=EDGE_LOOP('',(#969,#970,#971));
#434=EDGE_LOOP('',(#972,#973,#974,#975));
#435=EDGE_LOOP('',(#976,#977,#978));
#436=EDGE_LOOP('',(#979,#980,#981,#982));
#437=EDGE_LOOP('',(#983,#984,#985));
#438=EDGE_LOOP('',(#986,#987,#988,#989));
#439=EDGE_LOOP('',(#990,#991,#992,#993,#994));
#440=EDGE_LOOP('',(#995,#996,#997,#998,#999));
#441=EDGE_LOOP('',(#1000,#1001,#1002,#1003));
#442=EDGE_LOOP('',(#1004,#1005,#1006,#1007));
#443=EDGE_LOOP('',(#1008,#1009,#1010,#1011));
#444=EDGE_LOOP('',(#1012,#1013,#1014,#1015,#1016));
#445=EDGE_LOOP('',(#1017,#1018,#1019,#1020,#1021));
#446=EDGE_LOOP('',(#1022,#1023,#1024,#1025));
#447=EDGE_LOOP('',(#1026,#1027,#1028,#1029));
#448=EDGE_LOOP('',(#1030,#1031,#1032,#1033));
#449=EDGE_LOOP('',(#1034,#1035,#1036,#1037));
#450=EDGE_LOOP('',(#1038,#1039,#1040,#1041));
#451=EDGE_LOOP('',(#1042,#1043,#1044,#1045,#1046));
#452=EDGE_LOOP('',(#1047,#1048,#1049,#1050,#1051));
#453=EDGE_LOOP('',(#1052,#1053,#1054,#1055,#1056));
#454=EDGE_LOOP('',(#1057,#1058,#1059,#1060,#1061,#1062));
#455=EDGE_LOOP('',(#1063,#1064,#1065,#1066,#1067,#1068,#1069,#1070));
#456=EDGE_LOOP('',(#1071,#1072,#1073,#1074,#1075,#1076));
#457=EDGE_LOOP('',(#1077,#1078,#1079,#1080,#1081,#1082));
#458=EDGE_LOOP('',(#1083,#1084,#1085,#1086,#1087,#1088));
#459=EDGE_LOOP('',(#1089,#1090,#1091,#1092,#1093,#1094));
#460=EDGE_LOOP('',(#1095,#1096,#1097,#1098,#1099,#1100));
#461=EDGE_LOOP('',(#1101,#1102,#1103,#1104,#1105,#1106));
#462=EDGE_LOOP('',(#1107,#1108,#1109,#1110,#1111));
#463=EDGE_LOOP('',(#1112,#1113,#1114,#1115,#1116,#1117));
#464=EDGE_LOOP('',(#1118,#1119,#1120,#1121));
#465=EDGE_LOOP('',(#1122,#1123,#1124,#1125));
#466=EDGE_LOOP('',(#1126,#1127,#1128,#1129,#1130));
#467=EDGE_LOOP('',(#1131,#1132,#1133,#1134,#1135));
#468=EDGE_LOOP('',(#1136,#1137,#1138,#1139,#1140));
#469=EDGE_LOOP('',(#1141,#1142,#1143,#1144,#1145));
#470=EDGE_LOOP('',(#1146,#1147,#1148,#1149));
#471=EDGE_LOOP('',(#1150,#1151,#1152,#1153));
#472=EDGE_LOOP('',(#1154,#1155,#1156,#1157));
#473=EDGE_LOOP('',(#1158,#1159,#1160,#1161));
#474=EDGE_LOOP('',(#1162,#1163,#1164,#1165));
#475=EDGE_LOOP('',(#1166,#1167,#1168));
#476=EDGE_LOOP('',(#1169,#1170,#1171,#1172));
#477=EDGE_LOOP('',(#1173,#1174,#1175));
#478=EDGE_LOOP('',(#1176,#1177,#1178,#1179));
#479=EDGE_LOOP('',(#1180,#1181,#1182));
#480=EDGE_LOOP('',(#1183,#1184,#1185,#1186));
#481=EDGE_LOOP('',(#1187,#1188,#1189));
#482=EDGE_LOOP('',(#1190,#1191,#1192,#1193));
#483=EDGE_LOOP('',(#1194,#1195,#1196));
#484=EDGE_LOOP('',(#1197,#1198,#1199,#1200));
#485=EDGE_LOOP('',(#1201,#1202,#1203));
#486=EDGE_LOOP('',(#1204,#1205,#1206,#1207));
#487=EDGE_LOOP('',(#1208,#1209,#1210));
#488=EDGE_LOOP('',(#1211,#1212,#1213));
#489=EDGE_LOOP('',(#1214,#1215,#1216,#1217));
#490=EDGE_LOOP('',(#1218,#1219,#1220,#1221));
#491=EDGE_LOOP('',(#1222,#1223,#1224,#1225));
#492=EDGE_LOOP('',(#1226,#1227,#1228,#1229));
#493=EDGE_LOOP('',(#1230,#1231,#1232,#1233));
#494=EDGE_LOOP('',(#1234,#1235,#1236,#1237,#1238));
#495=EDGE_LOOP('',(#1239,#1240,#1241,#1242,#1243));
#496=EDGE_LOOP('',(#1244,#1245,#1246,#1247));
#497=EDGE_LOOP('',(#1248,#1249,#1250,#1251,#1252,#1253,#1254,#1255));
#498=EDGE_LOOP('',(#1256,#1257,#1258,#1259,#1260,#1261));
#499=EDGE_LOOP('',(#1262,#1263,#1264,#1265,#1266,#1267));
#500=EDGE_LOOP('',(#1268,#1269,#1270,#1271));
#501=EDGE_LOOP('',(#1272,#1273,#1274,#1275,#1276,#1277));
#502=EDGE_LOOP('',(#1278,#1279,#1280,#1281,#1282,#1283));
#503=EDGE_LOOP('',(#1284,#1285,#1286,#1287,#1288));
#504=EDGE_LOOP('',(#1289,#1290,#1291,#1292));
#505=EDGE_LOOP('',(#1293,#1294,#1295,#1296,#1297,#1298,#1299,#1300,#1301,
#1302,#1303,#1304,#1305,#1306,#1307,#1308));
#506=EDGE_LOOP('',(#1309,#1310,#1311,#1312,#1313,#1314,#1315,#1316,#1317,
#1318,#1319,#1320,#1321,#1322,#1323,#1324));
#507=EDGE_LOOP('',(#1325,#1326,#1327,#1328));
#508=EDGE_LOOP('',(#1329,#1330,#1331,#1332,#1333));
#509=EDGE_LOOP('',(#1334,#1335,#1336,#1337,#1338));
#510=EDGE_LOOP('',(#1339,#1340,#1341,#1342,#1343));
#511=EDGE_LOOP('',(#1344,#1345,#1346,#1347,#1348,#1349));
#512=EDGE_LOOP('',(#1350,#1351,#1352,#1353,#1354,#1355));
#513=EDGE_LOOP('',(#1356,#1357,#1358,#1359));
#514=EDGE_LOOP('',(#1360,#1361,#1362,#1363));
#515=EDGE_LOOP('',(#1364,#1365,#1366,#1367,#1368,#1369));
#516=EDGE_LOOP('',(#1370,#1371,#1372,#1373));
#517=EDGE_LOOP('',(#1374,#1375,#1376,#1377));
#518=ELLIPSE('',#1496,0.176415754398523,0.1524);
#519=ELLIPSE('',#1498,0.117060661197518,0.0762);
#520=ELLIPSE('',#1499,0.156375836936441,0.1524);
#521=ELLIPSE('',#1500,0.156375836936441,0.1524);
#522=ELLIPSE('',#1502,0.182243893724865,0.1524);
#523=ELLIPSE('',#1504,0.125672259468826,0.0762);
#524=ELLIPSE('',#1505,0.154986542102624,0.1524);
#525=ELLIPSE('',#1506,0.154986542102624,0.1524);
#526=ELLIPSE('',#1507,0.155634146657437,0.1524);
#527=ELLIPSE('',#1508,0.155634146657437,0.1524);
#528=ELLIPSE('',#1510,0.155634146657437,0.1524);
#529=ELLIPSE('',#1511,0.155634146657438,0.1524);
#530=ELLIPSE('',#1513,0.155634146657437,0.1524);
#531=ELLIPSE('',#1514,0.155634146657437,0.1524);
#532=ELLIPSE('',#1516,0.155634146657437,0.1524);
#533=ELLIPSE('',#1517,0.155634146657438,0.1524);
#534=ELLIPSE('',#1520,0.125672259468826,0.0762);
#535=ELLIPSE('',#1522,0.182243893724866,0.1524);
#536=ELLIPSE('',#1523,0.154986542102624,0.1524);
#537=ELLIPSE('',#1524,0.154986542102624,0.1524);
#538=ELLIPSE('',#1526,0.117060661197518,0.0762);
#539=ELLIPSE('',#1528,0.176415754398523,0.1524);
#540=ELLIPSE('',#1529,0.156375836936441,0.1524);
#541=ELLIPSE('',#1530,0.156375836936441,0.1524);
#542=ELLIPSE('',#1549,0.0790690252577838,0.0762);
#543=ELLIPSE('',#1552,0.0790690252577839,0.0762);
#544=ELLIPSE('',#1559,0.0790690252577837,0.0762);
#545=ELLIPSE('',#1570,0.0790690252577837,0.0762);
#546=ELLIPSE('',#1628,0.131781708762973,0.127);
#547=ELLIPSE('',#1632,0.131781708762973,0.127);
#548=ELLIPSE('',#1636,0.131781708762973,0.127);
#549=ELLIPSE('',#1649,0.131781708762973,0.127);
#550=CIRCLE('',#1495,0.0762);
#551=CIRCLE('',#1497,0.0762);
#552=CIRCLE('',#1501,0.0762);
#553=CIRCLE('',#1503,0.0762);
#554=CIRCLE('',#1509,0.0761999999999999);
#555=CIRCLE('',#1512,0.0762);
#556=CIRCLE('',#1515,0.0762);
#557=CIRCLE('',#1518,0.0762);
#558=CIRCLE('',#1519,0.0761999999999997);
#559=CIRCLE('',#1521,0.0762000000000004);
#560=CIRCLE('',#1525,0.0762000000000003);
#561=CIRCLE('',#1527,0.0762000000000004);
#562=CIRCLE('',#1540,0.0762);
#563=CIRCLE('',#1543,0.0762);
#564=CIRCLE('',#1546,0.0762);
#565=CIRCLE('',#1555,0.0762);
#566=CIRCLE('',#1561,0.0762);
#567=CIRCLE('',#1568,0.0762);
#568=CIRCLE('',#1572,0.0762);
#569=CIRCLE('',#1575,0.0762);
#570=CIRCLE('',#1579,0.127);
#571=CIRCLE('',#1580,0.127);
#572=CIRCLE('',#1582,0.127);
#573=CIRCLE('',#1583,0.127);
#574=CIRCLE('',#1585,0.127);
#575=CIRCLE('',#1587,0.127);
#576=CIRCLE('',#1588,0.127);
#577=CIRCLE('',#1590,0.127);
#578=CIRCLE('',#1592,0.127000000000001);
#579=CIRCLE('',#1593,0.127);
#580=CIRCLE('',#1595,0.127);
#581=CIRCLE('',#1597,0.127);
#582=CIRCLE('',#1598,0.127);
#583=CIRCLE('',#1600,0.127);
#584=CIRCLE('',#1602,0.127);
#585=CIRCLE('',#1603,0.127);
#586=CIRCLE('',#1605,0.127);
#587=CIRCLE('',#1607,0.127);
#588=CIRCLE('',#1608,0.127);
#589=CIRCLE('',#1610,0.127);
#590=CIRCLE('',#1612,0.127);
#591=CIRCLE('',#1613,0.127);
#592=CIRCLE('',#1615,0.127);
#593=CIRCLE('',#1617,0.127);
#594=CIRCLE('',#1619,0.127);
#595=CIRCLE('',#1622,0.127);
#596=CIRCLE('',#1625,0.127);
#597=CIRCLE('',#1639,0.127);
#598=CIRCLE('',#1642,0.127);
#599=CIRCLE('',#1643,0.127);
#600=CIRCLE('',#1644,0.127);
#601=CIRCLE('',#1645,0.127);
#602=VERTEX_POINT('',#2111);
#603=VERTEX_POINT('',#2112);
#604=VERTEX_POINT('',#2114);
#605=VERTEX_POINT('',#2116);
#606=VERTEX_POINT('',#2135);
#607=VERTEX_POINT('',#2154);
#608=VERTEX_POINT('',#2155);
#609=VERTEX_POINT('',#2157);
#610=VERTEX_POINT('',#2159);
#611=VERTEX_POINT('',#2178);
#612=VERTEX_POINT('',#2201);
#613=VERTEX_POINT('',#2202);
#614=VERTEX_POINT('',#2204);
#615=VERTEX_POINT('',#2227);
#616=VERTEX_POINT('',#2228);
#617=VERTEX_POINT('',#2230);
#618=VERTEX_POINT('',#2253);
#619=VERTEX_POINT('',#2254);
#620=VERTEX_POINT('',#2256);
#621=VERTEX_POINT('',#2279);
#622=VERTEX_POINT('',#2280);
#623=VERTEX_POINT('',#2282);
#624=VERTEX_POINT('',#2301);
#625=VERTEX_POINT('',#2302);
#626=VERTEX_POINT('',#2304);
#627=VERTEX_POINT('',#2306);
#628=VERTEX_POINT('',#2325);
#629=VERTEX_POINT('',#2344);
#630=VERTEX_POINT('',#2345);
#631=VERTEX_POINT('',#2347);
#632=VERTEX_POINT('',#2349);
#633=VERTEX_POINT('',#2368);
#634=VERTEX_POINT('',#2396);
#635=VERTEX_POINT('',#2398);
#636=VERTEX_POINT('',#2402);
#637=VERTEX_POINT('',#2406);
#638=VERTEX_POINT('',#2410);
#639=VERTEX_POINT('',#2414);
#640=VERTEX_POINT('',#2418);
#641=VERTEX_POINT('',#2420);
#642=VERTEX_POINT('',#2424);
#643=VERTEX_POINT('',#2426);
#644=VERTEX_POINT('',#2433);
#645=VERTEX_POINT('',#2437);
#646=VERTEX_POINT('',#2439);
#647=VERTEX_POINT('',#2444);
#648=VERTEX_POINT('',#2452);
#649=VERTEX_POINT('',#2457);
#650=VERTEX_POINT('',#2459);
#651=VERTEX_POINT('',#2461);
#652=VERTEX_POINT('',#2468);
#653=VERTEX_POINT('',#2470);
#654=VERTEX_POINT('',#2475);
#655=VERTEX_POINT('',#2484);
#656=VERTEX_POINT('',#2486);
#657=VERTEX_POINT('',#2493);
#658=VERTEX_POINT('',#2498);
#659=VERTEX_POINT('',#2500);
#660=VERTEX_POINT('',#2504);
#661=VERTEX_POINT('',#2506);
#662=VERTEX_POINT('',#2511);
#663=VERTEX_POINT('',#2520);
#664=VERTEX_POINT('',#2527);
#665=VERTEX_POINT('',#2531);
#666=VERTEX_POINT('',#2537);
#667=VERTEX_POINT('',#2541);
#668=VERTEX_POINT('',#2545);
#669=VERTEX_POINT('',#2549);
#670=VERTEX_POINT('',#2557);
#671=VERTEX_POINT('',#2558);
#672=VERTEX_POINT('',#2560);
#673=VERTEX_POINT('',#2562);
#674=VERTEX_POINT('',#2566);
#675=VERTEX_POINT('',#2568);
#676=VERTEX_POINT('',#2570);
#677=VERTEX_POINT('',#2576);
#678=VERTEX_POINT('',#2577);
#679=VERTEX_POINT('',#2579);
#680=VERTEX_POINT('',#2586);
#681=VERTEX_POINT('',#2588);
#682=VERTEX_POINT('',#2590);
#683=VERTEX_POINT('',#2596);
#684=VERTEX_POINT('',#2597);
#685=VERTEX_POINT('',#2599);
#686=VERTEX_POINT('',#2606);
#687=VERTEX_POINT('',#2608);
#688=VERTEX_POINT('',#2610);
#689=VERTEX_POINT('',#2616);
#690=VERTEX_POINT('',#2617);
#691=VERTEX_POINT('',#2619);
#692=VERTEX_POINT('',#2626);
#693=VERTEX_POINT('',#2629);
#694=VERTEX_POINT('',#2637);
#695=VERTEX_POINT('',#2639);
#696=VERTEX_POINT('',#2643);
#697=VERTEX_POINT('',#2647);
#698=VERTEX_POINT('',#2651);
#699=VERTEX_POINT('',#2655);
#700=VERTEX_POINT('',#2659);
#701=VERTEX_POINT('',#2661);
#702=VERTEX_POINT('',#2665);
#703=VERTEX_POINT('',#2667);
#704=VERTEX_POINT('',#2674);
#705=VERTEX_POINT('',#2679);
#706=VERTEX_POINT('',#2681);
#707=VERTEX_POINT('',#2686);
#708=VERTEX_POINT('',#2688);
#709=VERTEX_POINT('',#2695);
#710=VERTEX_POINT('',#2697);
#711=VERTEX_POINT('',#2702);
#712=VERTEX_POINT('',#2707);
#713=VERTEX_POINT('',#2716);
#714=VERTEX_POINT('',#2718);
#715=VERTEX_POINT('',#2725);
#716=VERTEX_POINT('',#2732);
#717=VERTEX_POINT('',#2737);
#718=VERTEX_POINT('',#2744);
#719=VERTEX_POINT('',#2748);
#720=VERTEX_POINT('',#2752);
#721=VERTEX_POINT('',#2754);
#722=VERTEX_POINT('',#2756);
#723=VERTEX_POINT('',#2758);
#724=VERTEX_POINT('',#2760);
#725=VERTEX_POINT('',#2762);
#726=VERTEX_POINT('',#2764);
#727=VERTEX_POINT('',#2770);
#728=VERTEX_POINT('',#2779);
#729=VERTEX_POINT('',#2786);
#730=EDGE_CURVE('',#602,#603,#550,.T.);
#731=EDGE_CURVE('',#602,#604,#518,.T.);
#732=EDGE_CURVE('',#604,#605,#551,.T.);
#733=EDGE_CURVE('',#605,#603,#519,.T.);
#734=EDGE_CURVE('',#603,#606,#520,.T.);
#735=EDGE_CURVE('',#606,#602,#521,.T.);
#736=EDGE_CURVE('',#607,#608,#552,.T.);
#737=EDGE_CURVE('',#607,#609,#522,.T.);
#738=EDGE_CURVE('',#609,#610,#553,.T.);
#739=EDGE_CURVE('',#610,#608,#523,.T.);
#740=EDGE_CURVE('',#608,#611,#524,.T.);
#741=EDGE_CURVE('',#611,#607,#525,.T.);
#742=EDGE_CURVE('',#612,#613,#526,.T.);
#743=EDGE_CURVE('',#613,#614,#527,.T.);
#744=EDGE_CURVE('',#614,#612,#554,.T.);
#745=EDGE_CURVE('',#615,#616,#528,.T.);
#746=EDGE_CURVE('',#616,#617,#529,.T.);
#747=EDGE_CURVE('',#617,#615,#555,.T.);
#748=EDGE_CURVE('',#618,#619,#530,.T.);
#749=EDGE_CURVE('',#619,#620,#531,.T.);
#750=EDGE_CURVE('',#620,#618,#556,.T.);
#751=EDGE_CURVE('',#621,#622,#532,.T.);
#752=EDGE_CURVE('',#622,#623,#533,.T.);
#753=EDGE_CURVE('',#623,#621,#557,.T.);
#754=EDGE_CURVE('',#624,#625,#558,.T.);
#755=EDGE_CURVE('',#624,#626,#534,.T.);
#756=EDGE_CURVE('',#626,#627,#559,.T.);
#757=EDGE_CURVE('',#627,#625,#535,.T.);
#758=EDGE_CURVE('',#625,#628,#536,.T.);
#759=EDGE_CURVE('',#628,#624,#537,.T.);
#760=EDGE_CURVE('',#629,#630,#560,.T.);
#761=EDGE_CURVE('',#629,#631,#538,.T.);
#762=EDGE_CURVE('',#631,#632,#561,.T.);
#763=EDGE_CURVE('',#632,#630,#539,.T.);
#764=EDGE_CURVE('',#630,#633,#540,.T.);
#765=EDGE_CURVE('',#633,#629,#541,.T.);
#766=EDGE_CURVE('',#603,#629,#73,.T.);
#767=EDGE_CURVE('',#633,#606,#74,.T.);
#768=EDGE_CURVE('',#628,#633,#75,.T.);
#769=EDGE_CURVE('',#632,#624,#76,.T.);
#770=EDGE_CURVE('',#622,#628,#77,.T.);
#771=EDGE_CURVE('',#627,#623,#78,.T.);
#772=EDGE_CURVE('',#619,#622,#79,.T.);
#773=EDGE_CURVE('',#621,#620,#80,.T.);
#774=EDGE_CURVE('',#616,#619,#81,.T.);
#775=EDGE_CURVE('',#618,#617,#82,.T.);
#776=EDGE_CURVE('',#613,#616,#83,.T.);
#777=EDGE_CURVE('',#615,#614,#84,.T.);
#778=EDGE_CURVE('',#611,#613,#85,.T.);
#779=EDGE_CURVE('',#612,#609,#86,.T.);
#780=EDGE_CURVE('',#606,#611,#87,.T.);
#781=EDGE_CURVE('',#608,#604,#88,.T.);
#782=EDGE_CURVE('',#617,#634,#89,.T.);
#783=EDGE_CURVE('',#634,#635,#562,.T.);
#784=EDGE_CURVE('',#635,#615,#90,.T.);
#785=EDGE_CURVE('',#636,#618,#91,.T.);
#786=EDGE_CURVE('',#634,#636,#92,.T.);
#787=EDGE_CURVE('',#620,#637,#93,.T.);
#788=EDGE_CURVE('',#637,#636,#563,.T.);
#789=EDGE_CURVE('',#638,#621,#94,.T.);
#790=EDGE_CURVE('',#637,#638,#95,.T.);
#791=EDGE_CURVE('',#623,#639,#96,.T.);
#792=EDGE_CURVE('',#639,#638,#564,.T.);
#793=EDGE_CURVE('',#640,#627,#97,.T.);
#794=EDGE_CURVE('',#641,#640,#98,.T.);
#795=EDGE_CURVE('',#639,#641,#99,.T.);
#796=EDGE_CURVE('',#626,#642,#100,.T.);
#797=EDGE_CURVE('',#643,#642,#24,.T.);
#798=EDGE_CURVE('',#643,#640,#542,.T.);
#799=EDGE_CURVE('',#644,#632,#101,.T.);
#800=EDGE_CURVE('',#644,#642,#102,.T.);
#801=EDGE_CURVE('',#631,#645,#103,.T.);
#802=EDGE_CURVE('',#646,#645,#25,.T.);
#803=EDGE_CURVE('',#647,#646,#543,.T.);
#804=EDGE_CURVE('',#644,#647,#26,.T.);
#805=EDGE_CURVE('',#648,#646,#27,.T.);
#806=EDGE_CURVE('',#648,#649,#104,.T.);
#807=EDGE_CURVE('',#649,#650,#565,.T.);
#808=EDGE_CURVE('',#650,#651,#105,.T.);
#809=EDGE_CURVE('',#647,#651,#28,.T.);
#810=EDGE_CURVE('',#652,#645,#106,.T.);
#811=EDGE_CURVE('',#652,#653,#29,.T.);
#812=EDGE_CURVE('',#653,#654,#30,.T.);
#813=EDGE_CURVE('',#648,#654,#107,.T.);
#814=EDGE_CURVE('',#652,#605,#108,.T.);
#815=EDGE_CURVE('',#604,#655,#109,.T.);
#816=EDGE_CURVE('',#656,#655,#31,.T.);
#817=EDGE_CURVE('',#653,#656,#544,.T.);
#818=EDGE_CURVE('',#657,#656,#32,.T.);
#819=EDGE_CURVE('',#657,#658,#110,.T.);
#820=EDGE_CURVE('',#658,#659,#566,.T.);
#821=EDGE_CURVE('',#659,#654,#111,.T.);
#822=EDGE_CURVE('',#660,#655,#112,.T.);
#823=EDGE_CURVE('',#660,#661,#33,.T.);
#824=EDGE_CURVE('',#661,#662,#34,.T.);
#825=EDGE_CURVE('',#657,#662,#113,.T.);
#826=EDGE_CURVE('',#660,#610,#114,.T.);
#827=EDGE_CURVE('',#663,#651,#115,.T.);
#828=EDGE_CURVE('',#663,#643,#35,.T.);
#829=EDGE_CURVE('',#664,#650,#116,.T.);
#830=EDGE_CURVE('',#663,#664,#117,.T.);
#831=EDGE_CURVE('',#665,#662,#118,.T.);
#832=EDGE_CURVE('',#658,#665,#119,.T.);
#833=EDGE_CURVE('',#664,#641,#567,.T.);
#834=EDGE_CURVE('',#609,#666,#120,.T.);
#835=EDGE_CURVE('',#661,#666,#545,.T.);
#836=EDGE_CURVE('',#666,#667,#121,.T.);
#837=EDGE_CURVE('',#667,#665,#568,.T.);
#838=EDGE_CURVE('',#668,#612,#122,.T.);
#839=EDGE_CURVE('',#667,#668,#123,.T.);
#840=EDGE_CURVE('',#614,#669,#124,.T.);
#841=EDGE_CURVE('',#669,#668,#569,.T.);
#842=EDGE_CURVE('',#669,#635,#125,.T.);
#843=EDGE_CURVE('',#649,#659,#126,.T.);
#844=EDGE_CURVE('',#670,#671,#570,.T.);
#845=EDGE_CURVE('',#671,#672,#127,.T.);
#846=EDGE_CURVE('',#672,#673,#571,.T.);
#847=EDGE_CURVE('',#673,#670,#128,.T.);
#848=EDGE_CURVE('',#674,#670,#572,.T.);
#849=EDGE_CURVE('',#670,#675,#129,.T.);
#850=EDGE_CURVE('',#675,#676,#573,.T.);
#851=EDGE_CURVE('',#676,#674,#130,.T.);
#852=EDGE_CURVE('',#674,#671,#574,.T.);
#853=EDGE_CURVE('',#677,#678,#575,.T.);
#854=EDGE_CURVE('',#678,#679,#131,.T.);
#855=EDGE_CURVE('',#679,#675,#576,.T.);
#856=EDGE_CURVE('',#675,#677,#132,.T.);
#857=EDGE_CURVE('',#679,#676,#577,.T.);
#858=EDGE_CURVE('',#680,#677,#578,.T.);
#859=EDGE_CURVE('',#677,#681,#133,.T.);
#860=EDGE_CURVE('',#681,#682,#579,.T.);
#861=EDGE_CURVE('',#682,#680,#134,.T.);
#862=EDGE_CURVE('',#680,#678,#580,.T.);
#863=EDGE_CURVE('',#683,#684,#581,.T.);
#864=EDGE_CURVE('',#684,#685,#135,.T.);
#865=EDGE_CURVE('',#685,#681,#582,.T.);
#866=EDGE_CURVE('',#681,#683,#136,.T.);
#867=EDGE_CURVE('',#685,#682,#583,.T.);
#868=EDGE_CURVE('',#686,#683,#584,.T.);
#869=EDGE_CURVE('',#683,#687,#137,.T.);
#870=EDGE_CURVE('',#687,#688,#585,.T.);
#871=EDGE_CURVE('',#688,#686,#138,.T.);
#872=EDGE_CURVE('',#686,#684,#586,.T.);
#873=EDGE_CURVE('',#689,#690,#587,.T.);
#874=EDGE_CURVE('',#690,#691,#139,.T.);
#875=EDGE_CURVE('',#691,#687,#588,.T.);
#876=EDGE_CURVE('',#687,#689,#140,.T.);
#877=EDGE_CURVE('',#691,#688,#589,.T.);
#878=EDGE_CURVE('',#692,#689,#590,.T.);
#879=EDGE_CURVE('',#689,#673,#141,.T.);
#880=EDGE_CURVE('',#673,#693,#591,.T.);
#881=EDGE_CURVE('',#693,#692,#142,.T.);
#882=EDGE_CURVE('',#692,#690,#592,.T.);
#883=EDGE_CURVE('',#672,#693,#593,.T.);
#884=EDGE_CURVE('',#685,#694,#143,.T.);
#885=EDGE_CURVE('',#694,#695,#594,.T.);
#886=EDGE_CURVE('',#695,#682,#144,.T.);
#887=EDGE_CURVE('',#696,#684,#145,.T.);
#888=EDGE_CURVE('',#694,#696,#146,.T.);
#889=EDGE_CURVE('',#686,#697,#147,.T.);
#890=EDGE_CURVE('',#697,#696,#595,.T.);
#891=EDGE_CURVE('',#698,#688,#148,.T.);
#892=EDGE_CURVE('',#698,#697,#149,.T.);
#893=EDGE_CURVE('',#691,#699,#150,.T.);
#894=EDGE_CURVE('',#699,#698,#596,.T.);
#895=EDGE_CURVE('',#700,#690,#151,.T.);
#896=EDGE_CURVE('',#701,#700,#152,.T.);
#897=EDGE_CURVE('',#699,#701,#153,.T.);
#898=EDGE_CURVE('',#692,#702,#154,.T.);
#899=EDGE_CURVE('',#702,#703,#36,.T.);
#900=EDGE_CURVE('',#703,#700,#546,.T.);
#901=EDGE_CURVE('',#704,#693,#155,.T.);
#902=EDGE_CURVE('',#702,#704,#156,.T.);
#903=EDGE_CURVE('',#674,#705,#157,.T.);
#904=EDGE_CURVE('',#705,#706,#37,.T.);
#905=EDGE_CURVE('',#706,#707,#547,.T.);
#906=EDGE_CURVE('',#707,#708,#38,.T.);
#907=EDGE_CURVE('',#708,#671,#158,.T.);
#908=EDGE_CURVE('',#705,#709,#159,.T.);
#909=EDGE_CURVE('',#710,#709,#39,.T.);
#910=EDGE_CURVE('',#711,#710,#40,.T.);
#911=EDGE_CURVE('',#711,#712,#160,.T.);
#912=EDGE_CURVE('',#706,#712,#41,.T.);
#913=EDGE_CURVE('',#709,#676,#161,.T.);
#914=EDGE_CURVE('',#672,#713,#162,.T.);
#915=EDGE_CURVE('',#713,#714,#42,.T.);
#916=EDGE_CURVE('',#714,#715,#548,.T.);
#917=EDGE_CURVE('',#715,#704,#43,.T.);
#918=EDGE_CURVE('',#716,#715,#44,.T.);
#919=EDGE_CURVE('',#716,#717,#163,.T.);
#920=EDGE_CURVE('',#703,#717,#45,.T.);
#921=EDGE_CURVE('',#717,#718,#164,.T.);
#922=EDGE_CURVE('',#718,#701,#597,.T.);
#923=EDGE_CURVE('',#695,#719,#165,.T.);
#924=EDGE_CURVE('',#680,#719,#166,.T.);
#925=EDGE_CURVE('',#720,#718,#167,.T.);
#926=EDGE_CURVE('',#721,#720,#598,.T.);
#927=EDGE_CURVE('',#721,#722,#168,.T.);
#928=EDGE_CURVE('',#723,#722,#599,.T.);
#929=EDGE_CURVE('',#724,#723,#169,.T.);
#930=EDGE_CURVE('',#725,#724,#600,.T.);
#931=EDGE_CURVE('',#725,#726,#170,.T.);
#932=EDGE_CURVE('',#719,#726,#601,.T.);
#933=EDGE_CURVE('',#726,#678,#171,.T.);
#934=EDGE_CURVE('',#727,#725,#172,.T.);
#935=EDGE_CURVE('',#679,#727,#173,.T.);
#936=EDGE_CURVE('',#727,#710,#549,.T.);
#937=EDGE_CURVE('',#724,#711,#174,.T.);
#938=EDGE_CURVE('',#712,#723,#175,.T.);
#939=EDGE_CURVE('',#722,#728,#176,.T.);
#940=EDGE_CURVE('',#728,#707,#46,.T.);
#941=EDGE_CURVE('',#728,#729,#177,.T.);
#942=EDGE_CURVE('',#714,#729,#47,.T.);
#943=EDGE_CURVE('',#713,#708,#178,.T.);
#944=EDGE_CURVE('',#729,#721,#179,.T.);
#945=EDGE_CURVE('',#720,#716,#180,.T.);
#946=ORIENTED_EDGE('',*,*,#730,.F.);
#947=ORIENTED_EDGE('',*,*,#731,.T.);
#948=ORIENTED_EDGE('',*,*,#732,.T.);
#949=ORIENTED_EDGE('',*,*,#733,.T.);
#950=ORIENTED_EDGE('',*,*,#734,.T.);
#951=ORIENTED_EDGE('',*,*,#735,.T.);
#952=ORIENTED_EDGE('',*,*,#730,.T.);
#953=ORIENTED_EDGE('',*,*,#736,.F.);
#954=ORIENTED_EDGE('',*,*,#737,.T.);
#955=ORIENTED_EDGE('',*,*,#738,.T.);
#956=ORIENTED_EDGE('',*,*,#739,.T.);
#957=ORIENTED_EDGE('',*,*,#740,.T.);
#958=ORIENTED_EDGE('',*,*,#741,.T.);
#959=ORIENTED_EDGE('',*,*,#736,.T.);
#960=ORIENTED_EDGE('',*,*,#742,.T.);
#961=ORIENTED_EDGE('',*,*,#743,.T.);
#962=ORIENTED_EDGE('',*,*,#744,.T.);
#963=ORIENTED_EDGE('',*,*,#745,.T.);
#964=ORIENTED_EDGE('',*,*,#746,.T.);
#965=ORIENTED_EDGE('',*,*,#747,.T.);
#966=ORIENTED_EDGE('',*,*,#748,.T.);
#967=ORIENTED_EDGE('',*,*,#749,.T.);
#968=ORIENTED_EDGE('',*,*,#750,.T.);
#969=ORIENTED_EDGE('',*,*,#751,.T.);
#970=ORIENTED_EDGE('',*,*,#752,.T.);
#971=ORIENTED_EDGE('',*,*,#753,.T.);
#972=ORIENTED_EDGE('',*,*,#754,.F.);
#973=ORIENTED_EDGE('',*,*,#755,.T.);
#974=ORIENTED_EDGE('',*,*,#756,.T.);
#975=ORIENTED_EDGE('',*,*,#757,.T.);
#976=ORIENTED_EDGE('',*,*,#758,.T.);
#977=ORIENTED_EDGE('',*,*,#759,.T.);
#978=ORIENTED_EDGE('',*,*,#754,.T.);
#979=ORIENTED_EDGE('',*,*,#760,.F.);
#980=ORIENTED_EDGE('',*,*,#761,.T.);
#981=ORIENTED_EDGE('',*,*,#762,.T.);
#982=ORIENTED_EDGE('',*,*,#763,.T.);
#983=ORIENTED_EDGE('',*,*,#764,.T.);
#984=ORIENTED_EDGE('',*,*,#765,.T.);
#985=ORIENTED_EDGE('',*,*,#760,.T.);
#986=ORIENTED_EDGE('',*,*,#734,.F.);
#987=ORIENTED_EDGE('',*,*,#766,.T.);
#988=ORIENTED_EDGE('',*,*,#765,.F.);
#989=ORIENTED_EDGE('',*,*,#767,.T.);
#990=ORIENTED_EDGE('',*,*,#759,.F.);
#991=ORIENTED_EDGE('',*,*,#768,.T.);
#992=ORIENTED_EDGE('',*,*,#764,.F.);
#993=ORIENTED_EDGE('',*,*,#763,.F.);
#994=ORIENTED_EDGE('',*,*,#769,.T.);
#995=ORIENTED_EDGE('',*,*,#752,.F.);
#996=ORIENTED_EDGE('',*,*,#770,.T.);
#997=ORIENTED_EDGE('',*,*,#758,.F.);
#998=ORIENTED_EDGE('',*,*,#757,.F.);
#999=ORIENTED_EDGE('',*,*,#771,.T.);
#1000=ORIENTED_EDGE('',*,*,#749,.F.);
#1001=ORIENTED_EDGE('',*,*,#772,.T.);
#1002=ORIENTED_EDGE('',*,*,#751,.F.);
#1003=ORIENTED_EDGE('',*,*,#773,.T.);
#1004=ORIENTED_EDGE('',*,*,#746,.F.);
#1005=ORIENTED_EDGE('',*,*,#774,.T.);
#1006=ORIENTED_EDGE('',*,*,#748,.F.);
#1007=ORIENTED_EDGE('',*,*,#775,.T.);
#1008=ORIENTED_EDGE('',*,*,#743,.F.);
#1009=ORIENTED_EDGE('',*,*,#776,.T.);
#1010=ORIENTED_EDGE('',*,*,#745,.F.);
#1011=ORIENTED_EDGE('',*,*,#777,.T.);
#1012=ORIENTED_EDGE('',*,*,#737,.F.);
#1013=ORIENTED_EDGE('',*,*,#741,.F.);
#1014=ORIENTED_EDGE('',*,*,#778,.T.);
#1015=ORIENTED_EDGE('',*,*,#742,.F.);
#1016=ORIENTED_EDGE('',*,*,#779,.T.);
#1017=ORIENTED_EDGE('',*,*,#731,.F.);
#1018=ORIENTED_EDGE('',*,*,#735,.F.);
#1019=ORIENTED_EDGE('',*,*,#780,.T.);
#1020=ORIENTED_EDGE('',*,*,#740,.F.);
#1021=ORIENTED_EDGE('',*,*,#781,.T.);
#1022=ORIENTED_EDGE('',*,*,#747,.F.);
#1023=ORIENTED_EDGE('',*,*,#782,.T.);
#1024=ORIENTED_EDGE('',*,*,#783,.T.);
#1025=ORIENTED_EDGE('',*,*,#784,.T.);
#1026=ORIENTED_EDGE('',*,*,#775,.F.);
#1027=ORIENTED_EDGE('',*,*,#785,.F.);
#1028=ORIENTED_EDGE('',*,*,#786,.F.);
#1029=ORIENTED_EDGE('',*,*,#782,.F.);
#1030=ORIENTED_EDGE('',*,*,#750,.F.);
#1031=ORIENTED_EDGE('',*,*,#787,.T.);
#1032=ORIENTED_EDGE('',*,*,#788,.T.);
#1033=ORIENTED_EDGE('',*,*,#785,.T.);
#1034=ORIENTED_EDGE('',*,*,#773,.F.);
#1035=ORIENTED_EDGE('',*,*,#789,.F.);
#1036=ORIENTED_EDGE('',*,*,#790,.F.);
#1037=ORIENTED_EDGE('',*,*,#787,.F.);
#1038=ORIENTED_EDGE('',*,*,#753,.F.);
#1039=ORIENTED_EDGE('',*,*,#791,.T.);
#1040=ORIENTED_EDGE('',*,*,#792,.T.);
#1041=ORIENTED_EDGE('',*,*,#789,.T.);
#1042=ORIENTED_EDGE('',*,*,#771,.F.);
#1043=ORIENTED_EDGE('',*,*,#793,.F.);
#1044=ORIENTED_EDGE('',*,*,#794,.F.);
#1045=ORIENTED_EDGE('',*,*,#795,.F.);
#1046=ORIENTED_EDGE('',*,*,#791,.F.);
#1047=ORIENTED_EDGE('',*,*,#756,.F.);
#1048=ORIENTED_EDGE('',*,*,#796,.T.);
#1049=ORIENTED_EDGE('',*,*,#797,.F.);
#1050=ORIENTED_EDGE('',*,*,#798,.T.);
#1051=ORIENTED_EDGE('',*,*,#793,.T.);
#1052=ORIENTED_EDGE('',*,*,#755,.F.);
#1053=ORIENTED_EDGE('',*,*,#769,.F.);
#1054=ORIENTED_EDGE('',*,*,#799,.F.);
#1055=ORIENTED_EDGE('',*,*,#800,.T.);
#1056=ORIENTED_EDGE('',*,*,#796,.F.);
#1057=ORIENTED_EDGE('',*,*,#762,.F.);
#1058=ORIENTED_EDGE('',*,*,#801,.T.);
#1059=ORIENTED_EDGE('',*,*,#802,.F.);
#1060=ORIENTED_EDGE('',*,*,#803,.F.);
#1061=ORIENTED_EDGE('',*,*,#804,.F.);
#1062=ORIENTED_EDGE('',*,*,#799,.T.);
#1063=ORIENTED_EDGE('',*,*,#767,.F.);
#1064=ORIENTED_EDGE('',*,*,#768,.F.);
#1065=ORIENTED_EDGE('',*,*,#770,.F.);
#1066=ORIENTED_EDGE('',*,*,#772,.F.);
#1067=ORIENTED_EDGE('',*,*,#774,.F.);
#1068=ORIENTED_EDGE('',*,*,#776,.F.);
#1069=ORIENTED_EDGE('',*,*,#778,.F.);
#1070=ORIENTED_EDGE('',*,*,#780,.F.);
#1071=ORIENTED_EDGE('',*,*,#803,.T.);
#1072=ORIENTED_EDGE('',*,*,#805,.F.);
#1073=ORIENTED_EDGE('',*,*,#806,.T.);
#1074=ORIENTED_EDGE('',*,*,#807,.T.);
#1075=ORIENTED_EDGE('',*,*,#808,.T.);
#1076=ORIENTED_EDGE('',*,*,#809,.F.);
#1077=ORIENTED_EDGE('',*,*,#802,.T.);
#1078=ORIENTED_EDGE('',*,*,#810,.F.);
#1079=ORIENTED_EDGE('',*,*,#811,.T.);
#1080=ORIENTED_EDGE('',*,*,#812,.T.);
#1081=ORIENTED_EDGE('',*,*,#813,.F.);
#1082=ORIENTED_EDGE('',*,*,#805,.T.);
#1083=ORIENTED_EDGE('',*,*,#733,.F.);
#1084=ORIENTED_EDGE('',*,*,#814,.F.);
#1085=ORIENTED_EDGE('',*,*,#810,.T.);
#1086=ORIENTED_EDGE('',*,*,#801,.F.);
#1087=ORIENTED_EDGE('',*,*,#761,.F.);
#1088=ORIENTED_EDGE('',*,*,#766,.F.);
#1089=ORIENTED_EDGE('',*,*,#732,.F.);
#1090=ORIENTED_EDGE('',*,*,#815,.T.);
#1091=ORIENTED_EDGE('',*,*,#816,.F.);
#1092=ORIENTED_EDGE('',*,*,#817,.F.);
#1093=ORIENTED_EDGE('',*,*,#811,.F.);
#1094=ORIENTED_EDGE('',*,*,#814,.T.);
#1095=ORIENTED_EDGE('',*,*,#817,.T.);
#1096=ORIENTED_EDGE('',*,*,#818,.F.);
#1097=ORIENTED_EDGE('',*,*,#819,.T.);
#1098=ORIENTED_EDGE('',*,*,#820,.T.);
#1099=ORIENTED_EDGE('',*,*,#821,.T.);
#1100=ORIENTED_EDGE('',*,*,#812,.F.);
#1101=ORIENTED_EDGE('',*,*,#816,.T.);
#1102=ORIENTED_EDGE('',*,*,#822,.F.);
#1103=ORIENTED_EDGE('',*,*,#823,.T.);
#1104=ORIENTED_EDGE('',*,*,#824,.T.);
#1105=ORIENTED_EDGE('',*,*,#825,.F.);
#1106=ORIENTED_EDGE('',*,*,#818,.T.);
#1107=ORIENTED_EDGE('',*,*,#739,.F.);
#1108=ORIENTED_EDGE('',*,*,#826,.F.);
#1109=ORIENTED_EDGE('',*,*,#822,.T.);
#1110=ORIENTED_EDGE('',*,*,#815,.F.);
#1111=ORIENTED_EDGE('',*,*,#781,.F.);
#1112=ORIENTED_EDGE('',*,*,#804,.T.);
#1113=ORIENTED_EDGE('',*,*,#809,.T.);
#1114=ORIENTED_EDGE('',*,*,#827,.F.);
#1115=ORIENTED_EDGE('',*,*,#828,.T.);
#1116=ORIENTED_EDGE('',*,*,#797,.T.);
#1117=ORIENTED_EDGE('',*,*,#800,.F.);
#1118=ORIENTED_EDGE('',*,*,#808,.F.);
#1119=ORIENTED_EDGE('',*,*,#829,.F.);
#1120=ORIENTED_EDGE('',*,*,#830,.F.);
#1121=ORIENTED_EDGE('',*,*,#827,.T.);
#1122=ORIENTED_EDGE('',*,*,#819,.F.);
#1123=ORIENTED_EDGE('',*,*,#825,.T.);
#1124=ORIENTED_EDGE('',*,*,#831,.F.);
#1125=ORIENTED_EDGE('',*,*,#832,.F.);
#1126=ORIENTED_EDGE('',*,*,#828,.F.);
#1127=ORIENTED_EDGE('',*,*,#830,.T.);
#1128=ORIENTED_EDGE('',*,*,#833,.T.);
#1129=ORIENTED_EDGE('',*,*,#794,.T.);
#1130=ORIENTED_EDGE('',*,*,#798,.F.);
#1131=ORIENTED_EDGE('',*,*,#738,.F.);
#1132=ORIENTED_EDGE('',*,*,#834,.T.);
#1133=ORIENTED_EDGE('',*,*,#835,.F.);
#1134=ORIENTED_EDGE('',*,*,#823,.F.);
#1135=ORIENTED_EDGE('',*,*,#826,.T.);
#1136=ORIENTED_EDGE('',*,*,#835,.T.);
#1137=ORIENTED_EDGE('',*,*,#836,.T.);
#1138=ORIENTED_EDGE('',*,*,#837,.T.);
#1139=ORIENTED_EDGE('',*,*,#831,.T.);
#1140=ORIENTED_EDGE('',*,*,#824,.F.);
#1141=ORIENTED_EDGE('',*,*,#779,.F.);
#1142=ORIENTED_EDGE('',*,*,#838,.F.);
#1143=ORIENTED_EDGE('',*,*,#839,.F.);
#1144=ORIENTED_EDGE('',*,*,#836,.F.);
#1145=ORIENTED_EDGE('',*,*,#834,.F.);
#1146=ORIENTED_EDGE('',*,*,#744,.F.);
#1147=ORIENTED_EDGE('',*,*,#840,.T.);
#1148=ORIENTED_EDGE('',*,*,#841,.T.);
#1149=ORIENTED_EDGE('',*,*,#838,.T.);
#1150=ORIENTED_EDGE('',*,*,#777,.F.);
#1151=ORIENTED_EDGE('',*,*,#784,.F.);
#1152=ORIENTED_EDGE('',*,*,#842,.F.);
#1153=ORIENTED_EDGE('',*,*,#840,.F.);
#1154=ORIENTED_EDGE('',*,*,#806,.F.);
#1155=ORIENTED_EDGE('',*,*,#813,.T.);
#1156=ORIENTED_EDGE('',*,*,#821,.F.);
#1157=ORIENTED_EDGE('',*,*,#843,.F.);
#1158=ORIENTED_EDGE('',*,*,#844,.T.);
#1159=ORIENTED_EDGE('',*,*,#845,.T.);
#1160=ORIENTED_EDGE('',*,*,#846,.T.);
#1161=ORIENTED_EDGE('',*,*,#847,.T.);
#1162=ORIENTED_EDGE('',*,*,#848,.T.);
#1163=ORIENTED_EDGE('',*,*,#849,.T.);
#1164=ORIENTED_EDGE('',*,*,#850,.T.);
#1165=ORIENTED_EDGE('',*,*,#851,.T.);
#1166=ORIENTED_EDGE('',*,*,#848,.F.);
#1167=ORIENTED_EDGE('',*,*,#852,.T.);
#1168=ORIENTED_EDGE('',*,*,#844,.F.);
#1169=ORIENTED_EDGE('',*,*,#853,.T.);
#1170=ORIENTED_EDGE('',*,*,#854,.T.);
#1171=ORIENTED_EDGE('',*,*,#855,.T.);
#1172=ORIENTED_EDGE('',*,*,#856,.T.);
#1173=ORIENTED_EDGE('',*,*,#855,.F.);
#1174=ORIENTED_EDGE('',*,*,#857,.T.);
#1175=ORIENTED_EDGE('',*,*,#850,.F.);
#1176=ORIENTED_EDGE('',*,*,#858,.T.);
#1177=ORIENTED_EDGE('',*,*,#859,.T.);
#1178=ORIENTED_EDGE('',*,*,#860,.T.);
#1179=ORIENTED_EDGE('',*,*,#861,.T.);
#1180=ORIENTED_EDGE('',*,*,#858,.F.);
#1181=ORIENTED_EDGE('',*,*,#862,.T.);
#1182=ORIENTED_EDGE('',*,*,#853,.F.);
#1183=ORIENTED_EDGE('',*,*,#863,.T.);
#1184=ORIENTED_EDGE('',*,*,#864,.T.);
#1185=ORIENTED_EDGE('',*,*,#865,.T.);
#1186=ORIENTED_EDGE('',*,*,#866,.T.);
#1187=ORIENTED_EDGE('',*,*,#865,.F.);
#1188=ORIENTED_EDGE('',*,*,#867,.T.);
#1189=ORIENTED_EDGE('',*,*,#860,.F.);
#1190=ORIENTED_EDGE('',*,*,#868,.T.);
#1191=ORIENTED_EDGE('',*,*,#869,.T.);
#1192=ORIENTED_EDGE('',*,*,#870,.T.);
#1193=ORIENTED_EDGE('',*,*,#871,.T.);
#1194=ORIENTED_EDGE('',*,*,#868,.F.);
#1195=ORIENTED_EDGE('',*,*,#872,.T.);
#1196=ORIENTED_EDGE('',*,*,#863,.F.);
#1197=ORIENTED_EDGE('',*,*,#873,.T.);
#1198=ORIENTED_EDGE('',*,*,#874,.T.);
#1199=ORIENTED_EDGE('',*,*,#875,.T.);
#1200=ORIENTED_EDGE('',*,*,#876,.T.);
#1201=ORIENTED_EDGE('',*,*,#875,.F.);
#1202=ORIENTED_EDGE('',*,*,#877,.T.);
#1203=ORIENTED_EDGE('',*,*,#870,.F.);
#1204=ORIENTED_EDGE('',*,*,#878,.T.);
#1205=ORIENTED_EDGE('',*,*,#879,.T.);
#1206=ORIENTED_EDGE('',*,*,#880,.T.);
#1207=ORIENTED_EDGE('',*,*,#881,.T.);
#1208=ORIENTED_EDGE('',*,*,#878,.F.);
#1209=ORIENTED_EDGE('',*,*,#882,.T.);
#1210=ORIENTED_EDGE('',*,*,#873,.F.);
#1211=ORIENTED_EDGE('',*,*,#846,.F.);
#1212=ORIENTED_EDGE('',*,*,#883,.T.);
#1213=ORIENTED_EDGE('',*,*,#880,.F.);
#1214=ORIENTED_EDGE('',*,*,#867,.F.);
#1215=ORIENTED_EDGE('',*,*,#884,.T.);
#1216=ORIENTED_EDGE('',*,*,#885,.T.);
#1217=ORIENTED_EDGE('',*,*,#886,.T.);
#1218=ORIENTED_EDGE('',*,*,#864,.F.);
#1219=ORIENTED_EDGE('',*,*,#887,.F.);
#1220=ORIENTED_EDGE('',*,*,#888,.F.);
#1221=ORIENTED_EDGE('',*,*,#884,.F.);
#1222=ORIENTED_EDGE('',*,*,#872,.F.);
#1223=ORIENTED_EDGE('',*,*,#889,.T.);
#1224=ORIENTED_EDGE('',*,*,#890,.T.);
#1225=ORIENTED_EDGE('',*,*,#887,.T.);
#1226=ORIENTED_EDGE('',*,*,#871,.F.);
#1227=ORIENTED_EDGE('',*,*,#891,.F.);
#1228=ORIENTED_EDGE('',*,*,#892,.T.);
#1229=ORIENTED_EDGE('',*,*,#889,.F.);
#1230=ORIENTED_EDGE('',*,*,#877,.F.);
#1231=ORIENTED_EDGE('',*,*,#893,.T.);
#1232=ORIENTED_EDGE('',*,*,#894,.T.);
#1233=ORIENTED_EDGE('',*,*,#891,.T.);
#1234=ORIENTED_EDGE('',*,*,#874,.F.);
#1235=ORIENTED_EDGE('',*,*,#895,.F.);
#1236=ORIENTED_EDGE('',*,*,#896,.F.);
#1237=ORIENTED_EDGE('',*,*,#897,.F.);
#1238=ORIENTED_EDGE('',*,*,#893,.F.);
#1239=ORIENTED_EDGE('',*,*,#882,.F.);
#1240=ORIENTED_EDGE('',*,*,#898,.T.);
#1241=ORIENTED_EDGE('',*,*,#899,.T.);
#1242=ORIENTED_EDGE('',*,*,#900,.T.);
#1243=ORIENTED_EDGE('',*,*,#895,.T.);
#1244=ORIENTED_EDGE('',*,*,#881,.F.);
#1245=ORIENTED_EDGE('',*,*,#901,.F.);
#1246=ORIENTED_EDGE('',*,*,#902,.F.);
#1247=ORIENTED_EDGE('',*,*,#898,.F.);
#1248=ORIENTED_EDGE('',*,*,#847,.F.);
#1249=ORIENTED_EDGE('',*,*,#879,.F.);
#1250=ORIENTED_EDGE('',*,*,#876,.F.);
#1251=ORIENTED_EDGE('',*,*,#869,.F.);
#1252=ORIENTED_EDGE('',*,*,#866,.F.);
#1253=ORIENTED_EDGE('',*,*,#859,.F.);
#1254=ORIENTED_EDGE('',*,*,#856,.F.);
#1255=ORIENTED_EDGE('',*,*,#849,.F.);
#1256=ORIENTED_EDGE('',*,*,#852,.F.);
#1257=ORIENTED_EDGE('',*,*,#903,.T.);
#1258=ORIENTED_EDGE('',*,*,#904,.T.);
#1259=ORIENTED_EDGE('',*,*,#905,.T.);
#1260=ORIENTED_EDGE('',*,*,#906,.T.);
#1261=ORIENTED_EDGE('',*,*,#907,.T.);
#1262=ORIENTED_EDGE('',*,*,#904,.F.);
#1263=ORIENTED_EDGE('',*,*,#908,.T.);
#1264=ORIENTED_EDGE('',*,*,#909,.F.);
#1265=ORIENTED_EDGE('',*,*,#910,.F.);
#1266=ORIENTED_EDGE('',*,*,#911,.T.);
#1267=ORIENTED_EDGE('',*,*,#912,.F.);
#1268=ORIENTED_EDGE('',*,*,#851,.F.);
#1269=ORIENTED_EDGE('',*,*,#913,.F.);
#1270=ORIENTED_EDGE('',*,*,#908,.F.);
#1271=ORIENTED_EDGE('',*,*,#903,.F.);
#1272=ORIENTED_EDGE('',*,*,#883,.F.);
#1273=ORIENTED_EDGE('',*,*,#914,.T.);
#1274=ORIENTED_EDGE('',*,*,#915,.T.);
#1275=ORIENTED_EDGE('',*,*,#916,.T.);
#1276=ORIENTED_EDGE('',*,*,#917,.T.);
#1277=ORIENTED_EDGE('',*,*,#901,.T.);
#1278=ORIENTED_EDGE('',*,*,#917,.F.);
#1279=ORIENTED_EDGE('',*,*,#918,.F.);
#1280=ORIENTED_EDGE('',*,*,#919,.T.);
#1281=ORIENTED_EDGE('',*,*,#920,.F.);
#1282=ORIENTED_EDGE('',*,*,#899,.F.);
#1283=ORIENTED_EDGE('',*,*,#902,.T.);
#1284=ORIENTED_EDGE('',*,*,#900,.F.);
#1285=ORIENTED_EDGE('',*,*,#920,.T.);
#1286=ORIENTED_EDGE('',*,*,#921,.T.);
#1287=ORIENTED_EDGE('',*,*,#922,.T.);
#1288=ORIENTED_EDGE('',*,*,#896,.T.);
#1289=ORIENTED_EDGE('',*,*,#861,.F.);
#1290=ORIENTED_EDGE('',*,*,#886,.F.);
#1291=ORIENTED_EDGE('',*,*,#923,.T.);
#1292=ORIENTED_EDGE('',*,*,#924,.F.);
#1293=ORIENTED_EDGE('',*,*,#894,.F.);
#1294=ORIENTED_EDGE('',*,*,#897,.T.);
#1295=ORIENTED_EDGE('',*,*,#922,.F.);
#1296=ORIENTED_EDGE('',*,*,#925,.F.);
#1297=ORIENTED_EDGE('',*,*,#926,.F.);
#1298=ORIENTED_EDGE('',*,*,#927,.T.);
#1299=ORIENTED_EDGE('',*,*,#928,.F.);
#1300=ORIENTED_EDGE('',*,*,#929,.F.);
#1301=ORIENTED_EDGE('',*,*,#930,.F.);
#1302=ORIENTED_EDGE('',*,*,#931,.T.);
#1303=ORIENTED_EDGE('',*,*,#932,.F.);
#1304=ORIENTED_EDGE('',*,*,#923,.F.);
#1305=ORIENTED_EDGE('',*,*,#885,.F.);
#1306=ORIENTED_EDGE('',*,*,#888,.T.);
#1307=ORIENTED_EDGE('',*,*,#890,.F.);
#1308=ORIENTED_EDGE('',*,*,#892,.F.);
#1309=ORIENTED_EDGE('',*,*,#795,.T.);
#1310=ORIENTED_EDGE('',*,*,#833,.F.);
#1311=ORIENTED_EDGE('',*,*,#829,.T.);
#1312=ORIENTED_EDGE('',*,*,#807,.F.);
#1313=ORIENTED_EDGE('',*,*,#843,.T.);
#1314=ORIENTED_EDGE('',*,*,#820,.F.);
#1315=ORIENTED_EDGE('',*,*,#832,.T.);
#1316=ORIENTED_EDGE('',*,*,#837,.F.);
#1317=ORIENTED_EDGE('',*,*,#839,.T.);
#1318=ORIENTED_EDGE('',*,*,#841,.F.);
#1319=ORIENTED_EDGE('',*,*,#842,.T.);
#1320=ORIENTED_EDGE('',*,*,#783,.F.);
#1321=ORIENTED_EDGE('',*,*,#786,.T.);
#1322=ORIENTED_EDGE('',*,*,#788,.F.);
#1323=ORIENTED_EDGE('',*,*,#790,.T.);
#1324=ORIENTED_EDGE('',*,*,#792,.F.);
#1325=ORIENTED_EDGE('',*,*,#862,.F.);
#1326=ORIENTED_EDGE('',*,*,#924,.T.);
#1327=ORIENTED_EDGE('',*,*,#932,.T.);
#1328=ORIENTED_EDGE('',*,*,#933,.T.);
#1329=ORIENTED_EDGE('',*,*,#854,.F.);
#1330=ORIENTED_EDGE('',*,*,#933,.F.);
#1331=ORIENTED_EDGE('',*,*,#931,.F.);
#1332=ORIENTED_EDGE('',*,*,#934,.F.);
#1333=ORIENTED_EDGE('',*,*,#935,.F.);
#1334=ORIENTED_EDGE('',*,*,#857,.F.);
#1335=ORIENTED_EDGE('',*,*,#935,.T.);
#1336=ORIENTED_EDGE('',*,*,#936,.T.);
#1337=ORIENTED_EDGE('',*,*,#909,.T.);
#1338=ORIENTED_EDGE('',*,*,#913,.T.);
#1339=ORIENTED_EDGE('',*,*,#936,.F.);
#1340=ORIENTED_EDGE('',*,*,#934,.T.);
#1341=ORIENTED_EDGE('',*,*,#930,.T.);
#1342=ORIENTED_EDGE('',*,*,#937,.T.);
#1343=ORIENTED_EDGE('',*,*,#910,.T.);
#1344=ORIENTED_EDGE('',*,*,#905,.F.);
#1345=ORIENTED_EDGE('',*,*,#912,.T.);
#1346=ORIENTED_EDGE('',*,*,#938,.T.);
#1347=ORIENTED_EDGE('',*,*,#928,.T.);
#1348=ORIENTED_EDGE('',*,*,#939,.T.);
#1349=ORIENTED_EDGE('',*,*,#940,.T.);
#1350=ORIENTED_EDGE('',*,*,#906,.F.);
#1351=ORIENTED_EDGE('',*,*,#940,.F.);
#1352=ORIENTED_EDGE('',*,*,#941,.T.);
#1353=ORIENTED_EDGE('',*,*,#942,.F.);
#1354=ORIENTED_EDGE('',*,*,#915,.F.);
#1355=ORIENTED_EDGE('',*,*,#943,.T.);
#1356=ORIENTED_EDGE('',*,*,#939,.F.);
#1357=ORIENTED_EDGE('',*,*,#927,.F.);
#1358=ORIENTED_EDGE('',*,*,#944,.F.);
#1359=ORIENTED_EDGE('',*,*,#941,.F.);
#1360=ORIENTED_EDGE('',*,*,#921,.F.);
#1361=ORIENTED_EDGE('',*,*,#919,.F.);
#1362=ORIENTED_EDGE('',*,*,#945,.F.);
#1363=ORIENTED_EDGE('',*,*,#925,.T.);
#1364=ORIENTED_EDGE('',*,*,#916,.F.);
#1365=ORIENTED_EDGE('',*,*,#942,.T.);
#1366=ORIENTED_EDGE('',*,*,#944,.T.);
#1367=ORIENTED_EDGE('',*,*,#926,.T.);
#1368=ORIENTED_EDGE('',*,*,#945,.T.);
#1369=ORIENTED_EDGE('',*,*,#918,.T.);
#1370=ORIENTED_EDGE('',*,*,#937,.F.);
#1371=ORIENTED_EDGE('',*,*,#929,.T.);
#1372=ORIENTED_EDGE('',*,*,#938,.F.);
#1373=ORIENTED_EDGE('',*,*,#911,.F.);
#1374=ORIENTED_EDGE('',*,*,#845,.F.);
#1375=ORIENTED_EDGE('',*,*,#907,.F.);
#1376=ORIENTED_EDGE('',*,*,#943,.F.);
#1377=ORIENTED_EDGE('',*,*,#914,.F.);
#1378=B_SPLINE_SURFACE_WITH_KNOTS('',3,3,((#2095,#2096,#2097,#2098),(#2099,
#2100,#2101,#2102),(#2103,#2104,#2105,#2106),(#2107,#2108,#2109,#2110)),
 .UNSPECIFIED.,.F.,.F.,.F.,(4,4),(4,4),(0.,1.),(-0.372347892433909,-0.204276284597234),
 .UNSPECIFIED.);
#1379=B_SPLINE_SURFACE_WITH_KNOTS('',3,3,((#2119,#2120,#2121,#2122),(#2123,
#2124,#2125,#2126),(#2127,#2128,#2129,#2130),(#2131,#2132,#2133,#2134)),
 .UNSPECIFIED.,.F.,.F.,.F.,(4,4),(4,4),(0.,1.),(0.540419500270587,1.5707963267949),
 .UNSPECIFIED.);
#1380=B_SPLINE_SURFACE_WITH_KNOTS('',3,3,((#2138,#2139,#2140,#2141),(#2142,
#2143,#2144,#2145),(#2146,#2147,#2148,#2149),(#2150,#2151,#2152,#2153)),
 .UNSPECIFIED.,.F.,.F.,.F.,(4,4),(4,4),(0.,1.),(-0.475176849498091,-0.102828957064168),
 .UNSPECIFIED.);
#1381=B_SPLINE_SURFACE_WITH_KNOTS('',3,3,((#2162,#2163,#2164,#2165),(#2166,
#2167,#2168,#2169),(#2170,#2171,#2172,#2173),(#2174,#2175,#2176,#2177)),
 .UNSPECIFIED.,.F.,.F.,.F.,(4,4),(4,4),(0.,1.),(0.372347892433927,1.5707963267949),
 .UNSPECIFIED.);
#1382=B_SPLINE_SURFACE_WITH_KNOTS('',3,3,((#2181,#2182,#2183,#2184,#2185),
(#2186,#2187,#2188,#2189,#2190),(#2191,#2192,#2193,#2194,#2195),(#2196,
#2197,#2198,#2199,#2200)),.UNSPECIFIED.,.F.,.F.,.F.,(4,4),(4,1,4),(0.,1.),
(0.,0.673198425769241,1.5707963267949),.UNSPECIFIED.);
#1383=B_SPLINE_SURFACE_WITH_KNOTS('',3,3,((#2207,#2208,#2209,#2210,#2211),
(#2212,#2213,#2214,#2215,#2216),(#2217,#2218,#2219,#2220,#2221),(#2222,
#2223,#2224,#2225,#2226)),.UNSPECIFIED.,.F.,.F.,.F.,(4,4),(4,1,4),(0.,1.),
(-3.14237664644396E-16,0.897597901025653,1.57079632679489),
 .UNSPECIFIED.);
#1384=B_SPLINE_SURFACE_WITH_KNOTS('',3,3,((#2233,#2234,#2235,#2236,#2237),
(#2238,#2239,#2240,#2241,#2242),(#2243,#2244,#2245,#2246,#2247),(#2248,
#2249,#2250,#2251,#2252)),.UNSPECIFIED.,.F.,.F.,.F.,(4,4),(4,1,4),(0.,1.),
(2.73184799366426E-16,0.673198425769242,1.5707963267949),.UNSPECIFIED.);
#1385=B_SPLINE_SURFACE_WITH_KNOTS('',3,3,((#2259,#2260,#2261,#2262,#2263),
(#2264,#2265,#2266,#2267,#2268),(#2269,#2270,#2271,#2272,#2273),(#2274,
#2275,#2276,#2277,#2278)),.UNSPECIFIED.,.F.,.F.,.F.,(4,4),(4,1,4),(0.,1.),
(1.82123199577617E-16,0.673198425769241,1.57079632679489),.UNSPECIFIED.);
#1386=B_SPLINE_SURFACE_WITH_KNOTS('',3,3,((#2285,#2286,#2287,#2288),(#2289,
#2290,#2291,#2292),(#2293,#2294,#2295,#2296),(#2297,#2298,#2299,#2300)),
 .UNSPECIFIED.,.F.,.F.,.F.,(4,4),(4,4),(0.,1.),(-0.475176849498098,-0.102828957064163),
 .UNSPECIFIED.);
#1387=B_SPLINE_SURFACE_WITH_KNOTS('',3,3,((#2309,#2310,#2311,#2312),(#2313,
#2314,#2315,#2316),(#2317,#2318,#2319,#2320),(#2321,#2322,#2323,#2324)),
 .UNSPECIFIED.,.F.,.F.,.F.,(4,4),(4,4),(0.,1.),(0.372347892433931,1.5707963267949),
 .UNSPECIFIED.);
#1388=B_SPLINE_SURFACE_WITH_KNOTS('',3,3,((#2328,#2329,#2330,#2331),(#2332,
#2333,#2334,#2335),(#2336,#2337,#2338,#2339),(#2340,#2341,#2342,#2343)),
 .UNSPECIFIED.,.F.,.F.,.F.,(4,4),(4,4),(0.,1.),(-0.372347892433907,-0.204276284597236),
 .UNSPECIFIED.);
#1389=B_SPLINE_SURFACE_WITH_KNOTS('',3,3,((#2352,#2353,#2354,#2355),(#2356,
#2357,#2358,#2359),(#2360,#2361,#2362,#2363),(#2364,#2365,#2366,#2367)),
 .UNSPECIFIED.,.F.,.F.,.F.,(4,4),(4,4),(0.,1.),(0.540419500270587,1.5707963267949),
 .UNSPECIFIED.);
#1390=ADVANCED_FACE('',(#335),#1378,.T.);
#1391=ADVANCED_FACE('',(#336),#1379,.T.);
#1392=ADVANCED_FACE('',(#337),#1380,.T.);
#1393=ADVANCED_FACE('',(#338),#1381,.T.);
#1394=ADVANCED_FACE('',(#339),#1382,.T.);
#1395=ADVANCED_FACE('',(#340),#1383,.T.);
#1396=ADVANCED_FACE('',(#341),#1384,.T.);
#1397=ADVANCED_FACE('',(#342),#1385,.T.);
#1398=ADVANCED_FACE('',(#343),#1386,.T.);
#1399=ADVANCED_FACE('',(#344),#1387,.T.);
#1400=ADVANCED_FACE('',(#345),#1388,.T.);
#1401=ADVANCED_FACE('',(#346),#1389,.T.);
#1402=ADVANCED_FACE('',(#347),#289,.F.);
#1403=ADVANCED_FACE('',(#348),#290,.F.);
#1404=ADVANCED_FACE('',(#349),#291,.F.);
#1405=ADVANCED_FACE('',(#350),#292,.F.);
#1406=ADVANCED_FACE('',(#351),#293,.F.);
#1407=ADVANCED_FACE('',(#352),#294,.F.);
#1408=ADVANCED_FACE('',(#353),#295,.F.);
#1409=ADVANCED_FACE('',(#354),#296,.F.);
#1410=ADVANCED_FACE('',(#355),#297,.F.);
#1411=ADVANCED_FACE('',(#356),#48,.F.);
#1412=ADVANCED_FACE('',(#357),#298,.F.);
#1413=ADVANCED_FACE('',(#358),#49,.F.);
#1414=ADVANCED_FACE('',(#359),#299,.F.);
#1415=ADVANCED_FACE('',(#360),#50,.F.);
#1416=ADVANCED_FACE('',(#361),#300,.F.);
#1417=ADVANCED_FACE('',(#362),#51,.F.);
#1418=ADVANCED_FACE('',(#363),#301,.F.);
#1419=ADVANCED_FACE('',(#364),#52,.T.);
#1420=ADVANCED_FACE('',(#365),#302,.F.);
#1421=ADVANCED_FACE('',(#366),#303,.F.);
#1422=ADVANCED_FACE('',(#367),#53,.T.);
#1423=ADVANCED_FACE('',(#368),#304,.F.);
#1424=ADVANCED_FACE('',(#369),#305,.F.);
#1425=ADVANCED_FACE('',(#370),#306,.F.);
#1426=ADVANCED_FACE('',(#371),#54,.F.);
#1427=ADVANCED_FACE('',(#372),#307,.F.);
#1428=ADVANCED_FACE('',(#373),#55,.F.);
#1429=ADVANCED_FACE('',(#374),#56,.F.);
#1430=ADVANCED_FACE('',(#375),#308,.F.);
#1431=ADVANCED_FACE('',(#376),#309,.F.);
#1432=ADVANCED_FACE('',(#377),#310,.F.);
#1433=ADVANCED_FACE('',(#378),#57,.F.);
#1434=ADVANCED_FACE('',(#379),#311,.F.);
#1435=ADVANCED_FACE('',(#380),#58,.F.);
#1436=ADVANCED_FACE('',(#381),#59,.F.);
#1437=ADVANCED_FACE('',(#382),#312,.T.);
#1438=ADVANCED_FACE('',(#383),#313,.T.);
#1439=ADVANCED_FACE('',(#384),#16,.T.);
#1440=ADVANCED_FACE('',(#385),#314,.T.);
#1441=ADVANCED_FACE('',(#386),#17,.T.);
#1442=ADVANCED_FACE('',(#387),#315,.T.);
#1443=ADVANCED_FACE('',(#388),#18,.T.);
#1444=ADVANCED_FACE('',(#389),#316,.T.);
#1445=ADVANCED_FACE('',(#390),#19,.T.);
#1446=ADVANCED_FACE('',(#391),#317,.T.);
#1447=ADVANCED_FACE('',(#392),#20,.T.);
#1448=ADVANCED_FACE('',(#393),#318,.T.);
#1449=ADVANCED_FACE('',(#394),#21,.T.);
#1450=ADVANCED_FACE('',(#395),#319,.T.);
#1451=ADVANCED_FACE('',(#396),#22,.T.);
#1452=ADVANCED_FACE('',(#397),#23,.T.);
#1453=ADVANCED_FACE('',(#398),#320,.T.);
#1454=ADVANCED_FACE('',(#399),#60,.T.);
#1455=ADVANCED_FACE('',(#400),#321,.T.);
#1456=ADVANCED_FACE('',(#401),#61,.T.);
#1457=ADVANCED_FACE('',(#402),#322,.T.);
#1458=ADVANCED_FACE('',(#403),#62,.T.);
#1459=ADVANCED_FACE('',(#404),#323,.T.);
#1460=ADVANCED_FACE('',(#405),#63,.T.);
#1461=ADVANCED_FACE('',(#406),#64,.F.);
#1462=ADVANCED_FACE('',(#407),#324,.T.);
#1463=ADVANCED_FACE('',(#408),#325,.T.);
#1464=ADVANCED_FACE('',(#409),#65,.T.);
#1465=ADVANCED_FACE('',(#410),#326,.T.);
#1466=ADVANCED_FACE('',(#411),#327,.T.);
#1467=ADVANCED_FACE('',(#412),#328,.T.);
#1468=ADVANCED_FACE('',(#413),#66,.T.);
#1469=ADVANCED_FACE('',(#414,#15),#67,.T.);
#1470=ADVANCED_FACE('',(#415),#329,.T.);
#1471=ADVANCED_FACE('',(#416),#68,.T.);
#1472=ADVANCED_FACE('',(#417),#330,.T.);
#1473=ADVANCED_FACE('',(#418),#331,.T.);
#1474=ADVANCED_FACE('',(#419),#332,.T.);
#1475=ADVANCED_FACE('',(#420),#333,.T.);
#1476=ADVANCED_FACE('',(#421),#69,.T.);
#1477=ADVANCED_FACE('',(#422),#70,.T.);
#1478=ADVANCED_FACE('',(#423),#334,.T.);
#1479=ADVANCED_FACE('',(#424),#71,.T.);
#1480=ADVANCED_FACE('',(#425),#72,.F.);
#1481=CLOSED_SHELL('',(#1390,#1391,#1392,#1393,#1394,#1395,#1396,#1397,
#1398,#1399,#1400,#1401,#1402,#1403,#1404,#1405,#1406,#1407,#1408,#1409,
#1410,#1411,#1412,#1413,#1414,#1415,#1416,#1417,#1418,#1419,#1420,#1421,
#1422,#1423,#1424,#1425,#1426,#1427,#1428,#1429,#1430,#1431,#1432,#1433,
#1434,#1435,#1436,#1437,#1438,#1439,#1440,#1441,#1442,#1443,#1444,#1445,
#1446,#1447,#1448,#1449,#1450,#1451,#1452,#1453,#1454,#1455,#1456,#1457,
#1458,#1459,#1460,#1461,#1462,#1463,#1464,#1465,#1466,#1467,#1468,#1469,
#1470,#1471,#1472,#1473,#1474,#1475,#1476,#1477,#1478,#1479,#1480));
#1482=DERIVED_UNIT_ELEMENT(#1484,1.);
#1483=DERIVED_UNIT_ELEMENT(#2805,-3.);
#1484=(
MASS_UNIT()
NAMED_UNIT(*)
SI_UNIT(.KILO.,.GRAM.)
);
#1485=DERIVED_UNIT((#1482,#1483));
#1486=MEASURE_REPRESENTATION_ITEM('density measure',
POSITIVE_RATIO_MEASURE(7850.),#1485);
#1487=PROPERTY_DEFINITION_REPRESENTATION(#1492,#1489);
#1488=PROPERTY_DEFINITION_REPRESENTATION(#1493,#1490);
#1489=REPRESENTATION('material name',(#1491),#2802);
#1490=REPRESENTATION('density',(#1486),#2802);
#1491=DESCRIPTIVE_REPRESENTATION_ITEM('Steel','Steel');
#1492=PROPERTY_DEFINITION('material property','material name',#2812);
#1493=PROPERTY_DEFINITION('material property','density of part',#2812);
#1494=AXIS2_PLACEMENT_3D('',#2094,#1658,#1659);
#1495=AXIS2_PLACEMENT_3D('',#2113,#1660,#1661);
#1496=AXIS2_PLACEMENT_3D('',#2115,#1662,#1663);
#1497=AXIS2_PLACEMENT_3D('',#2117,#1664,#1665);
#1498=AXIS2_PLACEMENT_3D('',#2118,#1666,#1667);
#1499=AXIS2_PLACEMENT_3D('',#2136,#1668,#1669);
#1500=AXIS2_PLACEMENT_3D('',#2137,#1670,#1671);
#1501=AXIS2_PLACEMENT_3D('',#2156,#1672,#1673);
#1502=AXIS2_PLACEMENT_3D('',#2158,#1674,#1675);
#1503=AXIS2_PLACEMENT_3D('',#2160,#1676,#1677);
#1504=AXIS2_PLACEMENT_3D('',#2161,#1678,#1679);
#1505=AXIS2_PLACEMENT_3D('',#2179,#1680,#1681);
#1506=AXIS2_PLACEMENT_3D('',#2180,#1682,#1683);
#1507=AXIS2_PLACEMENT_3D('',#2203,#1684,#1685);
#1508=AXIS2_PLACEMENT_3D('',#2205,#1686,#1687);
#1509=AXIS2_PLACEMENT_3D('',#2206,#1688,#1689);
#1510=AXIS2_PLACEMENT_3D('',#2229,#1690,#1691);
#1511=AXIS2_PLACEMENT_3D('',#2231,#1692,#1693);
#1512=AXIS2_PLACEMENT_3D('',#2232,#1694,#1695);
#1513=AXIS2_PLACEMENT_3D('',#2255,#1696,#1697);
#1514=AXIS2_PLACEMENT_3D('',#2257,#1698,#1699);
#1515=AXIS2_PLACEMENT_3D('',#2258,#1700,#1701);
#1516=AXIS2_PLACEMENT_3D('',#2281,#1702,#1703);
#1517=AXIS2_PLACEMENT_3D('',#2283,#1704,#1705);
#1518=AXIS2_PLACEMENT_3D('',#2284,#1706,#1707);
#1519=AXIS2_PLACEMENT_3D('',#2303,#1708,#1709);
#1520=AXIS2_PLACEMENT_3D('',#2305,#1710,#1711);
#1521=AXIS2_PLACEMENT_3D('',#2307,#1712,#1713);
#1522=AXIS2_PLACEMENT_3D('',#2308,#1714,#1715);
#1523=AXIS2_PLACEMENT_3D('',#2326,#1716,#1717);
#1524=AXIS2_PLACEMENT_3D('',#2327,#1718,#1719);
#1525=AXIS2_PLACEMENT_3D('',#2346,#1720,#1721);
#1526=AXIS2_PLACEMENT_3D('',#2348,#1722,#1723);
#1527=AXIS2_PLACEMENT_3D('',#2350,#1724,#1725);
#1528=AXIS2_PLACEMENT_3D('',#2351,#1726,#1727);
#1529=AXIS2_PLACEMENT_3D('',#2369,#1728,#1729);
#1530=AXIS2_PLACEMENT_3D('',#2370,#1730,#1731);
#1531=AXIS2_PLACEMENT_3D('',#2371,#1732,#1733);
#1532=AXIS2_PLACEMENT_3D('',#2374,#1736,#1737);
#1533=AXIS2_PLACEMENT_3D('',#2377,#1740,#1741);
#1534=AXIS2_PLACEMENT_3D('',#2380,#1744,#1745);
#1535=AXIS2_PLACEMENT_3D('',#2383,#1748,#1749);
#1536=AXIS2_PLACEMENT_3D('',#2386,#1752,#1753);
#1537=AXIS2_PLACEMENT_3D('',#2389,#1756,#1757);
#1538=AXIS2_PLACEMENT_3D('',#2392,#1760,#1761);
#1539=AXIS2_PLACEMENT_3D('',#2395,#1764,#1765);
#1540=AXIS2_PLACEMENT_3D('',#2399,#1767,#1768);
#1541=AXIS2_PLACEMENT_3D('',#2401,#1770,#1771);
#1542=AXIS2_PLACEMENT_3D('',#2405,#1774,#1775);
#1543=AXIS2_PLACEMENT_3D('',#2408,#1777,#1778);
#1544=AXIS2_PLACEMENT_3D('',#2409,#1779,#1780);
#1545=AXIS2_PLACEMENT_3D('',#2413,#1783,#1784);
#1546=AXIS2_PLACEMENT_3D('',#2416,#1786,#1787);
#1547=AXIS2_PLACEMENT_3D('',#2417,#1788,#1789);
#1548=AXIS2_PLACEMENT_3D('',#2423,#1793,#1794);
#1549=AXIS2_PLACEMENT_3D('',#2431,#1796,#1797);
#1550=AXIS2_PLACEMENT_3D('',#2432,#1798,#1799);
#1551=AXIS2_PLACEMENT_3D('',#2436,#1802,#1803);
#1552=AXIS2_PLACEMENT_3D('',#2445,#1805,#1806);
#1553=AXIS2_PLACEMENT_3D('',#2450,#1807,#1808);
#1554=AXIS2_PLACEMENT_3D('',#2451,#1809,#1810);
#1555=AXIS2_PLACEMENT_3D('',#2460,#1812,#1813);
#1556=AXIS2_PLACEMENT_3D('',#2467,#1815,#1816);
#1557=AXIS2_PLACEMENT_3D('',#2481,#1819,#1820);
#1558=AXIS2_PLACEMENT_3D('',#2483,#1822,#1823);
#1559=AXIS2_PLACEMENT_3D('',#2491,#1825,#1826);
#1560=AXIS2_PLACEMENT_3D('',#2492,#1827,#1828);
#1561=AXIS2_PLACEMENT_3D('',#2501,#1830,#1831);
#1562=AXIS2_PLACEMENT_3D('',#2503,#1833,#1834);
#1563=AXIS2_PLACEMENT_3D('',#2517,#1837,#1838);
#1564=AXIS2_PLACEMENT_3D('',#2519,#1840,#1841);
#1565=AXIS2_PLACEMENT_3D('',#2526,#1843,#1844);
#1566=AXIS2_PLACEMENT_3D('',#2530,#1847,#1848);
#1567=AXIS2_PLACEMENT_3D('',#2534,#1851,#1852);
#1568=AXIS2_PLACEMENT_3D('',#2535,#1853,#1854);
#1569=AXIS2_PLACEMENT_3D('',#2536,#1855,#1856);
#1570=AXIS2_PLACEMENT_3D('',#2539,#1858,#1859);
#1571=AXIS2_PLACEMENT_3D('',#2540,#1860,#1861);
#1572=AXIS2_PLACEMENT_3D('',#2543,#1863,#1864);
#1573=AXIS2_PLACEMENT_3D('',#2544,#1865,#1866);
#1574=AXIS2_PLACEMENT_3D('',#2548,#1869,#1870);
#1575=AXIS2_PLACEMENT_3D('',#2551,#1872,#1873);
#1576=AXIS2_PLACEMENT_3D('',#2552,#1874,#1875);
#1577=AXIS2_PLACEMENT_3D('',#2554,#1877,#1878);
#1578=AXIS2_PLACEMENT_3D('',#2556,#1880,#1881);
#1579=AXIS2_PLACEMENT_3D('',#2559,#1882,#1883);
#1580=AXIS2_PLACEMENT_3D('',#2563,#1885,#1886);
#1581=AXIS2_PLACEMENT_3D('',#2565,#1888,#1889);
#1582=AXIS2_PLACEMENT_3D('',#2567,#1890,#1891);
#1583=AXIS2_PLACEMENT_3D('',#2571,#1893,#1894);
#1584=AXIS2_PLACEMENT_3D('',#2573,#1896,#1897);
#1585=AXIS2_PLACEMENT_3D('',#2574,#1898,#1899);
#1586=AXIS2_PLACEMENT_3D('',#2575,#1900,#1901);
#1587=AXIS2_PLACEMENT_3D('',#2578,#1902,#1903);
#1588=AXIS2_PLACEMENT_3D('',#2581,#1905,#1906);
#1589=AXIS2_PLACEMENT_3D('',#2583,#1908,#1909);
#1590=AXIS2_PLACEMENT_3D('',#2584,#1910,#1911);
#1591=AXIS2_PLACEMENT_3D('',#2585,#1912,#1913);
#1592=AXIS2_PLACEMENT_3D('',#2587,#1914,#1915);
#1593=AXIS2_PLACEMENT_3D('',#2591,#1917,#1918);
#1594=AXIS2_PLACEMENT_3D('',#2593,#1920,#1921);
#1595=AXIS2_PLACEMENT_3D('',#2594,#1922,#1923);
#1596=AXIS2_PLACEMENT_3D('',#2595,#1924,#1925);
#1597=AXIS2_PLACEMENT_3D('',#2598,#1926,#1927);
#1598=AXIS2_PLACEMENT_3D('',#2601,#1929,#1930);
#1599=AXIS2_PLACEMENT_3D('',#2603,#1932,#1933);
#1600=AXIS2_PLACEMENT_3D('',#2604,#1934,#1935);
#1601=AXIS2_PLACEMENT_3D('',#2605,#1936,#1937);
#1602=AXIS2_PLACEMENT_3D('',#2607,#1938,#1939);
#1603=AXIS2_PLACEMENT_3D('',#2611,#1941,#1942);
#1604=AXIS2_PLACEMENT_3D('',#2613,#1944,#1945);
#1605=AXIS2_PLACEMENT_3D('',#2614,#1946,#1947);
#1606=AXIS2_PLACEMENT_3D('',#2615,#1948,#1949);
#1607=AXIS2_PLACEMENT_3D('',#2618,#1950,#1951);
#1608=AXIS2_PLACEMENT_3D('',#2621,#1953,#1954);
#1609=AXIS2_PLACEMENT_3D('',#2623,#1956,#1957);
#1610=AXIS2_PLACEMENT_3D('',#2624,#1958,#1959);
#1611=AXIS2_PLACEMENT_3D('',#2625,#1960,#1961);
#1612=AXIS2_PLACEMENT_3D('',#2627,#1962,#1963);
#1613=AXIS2_PLACEMENT_3D('',#2630,#1965,#1966);
#1614=AXIS2_PLACEMENT_3D('',#2632,#1968,#1969);
#1615=AXIS2_PLACEMENT_3D('',#2633,#1970,#1971);
#1616=AXIS2_PLACEMENT_3D('',#2634,#1972,#1973);
#1617=AXIS2_PLACEMENT_3D('',#2635,#1974,#1975);
#1618=AXIS2_PLACEMENT_3D('',#2636,#1976,#1977);
#1619=AXIS2_PLACEMENT_3D('',#2640,#1979,#1980);
#1620=AXIS2_PLACEMENT_3D('',#2642,#1982,#1983);
#1621=AXIS2_PLACEMENT_3D('',#2646,#1986,#1987);
#1622=AXIS2_PLACEMENT_3D('',#2649,#1989,#1990);
#1623=AXIS2_PLACEMENT_3D('',#2650,#1991,#1992);
#1624=AXIS2_PLACEMENT_3D('',#2654,#1995,#1996);
#1625=AXIS2_PLACEMENT_3D('',#2657,#1998,#1999);
#1626=AXIS2_PLACEMENT_3D('',#2658,#2000,#2001);
#1627=AXIS2_PLACEMENT_3D('',#2664,#2005,#2006);
#1628=AXIS2_PLACEMENT_3D('',#2672,#2008,#2009);
#1629=AXIS2_PLACEMENT_3D('',#2673,#2010,#2011);
#1630=AXIS2_PLACEMENT_3D('',#2677,#2014,#2015);
#1631=AXIS2_PLACEMENT_3D('',#2678,#2016,#2017);
#1632=AXIS2_PLACEMENT_3D('',#2687,#2019,#2020);
#1633=AXIS2_PLACEMENT_3D('',#2694,#2022,#2023);
#1634=AXIS2_PLACEMENT_3D('',#2713,#2026,#2027);
#1635=AXIS2_PLACEMENT_3D('',#2715,#2029,#2030);
#1636=AXIS2_PLACEMENT_3D('',#2726,#2032,#2033);
#1637=AXIS2_PLACEMENT_3D('',#2731,#2034,#2035);
#1638=AXIS2_PLACEMENT_3D('',#2743,#2037,#2038);
#1639=AXIS2_PLACEMENT_3D('',#2746,#2040,#2041);
#1640=AXIS2_PLACEMENT_3D('',#2747,#2042,#2043);
#1641=AXIS2_PLACEMENT_3D('',#2751,#2046,#2047);
#1642=AXIS2_PLACEMENT_3D('',#2755,#2049,#2050);
#1643=AXIS2_PLACEMENT_3D('',#2759,#2052,#2053);
#1644=AXIS2_PLACEMENT_3D('',#2763,#2055,#2056);
#1645=AXIS2_PLACEMENT_3D('',#2766,#2058,#2059);
#1646=AXIS2_PLACEMENT_3D('',#2767,#2060,#2061);
#1647=AXIS2_PLACEMENT_3D('',#2769,#2063,#2064);
#1648=AXIS2_PLACEMENT_3D('',#2773,#2067,#2068);
#1649=AXIS2_PLACEMENT_3D('',#2774,#2069,#2070);
#1650=AXIS2_PLACEMENT_3D('',#2775,#2071,#2072);
#1651=AXIS2_PLACEMENT_3D('',#2777,#2074,#2075);
#1652=AXIS2_PLACEMENT_3D('',#2785,#2078,#2079);
#1653=AXIS2_PLACEMENT_3D('',#2793,#2082,#2083);
#1654=AXIS2_PLACEMENT_3D('',#2795,#2085,#2086);
#1655=AXIS2_PLACEMENT_3D('',#2797,#2088,#2089);
#1656=AXIS2_PLACEMENT_3D('',#2798,#2090,#2091);
#1657=AXIS2_PLACEMENT_3D('',#2799,#2092,#2093);
#1658=DIRECTION('axis',(0.,0.,1.));
#1659=DIRECTION('refdir',(1.,0.,0.));
#1660=DIRECTION('center_axis',(-0.2302171959845,-0.500676024874408,0.834460041457346));
#1661=DIRECTION('ref_axis',(-0.650944554904118,-0.558180350861383,-0.514495755427529));
#1662=DIRECTION('center_axis',(-0.28116522389289,0.896881548453679,0.341393621669463));
#1663=DIRECTION('ref_axis',(-0.810086559893645,-0.0310935659363902,-0.585485230929901));
#1664=DIRECTION('center_axis',(-1.58440636605221E-16,-0.514495755427526,
0.857492925712545));
#1665=DIRECTION('ref_axis',(-0.707106781186546,-0.606339062590833,-0.3638034375545));
#1666=DIRECTION('center_axis',(0.,-0.857492925712544,-0.514495755427527));
#1667=DIRECTION('ref_axis',(-0.857492925712544,0.264705882352941,-0.441176470588235));
#1668=DIRECTION('center_axis',(0.974575119696679,-0.224061009700939,0.));
#1669=DIRECTION('ref_axis',(-0.224061009700939,-0.974575119696679,0.));
#1670=DIRECTION('center_axis',(-0.804484743604131,0.593973313633025,0.));
#1671=DIRECTION('ref_axis',(-0.593973313633025,-0.804484743604131,0.));
#1672=DIRECTION('center_axis',(-0.360550989859993,-0.133417845028085,0.923148234217583));
#1673=DIRECTION('ref_axis',(-0.931475742477236,5.82794238648376E-15,-0.363803437554516));
#1674=DIRECTION('center_axis',(0.487608693280009,0.836242010007091,0.250872603002127));
#1675=DIRECTION('ref_axis',(-0.743596286069509,0.548360557206024,-0.382577132934435));
#1676=DIRECTION('center_axis',(-3.74806452590259E-15,-0.514495755427523,
0.857492925712546));
#1677=DIRECTION('ref_axis',(-1.,0.,-4.37095678986282E-15));
#1678=DIRECTION('center_axis',(-0.707106781186547,-0.606339062590832,-0.3638034375545));
#1679=DIRECTION('ref_axis',(-0.539163866017192,0.795206225564457,-0.277397520545741));
#1680=DIRECTION('center_axis',(0.501972160603815,-0.864883778307084,-5.8805996810488E-16));
#1681=DIRECTION('ref_axis',(-0.864883778307084,-0.501972160603815,0.));
#1682=DIRECTION('center_axis',(-0.181931630563149,0.983311182586995,-2.86534046005111E-15));
#1683=DIRECTION('ref_axis',(-0.983311182586995,-0.181931630563149,0.));
#1684=DIRECTION('center_axis',(-0.202803010333603,-0.979219556074953,-1.47740532503713E-16));
#1685=DIRECTION('ref_axis',(-0.979219556074953,0.202803010333603,0.));
#1686=DIRECTION('center_axis',(0.549009404519142,0.835816172223018,-1.99974698698457E-16));
#1687=DIRECTION('ref_axis',(-0.835816172223018,0.549009404519142,0.));
#1688=DIRECTION('center_axis',(7.28492798310471E-16,7.28492798310475E-16,
1.));
#1689=DIRECTION('ref_axis',(-0.70710678118655,0.707106781186545,0.));
#1690=DIRECTION('center_axis',(-0.835816172223015,-0.549009404519147,-3.58478643220507E-17));
#1691=DIRECTION('ref_axis',(-0.549009404519147,0.835816172223015,-7.13354394565379E-16));
#1692=DIRECTION('center_axis',(0.979219556074952,0.202803010333609,-1.47740532503718E-16));
#1693=DIRECTION('ref_axis',(-0.202803010333609,0.979219556074952,-7.13354394565378E-16));
#1694=DIRECTION('center_axis',(-1.33199599261313E-15,7.28492798310468E-16,
1.));
#1695=DIRECTION('ref_axis',(-1.45698559662094E-15,1.,-7.2849279831047E-16));
#1696=DIRECTION('center_axis',(-0.979219556074953,0.202803010333603,2.95481065007428E-16));
#1697=DIRECTION('ref_axis',(0.202803010333603,0.979219556074953,0.));
#1698=DIRECTION('center_axis',(0.835816172223017,-0.549009404519143,0.));
#1699=DIRECTION('ref_axis',(0.549009404519143,0.835816172223017,0.));
#1700=DIRECTION('center_axis',(1.03024439546179E-15,0.,1.));
#1701=DIRECTION('ref_axis',(0.707106781186547,0.707106781186548,-7.2849279831047E-16));
#1702=DIRECTION('center_axis',(-0.549009404519148,0.835816172223014,-3.49815150475943E-15));
#1703=DIRECTION('ref_axis',(0.835816172223014,0.549009404519148,0.));
#1704=DIRECTION('center_axis',(0.202803010333609,-0.979219556074952,0.));
#1705=DIRECTION('ref_axis',(0.979219556074952,0.202803010333609,0.));
#1706=DIRECTION('center_axis',(0.,1.0302443954618E-15,1.));
#1707=DIRECTION('ref_axis',(1.,0.,0.));
#1708=DIRECTION('center_axis',(0.360550989859998,-0.133417845028086,0.923148234217581));
#1709=DIRECTION('ref_axis',(0.707106781186539,-0.60633906259083,-0.36380343755452));
#1710=DIRECTION('center_axis',(0.707106781186547,-0.606339062590833,-0.3638034375545));
#1711=DIRECTION('ref_axis',(0.539163866017192,0.795206225564457,-0.277397520545741));
#1712=DIRECTION('center_axis',(-4.37274194688633E-15,-0.514495755427529,
0.857492925712543));
#1713=DIRECTION('ref_axis',(0.707106781186544,-0.606339062590836,-0.3638034375545));
#1714=DIRECTION('center_axis',(-0.48760869328001,0.836242010007091,0.250872603002124));
#1715=DIRECTION('ref_axis',(0.74359628606951,0.548360557206023,-0.382577132934434));
#1716=DIRECTION('center_axis',(0.181931630563151,0.983311182586994,0.));
#1717=DIRECTION('ref_axis',(0.983311182586994,-0.181931630563151,0.));
#1718=DIRECTION('center_axis',(-0.501972160603818,-0.864883778307083,0.));
#1719=DIRECTION('ref_axis',(0.864883778307083,-0.501972160603818,0.));
#1720=DIRECTION('center_axis',(0.2302171959845,-0.500676024874408,0.834460041457346));
#1721=DIRECTION('ref_axis',(0.,-0.857492925712544,-0.514495755427527));
#1722=DIRECTION('center_axis',(0.,-0.857492925712544,-0.514495755427527));
#1723=DIRECTION('ref_axis',(0.857492925712544,0.264705882352941,-0.441176470588235));
#1724=DIRECTION('center_axis',(-4.80603264369176E-15,-0.514495755427529,
0.857492925712543));
#1725=DIRECTION('ref_axis',(1.16558847729675E-14,-0.857492925712543,-0.514495755427529));
#1726=DIRECTION('center_axis',(0.281165223892889,0.896881548453679,0.341393621669464));
#1727=DIRECTION('ref_axis',(0.810086559893646,-0.0310935659363902,-0.5854852309299));
#1728=DIRECTION('center_axis',(0.80448474360413,0.593973313633026,0.));
#1729=DIRECTION('ref_axis',(0.593973313633026,-0.80448474360413,0.));
#1730=DIRECTION('center_axis',(-0.974575119696678,-0.224061009700941,0.));
#1731=DIRECTION('ref_axis',(0.224061009700941,-0.974575119696678,0.));
#1732=DIRECTION('center_axis',(1.,0.,0.));
#1733=DIRECTION('ref_axis',(0.,-0.492698814983594,-0.870199906753478));
#1734=DIRECTION('',(1.,0.,0.));
#1735=DIRECTION('',(-1.,0.,0.));
#1736=DIRECTION('center_axis',(-0.65094455490412,-0.759125277171481,0.));
#1737=DIRECTION('ref_axis',(0.428148191547009,-0.36713404540818,-0.825773406436203));
#1738=DIRECTION('',(-0.65094455490412,-0.759125277171481,0.));
#1739=DIRECTION('',(0.65094455490412,0.759125277171481,0.));
#1740=DIRECTION('center_axis',(0.,-1.,0.));
#1741=DIRECTION('ref_axis',(0.707106781186548,0.,-0.707106781186547));
#1742=DIRECTION('',(0.,-1.,0.));
#1743=DIRECTION('',(0.,1.,0.));
#1744=DIRECTION('center_axis',(0.707106781186548,-0.707106781186547,0.));
#1745=DIRECTION('ref_axis',(0.5,0.5,-0.707106781186548));
#1746=DIRECTION('',(0.707106781186548,-0.707106781186547,0.));
#1747=DIRECTION('',(-0.707106781186548,0.707106781186547,0.));
#1748=DIRECTION('center_axis',(1.,0.,0.));
#1749=DIRECTION('ref_axis',(0.,0.707106781186548,-0.707106781186547));
#1750=DIRECTION('',(1.,0.,0.));
#1751=DIRECTION('',(-1.,0.,0.));
#1752=DIRECTION('center_axis',(0.707106781186547,0.707106781186548,0.));
#1753=DIRECTION('ref_axis',(-0.5,0.5,-0.707106781186548));
#1754=DIRECTION('',(0.707106781186547,0.707106781186548,0.));
#1755=DIRECTION('',(-0.707106781186547,-0.707106781186548,0.));
#1756=DIRECTION('center_axis',(0.,1.,0.));
#1757=DIRECTION('ref_axis',(-0.707106781186548,0.,-0.707106781186547));
#1758=DIRECTION('',(0.,1.,0.));
#1759=DIRECTION('',(0.,-1.,0.));
#1760=DIRECTION('center_axis',(-0.650944554904119,0.759125277171481,0.));
#1761=DIRECTION('ref_axis',(-0.428148191547009,-0.36713404540818,-0.825773406436202));
#1762=DIRECTION('',(-0.650944554904119,0.759125277171481,0.));
#1763=DIRECTION('',(0.650944554904119,-0.759125277171481,0.));
#1764=DIRECTION('center_axis',(0.,0.,-1.));
#1765=DIRECTION('ref_axis',(-0.382683432365091,0.923879532511286,0.));
#1766=DIRECTION('',(0.,0.,1.));
#1767=DIRECTION('center_axis',(0.,0.,1.));
#1768=DIRECTION('ref_axis',(-0.382683432365091,0.923879532511286,0.));
#1769=DIRECTION('',(0.,0.,-1.));
#1770=DIRECTION('center_axis',(0.,1.,0.));
#1771=DIRECTION('ref_axis',(-1.,0.,0.));
#1772=DIRECTION('',(0.,0.,-1.));
#1773=DIRECTION('',(1.,0.,0.));
#1774=DIRECTION('center_axis',(0.,0.,1.));
#1775=DIRECTION('ref_axis',(0.38268343236509,0.923879532511287,0.));
#1776=DIRECTION('',(0.,0.,1.));
#1777=DIRECTION('center_axis',(0.,0.,1.));
#1778=DIRECTION('ref_axis',(0.38268343236509,0.923879532511287,0.));
#1779=DIRECTION('center_axis',(0.707106781186547,0.707106781186548,0.));
#1780=DIRECTION('ref_axis',(0.,0.,-1.));
#1781=DIRECTION('',(0.,0.,-1.));
#1782=DIRECTION('',(0.707106781186548,-0.707106781186547,0.));
#1783=DIRECTION('center_axis',(0.,0.,1.));
#1784=DIRECTION('ref_axis',(0.923879532511287,0.38268343236509,0.));
#1785=DIRECTION('',(0.,0.,1.));
#1786=DIRECTION('center_axis',(0.,0.,1.));
#1787=DIRECTION('ref_axis',(0.923879532511287,0.38268343236509,0.));
#1788=DIRECTION('center_axis',(1.,0.,0.));
#1789=DIRECTION('ref_axis',(0.,1.,0.));
#1790=DIRECTION('',(0.,0.514495755427527,-0.857492925712544));
#1791=DIRECTION('',(0.,0.,-1.));
#1792=DIRECTION('',(0.,-1.,0.));
#1793=DIRECTION('center_axis',(0.,-0.514495755427527,0.857492925712544));
#1794=DIRECTION('ref_axis',(0.923879532511286,-0.328148336040459,-0.196889001624277));
#1795=DIRECTION('',(0.,-0.514495755427527,0.857492925712544));
#1796=DIRECTION('center_axis',(0.,-0.266933581895811,0.963714928210761));
#1797=DIRECTION('ref_axis',(1.75514846206458E-16,-0.963714928210761,-0.266933581895811));
#1798=DIRECTION('center_axis',(0.707106781186547,-0.606339062590833,-0.3638034375545));
#1799=DIRECTION('ref_axis',(-0.457495710997814,0.,-0.8892118276421));
#1800=DIRECTION('',(7.85046229341888E-17,0.514495755427527,-0.857492925712544));
#1801=DIRECTION('',(0.693922572902126,0.693922572902126,0.192205425609649));
#1802=DIRECTION('center_axis',(-7.85046229341888E-17,-0.514495755427527,
0.857492925712544));
#1803=DIRECTION('ref_axis',(0.382683432365091,-0.792220163339039,-0.475332098003426));
#1804=DIRECTION('',(-7.85046229341888E-17,-0.514495755427527,0.857492925712544));
#1805=DIRECTION('center_axis',(0.,0.266933581895808,-0.963714928210762));
#1806=DIRECTION('ref_axis',(8.77574231032288E-16,-0.963714928210762,-0.266933581895808));
#1807=DIRECTION('center_axis',(0.,0.,1.));
#1808=DIRECTION('ref_axis',(1.,0.,0.));
#1809=DIRECTION('center_axis',(0.,0.,-1.));
#1810=DIRECTION('ref_axis',(0.38268343236509,-0.923879532511287,0.));
#1811=DIRECTION('',(0.,0.,1.));
#1812=DIRECTION('center_axis',(0.,0.,1.));
#1813=DIRECTION('ref_axis',(0.38268343236509,-0.923879532511287,0.));
#1814=DIRECTION('',(0.,0.,-1.));
#1815=DIRECTION('center_axis',(1.,0.,0.));
#1816=DIRECTION('ref_axis',(0.,-0.963714928210761,-0.266933581895812));
#1817=DIRECTION('',(1.,0.,0.));
#1818=DIRECTION('',(-1.,0.,0.));
#1819=DIRECTION('center_axis',(0.,0.857492925712544,0.514495755427527));
#1820=DIRECTION('ref_axis',(0.,-0.514495755427527,0.857492925712544));
#1821=DIRECTION('',(-7.85046229341888E-17,0.514495755427527,-0.857492925712544));
#1822=DIRECTION('center_axis',(-7.85046229341888E-17,0.514495755427527,
-0.857492925712544));
#1823=DIRECTION('ref_axis',(-0.382683432365089,-0.792220163339041,-0.475332098003425));
#1824=DIRECTION('',(7.85046229341888E-17,-0.514495755427527,0.857492925712544));
#1825=DIRECTION('center_axis',(0.,0.266933581895818,-0.963714928210759));
#1826=DIRECTION('ref_axis',(-1.62351232740974E-15,-0.963714928210759,-0.266933581895818));
#1827=DIRECTION('center_axis',(0.,0.,-1.));
#1828=DIRECTION('ref_axis',(-0.382683432365092,-0.923879532511286,0.));
#1829=DIRECTION('',(0.,0.,1.));
#1830=DIRECTION('center_axis',(0.,0.,1.));
#1831=DIRECTION('ref_axis',(-0.382683432365092,-0.923879532511286,0.));
#1832=DIRECTION('',(0.,0.,-1.));
#1833=DIRECTION('center_axis',(0.693922572902126,-0.693922572902127,-0.192205425609649));
#1834=DIRECTION('ref_axis',(-0.720049625245991,-0.668743542528199,-0.185231237943122));
#1835=DIRECTION('',(0.693922572902126,-0.693922572902127,-0.192205425609649));
#1836=DIRECTION('',(-0.693922572902126,0.693922572902127,0.192205425609649));
#1837=DIRECTION('center_axis',(-0.707106781186547,-0.606339062590832,-0.3638034375545));
#1838=DIRECTION('ref_axis',(-0.457495710997814,0.,0.8892118276421));
#1839=DIRECTION('',(0.,0.514495755427527,-0.857492925712544));
#1840=DIRECTION('center_axis',(0.693922572902126,0.693922572902126,0.192205425609649));
#1841=DIRECTION('ref_axis',(0.720049625245991,-0.6687435425282,-0.185231237943122));
#1842=DIRECTION('',(-0.693922572902126,-0.693922572902126,-0.192205425609649));
#1843=DIRECTION('center_axis',(0.707106781186548,-0.707106781186548,0.));
#1844=DIRECTION('ref_axis',(0.,0.,-1.));
#1845=DIRECTION('',(-0.707106781186548,-0.707106781186548,0.));
#1846=DIRECTION('',(0.,0.,1.));
#1847=DIRECTION('center_axis',(-0.707106781186548,-0.707106781186547,0.));
#1848=DIRECTION('ref_axis',(0.,0.,1.));
#1849=DIRECTION('',(0.,0.,-1.));
#1850=DIRECTION('',(-0.707106781186547,0.707106781186548,0.));
#1851=DIRECTION('center_axis',(0.,0.,1.));
#1852=DIRECTION('ref_axis',(0.923879532511287,-0.38268343236509,0.));
#1853=DIRECTION('center_axis',(0.,0.,1.));
#1854=DIRECTION('ref_axis',(0.923879532511287,-0.38268343236509,0.));
#1855=DIRECTION('center_axis',(0.,0.514495755427527,-0.857492925712544));
#1856=DIRECTION('ref_axis',(-0.923879532511286,-0.328148336040459,-0.196889001624277));
#1857=DIRECTION('',(0.,-0.514495755427527,0.857492925712544));
#1858=DIRECTION('center_axis',(0.,0.266933581895817,-0.963714928210759));
#1859=DIRECTION('ref_axis',(-8.7757423103229E-17,-0.963714928210759,-0.266933581895817));
#1860=DIRECTION('center_axis',(0.,0.,-1.));
#1861=DIRECTION('ref_axis',(-0.923879532511287,-0.38268343236509,0.));
#1862=DIRECTION('',(0.,0.,1.));
#1863=DIRECTION('center_axis',(0.,0.,1.));
#1864=DIRECTION('ref_axis',(-0.923879532511287,-0.38268343236509,0.));
#1865=DIRECTION('center_axis',(-1.,0.,0.));
#1866=DIRECTION('ref_axis',(0.,-1.,0.));
#1867=DIRECTION('',(0.,0.,-1.));
#1868=DIRECTION('',(0.,1.,0.));
#1869=DIRECTION('center_axis',(0.,0.,-1.));
#1870=DIRECTION('ref_axis',(-0.923879532511287,0.38268343236509,0.));
#1871=DIRECTION('',(0.,0.,1.));
#1872=DIRECTION('center_axis',(0.,0.,1.));
#1873=DIRECTION('ref_axis',(-0.923879532511287,0.38268343236509,0.));
#1874=DIRECTION('center_axis',(-0.707106781186548,0.707106781186547,0.));
#1875=DIRECTION('ref_axis',(0.,0.,1.));
#1876=DIRECTION('',(0.707106781186547,0.707106781186548,0.));
#1877=DIRECTION('center_axis',(0.,-1.,0.));
#1878=DIRECTION('ref_axis',(1.,0.,0.));
#1879=DIRECTION('',(-1.,0.,0.));
#1880=DIRECTION('center_axis',(-1.,0.,0.));
#1881=DIRECTION('ref_axis',(0.,-0.492698814983592,-0.870199906753479));
#1882=DIRECTION('center_axis',(-1.,0.,0.));
#1883=DIRECTION('ref_axis',(0.,0.,-1.));
#1884=DIRECTION('',(-1.,0.,0.));
#1885=DIRECTION('center_axis',(1.,0.,0.));
#1886=DIRECTION('ref_axis',(0.,-0.857492925712544,-0.514495755427527));
#1887=DIRECTION('',(1.,0.,0.));
#1888=DIRECTION('center_axis',(0.65094455490412,0.759125277171481,0.));
#1889=DIRECTION('ref_axis',(0.428148191547014,-0.367134045408179,-0.8257734064362));
#1890=DIRECTION('center_axis',(0.650944554904119,0.759125277171482,0.));
#1891=DIRECTION('ref_axis',(0.707106781186548,-0.606339062590832,-0.363803437554499));
#1892=DIRECTION('',(0.65094455490412,0.759125277171481,0.));
#1893=DIRECTION('center_axis',(-0.650944554904119,-0.759125277171482,0.));
#1894=DIRECTION('ref_axis',(0.,0.,-1.));
#1895=DIRECTION('',(-0.65094455490412,-0.759125277171481,0.));
#1896=DIRECTION('center_axis',(-0.207615572383997,-0.807930491269105,0.551492606823816));
#1897=DIRECTION('ref_axis',(0.284651742232132,-0.589277796355558,-0.756125032231144));
#1898=DIRECTION('center_axis',(7.85046229341888E-17,0.514495755427527,-0.857492925712544));
#1899=DIRECTION('ref_axis',(0.382683432365084,-0.792220163339043,-0.475332098003426));
#1900=DIRECTION('center_axis',(0.,-1.,0.));
#1901=DIRECTION('ref_axis',(0.707106781186544,0.,-0.707106781186551));
#1902=DIRECTION('center_axis',(-1.74838271594513E-15,-1.,0.));
#1903=DIRECTION('ref_axis',(0.,0.,-1.));
#1904=DIRECTION('',(0.,-1.,0.));
#1905=DIRECTION('center_axis',(0.,1.,0.));
#1906=DIRECTION('ref_axis',(1.,0.,0.));
#1907=DIRECTION('',(0.,1.,0.));
#1908=DIRECTION('center_axis',(-0.566753158055722,0.201302333493774,-0.798916909549314));
#1909=DIRECTION('ref_axis',(0.752839217166845,-0.267397347517581,-0.601441411640548));
#1910=DIRECTION('center_axis',(0.,0.514495755427527,-0.857492925712544));
#1911=DIRECTION('ref_axis',(0.923879532511284,-0.328148336040464,-0.196889001624279));
#1912=DIRECTION('center_axis',(-0.707106781186548,0.707106781186547,0.));
#1913=DIRECTION('ref_axis',(0.499999999999997,0.500000000000002,-0.707106781186548));
#1914=DIRECTION('center_axis',(-0.707106781186548,0.707106781186547,0.));
#1915=DIRECTION('ref_axis',(0.707106781186547,0.707106781186548,0.));
#1916=DIRECTION('',(-0.707106781186548,0.707106781186547,0.));
#1917=DIRECTION('center_axis',(0.707106781186547,-0.707106781186548,0.));
#1918=DIRECTION('ref_axis',(0.,0.,-1.));
#1919=DIRECTION('',(0.707106781186548,-0.707106781186547,0.));
#1920=DIRECTION('center_axis',(-0.439732612032304,-0.182143211721528,-0.87946522406461));
#1921=DIRECTION('ref_axis',(0.812519920068744,0.336556770590779,-0.475963149477969));
#1922=DIRECTION('center_axis',(0.,0.,-1.));
#1923=DIRECTION('ref_axis',(0.923879532511287,0.382683432365089,0.));
#1924=DIRECTION('center_axis',(1.,0.,0.));
#1925=DIRECTION('ref_axis',(0.,0.707106781186548,-0.707106781186548));
#1926=DIRECTION('center_axis',(1.,3.49676543189026E-15,0.));
#1927=DIRECTION('ref_axis',(0.,0.,-1.));
#1928=DIRECTION('',(1.,0.,0.));
#1929=DIRECTION('center_axis',(-1.,0.,0.));
#1930=DIRECTION('ref_axis',(0.,1.,0.));
#1931=DIRECTION('',(-1.,0.,0.));
#1932=DIRECTION('center_axis',(-0.941663177664661,0.2904000993404,-0.170112439679111));
#1933=DIRECTION('ref_axis',(0.336556770590777,0.812519920068747,-0.475963149477967));
#1934=DIRECTION('center_axis',(0.,0.,-1.));
#1935=DIRECTION('ref_axis',(0.382683432365091,0.923879532511286,0.));
#1936=DIRECTION('center_axis',(-0.707106781186547,-0.707106781186548,0.));
#1937=DIRECTION('ref_axis',(-0.5,0.499999999999999,-0.707106781186548));
#1938=DIRECTION('center_axis',(-0.707106781186548,-0.707106781186547,0.));
#1939=DIRECTION('ref_axis',(-0.707106781186547,0.707106781186548,0.));
#1940=DIRECTION('',(-0.707106781186547,-0.707106781186548,0.));
#1941=DIRECTION('center_axis',(0.707106781186548,0.707106781186547,0.));
#1942=DIRECTION('ref_axis',(0.,0.,-1.));
#1943=DIRECTION('',(0.707106781186547,0.707106781186548,0.));
#1944=DIRECTION('center_axis',(-0.941663177664662,-0.290400099340397,0.170112439679111));
#1945=DIRECTION('ref_axis',(-0.336556770590775,0.812519920068745,-0.47596314947797));
#1946=DIRECTION('center_axis',(0.,0.,-1.));
#1947=DIRECTION('ref_axis',(-0.382683432365089,0.923879532511287,0.));
#1948=DIRECTION('center_axis',(0.,1.,0.));
#1949=DIRECTION('ref_axis',(-0.707106781186548,0.,-0.707106781186548));
#1950=DIRECTION('center_axis',(0.,1.,0.));
#1951=DIRECTION('ref_axis',(0.,0.,-1.));
#1952=DIRECTION('',(0.,1.,0.));
#1953=DIRECTION('center_axis',(0.,-1.,0.));
#1954=DIRECTION('ref_axis',(-1.,0.,0.));
#1955=DIRECTION('',(0.,-1.,0.));
#1956=DIRECTION('center_axis',(0.439732612032305,-0.182143211721527,-0.87946522406461));
#1957=DIRECTION('ref_axis',(-0.812519920068746,0.336556770590777,-0.475963149477968));
#1958=DIRECTION('center_axis',(0.,0.,-1.));
#1959=DIRECTION('ref_axis',(-0.923879532511287,0.382683432365089,0.));
#1960=DIRECTION('center_axis',(0.650944554904119,-0.759125277171481,0.));
#1961=DIRECTION('ref_axis',(-0.428148191547009,-0.36713404540818,-0.825773406436202));
#1962=DIRECTION('center_axis',(0.650944554904119,-0.759125277171481,0.));
#1963=DIRECTION('ref_axis',(-0.707106781186547,-0.606339062590832,-0.3638034375545));
#1964=DIRECTION('',(0.650944554904119,-0.759125277171481,0.));
#1965=DIRECTION('center_axis',(-0.650944554904118,0.759125277171482,0.));
#1966=DIRECTION('ref_axis',(0.,0.,-1.));
#1967=DIRECTION('',(-0.650944554904119,0.759125277171481,0.));
#1968=DIRECTION('center_axis',(0.56675315805572,0.201302333493774,-0.798916909549316));
#1969=DIRECTION('ref_axis',(-0.752839217166846,-0.267397347517583,-0.601441411640545));
#1970=DIRECTION('center_axis',(0.,0.514495755427527,-0.857492925712544));
#1971=DIRECTION('ref_axis',(-0.923879532511287,-0.32814833604046,-0.196889001624276));
#1972=DIRECTION('center_axis',(0.207615572383998,-0.807930491269105,0.551492606823816));
#1973=DIRECTION('ref_axis',(-0.28465174223213,-0.589277796355558,-0.756125032231145));
#1974=DIRECTION('center_axis',(-7.85046229341888E-17,0.514495755427527,
-0.857492925712544));
#1975=DIRECTION('ref_axis',(-0.382683432365089,-0.792220163339041,-0.475332098003425));
#1976=DIRECTION('center_axis',(0.,0.,1.));
#1977=DIRECTION('ref_axis',(0.382683432365093,0.923879532511285,0.));
#1978=DIRECTION('',(0.,0.,1.));
#1979=DIRECTION('center_axis',(0.,0.,-1.));
#1980=DIRECTION('ref_axis',(0.382683432365093,0.923879532511285,0.));
#1981=DIRECTION('',(0.,0.,-1.));
#1982=DIRECTION('center_axis',(0.,1.,0.));
#1983=DIRECTION('ref_axis',(-1.,0.,0.));
#1984=DIRECTION('',(0.,0.,-1.));
#1985=DIRECTION('',(-1.,0.,0.));
#1986=DIRECTION('center_axis',(0.,0.,-1.));
#1987=DIRECTION('ref_axis',(-0.382683432365089,0.923879532511287,0.));
#1988=DIRECTION('',(0.,0.,1.));
#1989=DIRECTION('center_axis',(0.,0.,-1.));
#1990=DIRECTION('ref_axis',(-0.382683432365089,0.923879532511287,0.));
#1991=DIRECTION('center_axis',(-0.707106781186548,0.707106781186547,0.));
#1992=DIRECTION('ref_axis',(0.,0.,1.));
#1993=DIRECTION('',(0.,0.,-1.));
#1994=DIRECTION('',(0.707106781186547,0.707106781186548,0.));
#1995=DIRECTION('center_axis',(0.,0.,1.));
#1996=DIRECTION('ref_axis',(-0.923879532511287,0.382683432365089,0.));
#1997=DIRECTION('',(0.,0.,1.));
#1998=DIRECTION('center_axis',(0.,0.,-1.));
#1999=DIRECTION('ref_axis',(-0.923879532511287,0.382683432365089,0.));
#2000=DIRECTION('center_axis',(-1.,0.,0.));
#2001=DIRECTION('ref_axis',(0.,-1.,0.));
#2002=DIRECTION('',(0.,0.514495755427527,-0.857492925712544));
#2003=DIRECTION('',(0.,0.,-1.));
#2004=DIRECTION('',(0.,-1.,0.));
#2005=DIRECTION('center_axis',(0.,0.514495755427527,-0.857492925712544));
#2006=DIRECTION('ref_axis',(-0.923879532511287,-0.32814833604046,-0.196889001624276));
#2007=DIRECTION('',(0.,-0.514495755427527,0.857492925712544));
#2008=DIRECTION('center_axis',(0.,0.266933581895806,-0.963714928210762));
#2009=DIRECTION('ref_axis',(-1.42167025427231E-15,-0.963714928210762,-0.266933581895806));
#2010=DIRECTION('center_axis',(-0.707106781186547,-0.606339062590832,-0.3638034375545));
#2011=DIRECTION('ref_axis',(-0.457495710997814,0.,0.8892118276421));
#2012=DIRECTION('',(-7.85046229341888E-17,0.514495755427527,-0.857492925712544));
#2013=DIRECTION('',(0.693922572902126,-0.693922572902127,-0.192205425609649));
#2014=DIRECTION('center_axis',(0.,0.,1.));
#2015=DIRECTION('ref_axis',(1.,0.,0.));
#2016=DIRECTION('center_axis',(7.85046229341888E-17,0.514495755427527,-0.857492925712544));
#2017=DIRECTION('ref_axis',(0.382683432365087,-0.792220163339043,-0.475332098003424));
#2018=DIRECTION('',(-7.85046229341888E-17,-0.514495755427527,0.857492925712544));
#2019=DIRECTION('center_axis',(0.,0.266933581895817,-0.963714928210759));
#2020=DIRECTION('ref_axis',(1.2637068926865E-15,-0.963714928210759,-0.266933581895817));
#2021=DIRECTION('',(7.85046229341888E-17,0.514495755427527,-0.857492925712544));
#2022=DIRECTION('center_axis',(0.693922572902126,0.693922572902126,0.192205425609649));
#2023=DIRECTION('ref_axis',(0.720049625245991,-0.6687435425282,-0.185231237943122));
#2024=DIRECTION('',(0.693922572902126,0.693922572902126,0.192205425609649));
#2025=DIRECTION('',(-0.693922572902126,-0.693922572902126,-0.192205425609649));
#2026=DIRECTION('center_axis',(0.707106781186547,-0.606339062590833,-0.3638034375545));
#2027=DIRECTION('ref_axis',(-0.457495710997814,0.,-0.8892118276421));
#2028=DIRECTION('',(0.,0.514495755427527,-0.857492925712544));
#2029=DIRECTION('center_axis',(7.85046229341888E-17,-0.514495755427527,
0.857492925712544));
#2030=DIRECTION('ref_axis',(-0.382683432365089,-0.792220163339041,-0.475332098003425));
#2031=DIRECTION('',(7.85046229341888E-17,-0.514495755427527,0.857492925712544));
#2032=DIRECTION('center_axis',(0.,0.266933581895812,-0.963714928210761));
#2033=DIRECTION('ref_axis',(-1.05308907723875E-15,-0.963714928210761,-0.266933581895812));
#2034=DIRECTION('center_axis',(0.693922572902126,-0.693922572902127,-0.192205425609649));
#2035=DIRECTION('ref_axis',(-0.720049625245991,-0.668743542528199,-0.185231237943122));
#2036=DIRECTION('',(-0.693922572902126,0.693922572902127,0.192205425609649));
#2037=DIRECTION('center_axis',(0.,0.,-1.));
#2038=DIRECTION('ref_axis',(-0.923879532511286,-0.382683432365091,0.));
#2039=DIRECTION('',(0.,0.,1.));
#2040=DIRECTION('center_axis',(0.,0.,-1.));
#2041=DIRECTION('ref_axis',(-0.923879532511286,-0.382683432365091,0.));
#2042=DIRECTION('center_axis',(0.707106781186547,0.707106781186548,0.));
#2043=DIRECTION('ref_axis',(0.,0.,-1.));
#2044=DIRECTION('',(0.707106781186548,-0.707106781186547,0.));
#2045=DIRECTION('',(0.,0.,1.));
#2046=DIRECTION('center_axis',(0.,0.,1.));
#2047=DIRECTION('ref_axis',(1.,0.,0.));
#2048=DIRECTION('',(-0.707106781186547,0.707106781186548,0.));
#2049=DIRECTION('center_axis',(0.,0.,-1.));
#2050=DIRECTION('ref_axis',(-0.382683432365089,-0.923879532511287,0.));
#2051=DIRECTION('',(1.,0.,0.));
#2052=DIRECTION('center_axis',(0.,0.,-1.));
#2053=DIRECTION('ref_axis',(0.382683432365094,-0.923879532511285,0.));
#2054=DIRECTION('',(-0.707106781186548,-0.707106781186548,0.));
#2055=DIRECTION('center_axis',(0.,0.,-1.));
#2056=DIRECTION('ref_axis',(0.923879532511285,-0.382683432365094,0.));
#2057=DIRECTION('',(0.,1.,0.));
#2058=DIRECTION('center_axis',(0.,0.,-1.));
#2059=DIRECTION('ref_axis',(0.923879532511287,0.38268343236509,0.));
#2060=DIRECTION('center_axis',(0.,0.,-1.));
#2061=DIRECTION('ref_axis',(0.923879532511287,0.38268343236509,0.));
#2062=DIRECTION('',(0.,0.,-1.));
#2063=DIRECTION('center_axis',(1.,0.,0.));
#2064=DIRECTION('ref_axis',(0.,1.,0.));
#2065=DIRECTION('',(0.,0.,1.));
#2066=DIRECTION('',(0.,-0.514495755427527,0.857492925712544));
#2067=DIRECTION('center_axis',(0.,-0.514495755427527,0.857492925712544));
#2068=DIRECTION('ref_axis',(0.923879532511285,-0.328148336040463,-0.196889001624276));
#2069=DIRECTION('center_axis',(0.,0.266933581895816,-0.96371492821076));
#2070=DIRECTION('ref_axis',(-3.15926723171624E-16,-0.96371492821076,-0.266933581895816));
#2071=DIRECTION('center_axis',(0.,0.,1.));
#2072=DIRECTION('ref_axis',(0.923879532511285,-0.382683432365094,0.));
#2073=DIRECTION('',(0.,0.,-1.));
#2074=DIRECTION('center_axis',(0.,0.,-1.));
#2075=DIRECTION('ref_axis',(0.382683432365094,-0.923879532511285,0.));
#2076=DIRECTION('',(0.,0.,1.));
#2077=DIRECTION('',(0.,0.,-1.));
#2078=DIRECTION('center_axis',(1.,0.,0.));
#2079=DIRECTION('ref_axis',(0.,-0.963714928210761,-0.266933581895812));
#2080=DIRECTION('',(-1.,0.,0.));
#2081=DIRECTION('',(1.,0.,0.));
#2082=DIRECTION('center_axis',(0.,-1.,0.));
#2083=DIRECTION('ref_axis',(1.,0.,0.));
#2084=DIRECTION('',(0.,0.,1.));
#2085=DIRECTION('center_axis',(-0.707106781186548,-0.707106781186547,0.));
#2086=DIRECTION('ref_axis',(0.,0.,1.));
#2087=DIRECTION('',(0.,0.,-1.));
#2088=DIRECTION('center_axis',(0.,0.,1.));
#2089=DIRECTION('ref_axis',(-0.382683432365089,-0.923879532511287,0.));
#2090=DIRECTION('center_axis',(0.707106781186548,-0.707106781186548,0.));
#2091=DIRECTION('ref_axis',(0.,0.,-1.));
#2092=DIRECTION('center_axis',(0.,0.857492925712544,0.514495755427527));
#2093=DIRECTION('ref_axis',(0.,-0.514495755427527,0.857492925712544));
#2094=CARTESIAN_POINT('',(0.,0.,0.));
#2095=CARTESIAN_POINT('Ctrl Pts',(0.670727683632074,-3.8574588227721,0.249356356116694));
#2096=CARTESIAN_POINT('Ctrl Pts',(0.671906668748043,-3.85406195887999,0.241403381131184));
#2097=CARTESIAN_POINT('Ctrl Pts',(0.673848449190857,-3.85052559769774,0.233712153781285));
#2098=CARTESIAN_POINT('Ctrl Pts',(0.676525714905921,-3.84689947616516,0.226390846872845));
#2099=CARTESIAN_POINT('Ctrl Pts',(0.684833836960727,-3.86955474946044,0.242098800103693));
#2100=CARTESIAN_POINT('Ctrl Pts',(0.685933632885143,-3.86607724486413,0.235390854949422));
#2101=CARTESIAN_POINT('Ctrl Pts',(0.687649242782767,-3.86263010016859,0.228908243622352));
#2102=CARTESIAN_POINT('Ctrl Pts',(0.689988952998443,-3.85921359243234,0.22271671784612));
#2103=CARTESIAN_POINT('Ctrl Pts',(0.704660107008194,-3.87659674714198,0.23787360149477));
#2104=CARTESIAN_POINT('Ctrl Pts',(0.7052197163734,-3.8734537204205,0.232652192481786));
#2105=CARTESIAN_POINT('Ctrl Pts',(0.706335915470686,-3.87042392752568,0.227577340107504));
#2106=CARTESIAN_POINT('Ctrl Pts',(0.708015911537466,-3.86750261695279,0.22271671784612));
#2107=CARTESIAN_POINT('Ctrl Pts',(0.724609220358489,-3.87659674714198,0.23787360149477));
#2108=CARTESIAN_POINT('Ctrl Pts',(0.724609220358489,-3.87421085464632,0.233897114002015));
#2109=CARTESIAN_POINT('Ctrl Pts',(0.725117761015389,-3.87190348644135,0.230051500327065));
#2110=CARTESIAN_POINT('Ctrl Pts',(0.726127689989615,-3.86970709436882,0.226390846872845));
#2111=CARTESIAN_POINT('',(0.676525714905921,-3.84689947616516,0.226390846872845));
#2112=CARTESIAN_POINT('',(0.726127689989615,-3.86970709436882,0.226390846872845));
#2113=CARTESIAN_POINT('Origin',(0.726127689989615,-3.80436613342953,0.265595423436422));
#2114=CARTESIAN_POINT('',(0.670727683632074,-3.8574588227721,0.249356356116694));
#2115=CARTESIAN_POINT('Origin',(0.832372293811319,-3.82788887936767,0.3048));
#2116=CARTESIAN_POINT('',(0.724609220358489,-3.87659674714198,0.23787360149477));
#2117=CARTESIAN_POINT('Origin',(0.724609220358489,-3.81125578620268,0.277078178058347));
#2118=CARTESIAN_POINT('Origin',(0.832372293811319,-3.89322984030697,0.265595423436422));
#2119=CARTESIAN_POINT('Ctrl Pts',(0.676525714905921,-3.84689947616516,0.226390846872845));
#2120=CARTESIAN_POINT('Ctrl Pts',(0.692938912749134,-3.82466923962834,0.181506972223058));
#2121=CARTESIAN_POINT('Ctrl Pts',(0.724270771456536,-3.78223298577597,0.1524));
#2122=CARTESIAN_POINT('Ctrl Pts',(0.756172293811319,-3.73902517249023,0.1524));
#2123=CARTESIAN_POINT('Ctrl Pts',(0.689988952998443,-3.85921359243234,0.22271671784612));
#2124=CARTESIAN_POINT('Ctrl Pts',(0.705032406684434,-3.83225708877409,0.177402551877573));
#2125=CARTESIAN_POINT('Ctrl Pts',(0.730893271919292,-3.78527809560987,0.1524));
#2126=CARTESIAN_POINT('Ctrl Pts',(0.756172293811319,-3.73902517249023,0.1524));
#2127=CARTESIAN_POINT('Ctrl Pts',(0.708015911537466,-3.86750261695279,0.22271671784612));
#2128=CARTESIAN_POINT('Ctrl Pts',(0.718686820584767,-3.8385355617282,0.177402551877573));
#2129=CARTESIAN_POINT('Ctrl Pts',(0.737515772382049,-3.78832320544377,0.1524));
#2130=CARTESIAN_POINT('Ctrl Pts',(0.756172293811319,-3.73902517249023,0.1524));
#2131=CARTESIAN_POINT('Ctrl Pts',(0.726127689989615,-3.86970709436882,0.226390846872845));
#2132=CARTESIAN_POINT('Ctrl Pts',(0.732319142697613,-3.84277676957895,0.181506972223058));
#2133=CARTESIAN_POINT('Ctrl Pts',(0.744138272844805,-3.79136831527766,0.1524));
#2134=CARTESIAN_POINT('Ctrl Pts',(0.756172293811319,-3.73902517249023,0.1524));
#2135=CARTESIAN_POINT('',(0.756172293811319,-3.73902517249023,0.1524));
#2136=CARTESIAN_POINT('Origin',(0.756172293811319,-3.73902517249023,0.3048));
#2137=CARTESIAN_POINT('Origin',(0.756172293811319,-3.73902517249023,0.3048));
#2138=CARTESIAN_POINT('Ctrl Pts',(0.1524,-3.24944769870566,0.304799999999999));
#2139=CARTESIAN_POINT('Ctrl Pts',(0.1524,-3.24377311682496,0.285884727064356));
#2140=CARTESIAN_POINT('Ctrl Pts',(0.1559616555302,-3.24017712511749,0.26697547401858));
#2141=CARTESIAN_POINT('Ctrl Pts',(0.162843096846469,-3.23890392507516,0.249356356116692));
#2142=CARTESIAN_POINT('Ctrl Pts',(0.1524,-3.26655392227777,0.29453626585673));
#2143=CARTESIAN_POINT('Ctrl Pts',(0.153701147347318,-3.26057280278527,0.278274316226137));
#2144=CARTESIAN_POINT('Ctrl Pts',(0.157489610518119,-3.25681282253706,0.262290643122978));
#2145=CARTESIAN_POINT('Ctrl Pts',(0.163654745529817,-3.25547639586953,0.247278225505739));
#2146=CARTESIAN_POINT('Ctrl Pts',(0.160612309944932,-3.28355480858674,0.284335734071348));
#2147=CARTESIAN_POINT('Ctrl Pts',(0.161785137447886,-3.27730804506718,0.271714928577769));
#2148=CARTESIAN_POINT('Ctrl Pts',(0.164855096065055,-3.2733916739723,0.259139663687201));
#2149=CARTESIAN_POINT('Ctrl Pts',(0.169768395103635,-3.27199804186848,0.247278225505739));
#2150=CARTESIAN_POINT('Ctrl Pts',(0.174718463273585,-3.29565073527508,0.277078178058347));
#2151=CARTESIAN_POINT('Ctrl Pts',(0.174718463273585,-3.28997615339439,0.267620541590525));
#2152=CARTESIAN_POINT('Ctrl Pts',(0.176499291038686,-3.28638016168691,0.258165915067637));
#2153=CARTESIAN_POINT('Ctrl Pts',(0.17994001169682,-3.28510696164458,0.249356356116693));
#2154=CARTESIAN_POINT('',(0.162843096846469,-3.23890392507516,0.249356356116692));
#2155=CARTESIAN_POINT('',(0.17994001169682,-3.28510696164458,0.249356356116692));
#2156=CARTESIAN_POINT('Origin',(0.233821548423235,-3.23890392507516,0.277078178058346));
#2157=CARTESIAN_POINT('',(0.1524,-3.24944769870566,0.304799999999999));
#2158=CARTESIAN_POINT('Origin',(0.3048,-3.3383114055831,0.3048));
#2159=CARTESIAN_POINT('',(0.174718463273585,-3.29565073527508,0.277078178058347));
#2160=CARTESIAN_POINT('Origin',(0.2286,-3.24944769870566,0.3048));
#2161=CARTESIAN_POINT('Origin',(0.250918463273585,-3.38451444215252,0.277078178058347));
#2162=CARTESIAN_POINT('Ctrl Pts',(0.162843096846469,-3.23890392507516,0.249356356116692));
#2163=CARTESIAN_POINT('Ctrl Pts',(0.184991879582209,-3.2348059709082,0.192647013339665));
#2164=CARTESIAN_POINT('Ctrl Pts',(0.243918819534463,-3.22390334470049,0.1524));
#2165=CARTESIAN_POINT('Ctrl Pts',(0.3048,-3.21263914611427,0.1524));
#2166=CARTESIAN_POINT('Ctrl Pts',(0.163654745529817,-3.25547639586953,0.247278225505739));
#2167=CARTESIAN_POINT('Ctrl Pts',(0.187348339008906,-3.24838392751393,0.189136018406051));
#2168=CARTESIAN_POINT('Ctrl Pts',(0.246362942446148,-3.23050839018718,0.1524));
#2169=CARTESIAN_POINT('Ctrl Pts',(0.3048,-3.21263914611427,0.1524));
#2170=CARTESIAN_POINT('Ctrl Pts',(0.169768395103635,-3.27199804186848,0.247278225505739));
#2171=CARTESIAN_POINT('Ctrl Pts',(0.192371604477543,-3.26195889821343,0.189136018406051));
#2172=CARTESIAN_POINT('Ctrl Pts',(0.248807065357832,-3.23711343567388,0.1524));
#2173=CARTESIAN_POINT('Ctrl Pts',(0.3048,-3.21263914611428,0.1524));
#2174=CARTESIAN_POINT('Ctrl Pts',(0.17994001169682,-3.28510696164458,0.249356356116692));
#2175=CARTESIAN_POINT('Ctrl Pts',(0.199421253481329,-3.27380019271783,0.192647013339665));
#2176=CARTESIAN_POINT('Ctrl Pts',(0.251251188269517,-3.24371848116058,0.1524));
#2177=CARTESIAN_POINT('Ctrl Pts',(0.3048,-3.21263914611428,0.1524));
#2178=CARTESIAN_POINT('',(0.3048,-3.21263914611427,0.1524));
#2179=CARTESIAN_POINT('Origin',(0.304800000000001,-3.21263914611427,0.3048));
#2180=CARTESIAN_POINT('Origin',(0.3048,-3.21263914611427,0.3048));
#2181=CARTESIAN_POINT('Ctrl Pts',(0.174718463273585,-0.670727683632075,
0.3048));
#2182=CARTESIAN_POINT('Ctrl Pts',(0.174718463273585,-0.670727683632075,
0.270601519970923));
#2183=CARTESIAN_POINT('Ctrl Pts',(0.19843008887626,-0.686302765671564,0.190606384853211));
#2184=CARTESIAN_POINT('Ctrl Pts',(0.265879695224059,-0.730607326227704,
0.1524));
#2185=CARTESIAN_POINT('Ctrl Pts',(0.3048,-0.756172293811319,0.1524));
#2186=CARTESIAN_POINT('Ctrl Pts',(0.160612309944932,-0.684833836960727,
0.3048));
#2187=CARTESIAN_POINT('Ctrl Pts',(0.160612309944932,-0.684833836960727,
0.268726502546357));
#2188=CARTESIAN_POINT('Ctrl Pts',(0.190723832484236,-0.700031096626594,
0.185752853883962));
#2189=CARTESIAN_POINT('Ctrl Pts',(0.263653805692005,-0.735981098924334,
0.1524));
#2190=CARTESIAN_POINT('Ctrl Pts',(0.3048,-0.756172293811319,0.1524));
#2191=CARTESIAN_POINT('Ctrl Pts',(0.1524,-0.704660107008194,0.3048));
#2192=CARTESIAN_POINT('Ctrl Pts',(0.1524,-0.704660107008194,0.268726502546357));
#2193=CARTESIAN_POINT('Ctrl Pts',(0.184438147144581,-0.715206083422401,
0.185752853883962));
#2194=CARTESIAN_POINT('Ctrl Pts',(0.261427916159951,-0.741354871620963,
0.1524));
#2195=CARTESIAN_POINT('Ctrl Pts',(0.3048,-0.756172293811319,0.1524));
#2196=CARTESIAN_POINT('Ctrl Pts',(0.1524,-0.724609220358489,0.3048));
#2197=CARTESIAN_POINT('Ctrl Pts',(0.1524,-0.724609220358489,0.270601519970923));
#2198=CARTESIAN_POINT('Ctrl Pts',(0.180179897384268,-0.730362625487438,
0.190606384853211));
#2199=CARTESIAN_POINT('Ctrl Pts',(0.259202026627897,-0.746728644317593,
0.1524));
#2200=CARTESIAN_POINT('Ctrl Pts',(0.3048,-0.756172293811319,0.1524));
#2201=CARTESIAN_POINT('',(0.1524,-0.724609220358489,0.3048));
#2202=CARTESIAN_POINT('',(0.3048,-0.756172293811319,0.1524));
#2203=CARTESIAN_POINT('Origin',(0.3048,-0.756172293811319,0.3048));
#2204=CARTESIAN_POINT('',(0.174718463273585,-0.670727683632075,0.3048));
#2205=CARTESIAN_POINT('Origin',(0.3048,-0.756172293811319,0.3048));
#2206=CARTESIAN_POINT('Origin',(0.2286,-0.724609220358489,0.3048));
#2207=CARTESIAN_POINT('Ctrl Pts',(0.724609220358489,-0.1524,0.3048));
#2208=CARTESIAN_POINT('Ctrl Pts',(0.724609220358489,-0.1524,0.259202026627897));
#2209=CARTESIAN_POINT('Ctrl Pts',(0.732522021746212,-0.190606384853211,
0.180179897384268));
#2210=CARTESIAN_POINT('Ctrl Pts',(0.749089556691025,-0.270601519970922,
0.1524));
#2211=CARTESIAN_POINT('Ctrl Pts',(0.75617229381132,-0.3048,0.1524));
#2212=CARTESIAN_POINT('Ctrl Pts',(0.704660107008194,-0.1524,0.3048));
#2213=CARTESIAN_POINT('Ctrl Pts',(0.704660107008194,-0.1524,0.256702003395142));
#2214=CARTESIAN_POINT('Ctrl Pts',(0.718903127465694,-0.195518220754904,
0.176112189074114));
#2215=CARTESIAN_POINT('Ctrl Pts',(0.745059227168553,-0.272270937119963,
0.1524));
#2216=CARTESIAN_POINT('Ctrl Pts',(0.75617229381132,-0.3048,0.1524));
#2217=CARTESIAN_POINT('Ctrl Pts',(0.684833836960727,-0.160612309944932,
0.3048));
#2218=CARTESIAN_POINT('Ctrl Pts',(0.684833836960727,-0.160612309944932,
0.256702003395142));
#2219=CARTESIAN_POINT('Ctrl Pts',(0.705251686899141,-0.2011728325835,0.176112189074114));
#2220=CARTESIAN_POINT('Ctrl Pts',(0.74102889764608,-0.273940354269004,0.1524));
#2221=CARTESIAN_POINT('Ctrl Pts',(0.756172293811319,-0.3048,0.1524));
#2222=CARTESIAN_POINT('Ctrl Pts',(0.670727683632074,-0.174718463273585,
0.3048));
#2223=CARTESIAN_POINT('Ctrl Pts',(0.670727683632074,-0.174718463273585,
0.259202026627897));
#2224=CARTESIAN_POINT('Ctrl Pts',(0.692148481926961,-0.207329652607355,
0.180179897384268));
#2225=CARTESIAN_POINT('Ctrl Pts',(0.736998568123608,-0.275609771418044,
0.1524));
#2226=CARTESIAN_POINT('Ctrl Pts',(0.756172293811319,-0.3048,0.1524));
#2227=CARTESIAN_POINT('',(0.670727683632074,-0.174718463273585,0.3048));
#2228=CARTESIAN_POINT('',(0.756172293811319,-0.3048,0.1524));
#2229=CARTESIAN_POINT('Origin',(0.756172293811319,-0.3048,0.3048));
#2230=CARTESIAN_POINT('',(0.724609220358489,-0.1524,0.3048));
#2231=CARTESIAN_POINT('Origin',(0.75617229381132,-0.3048,0.3048));
#2232=CARTESIAN_POINT('Origin',(0.724609220358489,-0.2286,0.3048));
#2233=CARTESIAN_POINT('Ctrl Pts',(5.77452231636793,-0.174718463273585,0.3048));
#2234=CARTESIAN_POINT('Ctrl Pts',(5.77452231636793,-0.174718463273585,0.270601519970923));
#2235=CARTESIAN_POINT('Ctrl Pts',(5.75890952513619,-0.198487497642784,0.190662440235739));
#2236=CARTESIAN_POINT('Ctrl Pts',(5.7146426737723,-0.265879695224059,0.1524));
#2237=CARTESIAN_POINT('Ctrl Pts',(5.68907770618868,-0.3048,0.1524));
#2238=CARTESIAN_POINT('Ctrl Pts',(5.76041616303927,-0.160612309944932,0.3048));
#2239=CARTESIAN_POINT('Ctrl Pts',(5.76041616303927,-0.160612309944932,0.268726502546357));
#2240=CARTESIAN_POINT('Ctrl Pts',(5.74517833503547,-0.190807053838934,0.185835981279885));
#2241=CARTESIAN_POINT('Ctrl Pts',(5.70926890107567,-0.263653805692005,0.1524));
#2242=CARTESIAN_POINT('Ctrl Pts',(5.68907770618868,-0.3048,0.1524));
#2243=CARTESIAN_POINT('Ctrl Pts',(5.74058989299181,-0.1524,0.3048));
#2244=CARTESIAN_POINT('Ctrl Pts',(5.74058989299181,-0.1524,0.268726502546357));
#2245=CARTESIAN_POINT('Ctrl Pts',(5.7300137563402,-0.18452567967568,0.185835981279885));
#2246=CARTESIAN_POINT('Ctrl Pts',(5.70389512837904,-0.261427916159951,0.1524));
#2247=CARTESIAN_POINT('Ctrl Pts',(5.68907770618868,-0.3048,0.1524));
#2248=CARTESIAN_POINT('Ctrl Pts',(5.72064077964151,-0.1524,0.3048));
#2249=CARTESIAN_POINT('Ctrl Pts',(5.72064077964151,-0.1524,0.270601519970923));
#2250=CARTESIAN_POINT('Ctrl Pts',(5.71487344481001,-0.180247155937929,0.190662440235739));
#2251=CARTESIAN_POINT('Ctrl Pts',(5.69852135568241,-0.259202026627897,0.1524));
#2252=CARTESIAN_POINT('Ctrl Pts',(5.68907770618868,-0.3048,0.1524));
#2253=CARTESIAN_POINT('',(5.72064077964151,-0.1524,0.3048));
#2254=CARTESIAN_POINT('',(5.68907770618868,-0.3048,0.1524));
#2255=CARTESIAN_POINT('Origin',(5.68907770618868,-0.3048,0.3048));
#2256=CARTESIAN_POINT('',(5.77452231636793,-0.174718463273585,0.3048));
#2257=CARTESIAN_POINT('Origin',(5.68907770618868,-0.3048,0.3048));
#2258=CARTESIAN_POINT('Origin',(5.72064077964151,-0.2286,0.3048));
#2259=CARTESIAN_POINT('Ctrl Pts',(6.29285,-0.724609220358489,0.3048));
#2260=CARTESIAN_POINT('Ctrl Pts',(6.29285,-0.724609220358489,0.270601519970923));
#2261=CARTESIAN_POINT('Ctrl Pts',(6.26499724746897,-0.730377714282377,0.190667104611496));
#2262=CARTESIAN_POINT('Ctrl Pts',(6.1860479733721,-0.746728644317594,0.1524));
#2263=CARTESIAN_POINT('Ctrl Pts',(6.14045,-0.75617229381132,0.1524));
#2264=CARTESIAN_POINT('Ctrl Pts',(6.29285,-0.704660107008194,0.3048));
#2265=CARTESIAN_POINT('Ctrl Pts',(6.29285,-0.704660107008194,0.268726502546357));
#2266=CARTESIAN_POINT('Ctrl Pts',(6.26071703673089,-0.715238753297117,0.18584289832144));
#2267=CARTESIAN_POINT('Ctrl Pts',(6.18382208384005,-0.741354871620964,0.1524));
#2268=CARTESIAN_POINT('Ctrl Pts',(6.14045,-0.75617229381132,0.1524));
#2269=CARTESIAN_POINT('Ctrl Pts',(6.28463769005507,-0.684833836960727,0.3048));
#2270=CARTESIAN_POINT('Ctrl Pts',(6.28463769005507,-0.684833836960727,0.268726502546357));
#2271=CARTESIAN_POINT('Ctrl Pts',(6.25443602130119,-0.700075040661264,0.18584289832144));
#2272=CARTESIAN_POINT('Ctrl Pts',(6.181596194308,-0.735981098924334,0.1524));
#2273=CARTESIAN_POINT('Ctrl Pts',(6.14045,-0.75617229381132,0.1524));
#2274=CARTESIAN_POINT('Ctrl Pts',(6.27053153672642,-0.670727683632074,0.3048));
#2275=CARTESIAN_POINT('Ctrl Pts',(6.27053153672642,-0.670727683632074,0.270601519970922));
#2276=CARTESIAN_POINT('Ctrl Pts',(6.2467577253662,-0.686343612650663,0.190667104611496));
#2277=CARTESIAN_POINT('Ctrl Pts',(6.17937030477594,-0.730607326227705,0.1524));
#2278=CARTESIAN_POINT('Ctrl Pts',(6.14045,-0.75617229381132,0.1524));
#2279=CARTESIAN_POINT('',(6.27053153672642,-0.670727683632074,0.3048));
#2280=CARTESIAN_POINT('',(6.14045,-0.75617229381132,0.1524));
#2281=CARTESIAN_POINT('Origin',(6.14045,-0.75617229381132,0.3048));
#2282=CARTESIAN_POINT('',(6.29285,-0.724609220358489,0.3048));
#2283=CARTESIAN_POINT('Origin',(6.14045,-0.75617229381132,0.3048));
#2284=CARTESIAN_POINT('Origin',(6.21665,-0.724609220358489,0.3048));
#2285=CARTESIAN_POINT('Ctrl Pts',(6.27053153672642,-3.29565073527508,0.277078178058347));
#2286=CARTESIAN_POINT('Ctrl Pts',(6.27053153672642,-3.28997615339439,0.267620541590525));
#2287=CARTESIAN_POINT('Ctrl Pts',(6.26875070896132,-3.28638016168691,0.258165915067637));
#2288=CARTESIAN_POINT('Ctrl Pts',(6.26530998830318,-3.28510696164458,0.249356356116693));
#2289=CARTESIAN_POINT('Ctrl Pts',(6.28463769005507,-3.28355480858674,0.284335734071349));
#2290=CARTESIAN_POINT('Ctrl Pts',(6.28346486255212,-3.27730804506718,0.27171492857777));
#2291=CARTESIAN_POINT('Ctrl Pts',(6.28039490393495,-3.2733916739723,0.259139663687201));
#2292=CARTESIAN_POINT('Ctrl Pts',(6.27548160489637,-3.27199804186848,0.247278225505739));
#2293=CARTESIAN_POINT('Ctrl Pts',(6.29285,-3.26655392227777,0.294536265856731));
#2294=CARTESIAN_POINT('Ctrl Pts',(6.29154885265268,-3.26057280278527,0.278274316226137));
#2295=CARTESIAN_POINT('Ctrl Pts',(6.28776038948188,-3.25681282253706,0.262290643122978));
#2296=CARTESIAN_POINT('Ctrl Pts',(6.28159525447018,-3.25547639586952,0.247278225505738));
#2297=CARTESIAN_POINT('Ctrl Pts',(6.29285,-3.24944769870566,0.3048));
#2298=CARTESIAN_POINT('Ctrl Pts',(6.29285,-3.24377311682496,0.285884727064356));
#2299=CARTESIAN_POINT('Ctrl Pts',(6.2892883444698,-3.24017712511749,0.266975474018579));
#2300=CARTESIAN_POINT('Ctrl Pts',(6.28240690315353,-3.23890392507516,0.249356356116691));
#2301=CARTESIAN_POINT('',(6.26530998830318,-3.28510696164458,0.249356356116691));
#2302=CARTESIAN_POINT('',(6.28240690315353,-3.23890392507516,0.249356356116691));
#2303=CARTESIAN_POINT('Origin',(6.21142845157677,-3.23890392507516,0.277078178058346));
#2304=CARTESIAN_POINT('',(6.27053153672642,-3.29565073527508,0.277078178058347));
#2305=CARTESIAN_POINT('Origin',(6.19433153672642,-3.38451444215252,0.277078178058347));
#2306=CARTESIAN_POINT('',(6.29285,-3.24944769870566,0.304800000000001));
#2307=CARTESIAN_POINT('Origin',(6.21665,-3.24944769870566,0.3048));
#2308=CARTESIAN_POINT('Origin',(6.14045,-3.3383114055831,0.3048));
#2309=CARTESIAN_POINT('Ctrl Pts',(6.26530998830318,-3.28510696164458,0.249356356116691));
#2310=CARTESIAN_POINT('Ctrl Pts',(6.24582874651867,-3.27380019271783,0.192647013339665));
#2311=CARTESIAN_POINT('Ctrl Pts',(6.19399881173048,-3.24371848116057,0.1524));
#2312=CARTESIAN_POINT('Ctrl Pts',(6.14045,-3.21263914611427,0.1524));
#2313=CARTESIAN_POINT('Ctrl Pts',(6.27548160489637,-3.27199804186848,0.247278225505738));
#2314=CARTESIAN_POINT('Ctrl Pts',(6.25287839552246,-3.26195889821343,0.18913601840605));
#2315=CARTESIAN_POINT('Ctrl Pts',(6.19644293464217,-3.23711343567388,0.1524));
#2316=CARTESIAN_POINT('Ctrl Pts',(6.14045,-3.21263914611427,0.1524));
#2317=CARTESIAN_POINT('Ctrl Pts',(6.28159525447018,-3.25547639586952,0.247278225505738));
#2318=CARTESIAN_POINT('Ctrl Pts',(6.2579016609911,-3.24838392751392,0.18913601840605));
#2319=CARTESIAN_POINT('Ctrl Pts',(6.19888705755385,-3.23050839018718,0.1524));
#2320=CARTESIAN_POINT('Ctrl Pts',(6.14045,-3.21263914611427,0.1524));
#2321=CARTESIAN_POINT('Ctrl Pts',(6.28240690315353,-3.23890392507516,0.249356356116691));
#2322=CARTESIAN_POINT('Ctrl Pts',(6.26025812041779,-3.2348059709082,0.192647013339665));
#2323=CARTESIAN_POINT('Ctrl Pts',(6.20133118046554,-3.22390334470049,0.1524));
#2324=CARTESIAN_POINT('Ctrl Pts',(6.14045,-3.21263914611427,0.1524));
#2325=CARTESIAN_POINT('',(6.14045,-3.21263914611427,0.1524));
#2326=CARTESIAN_POINT('Origin',(6.14045,-3.21263914611427,0.3048));
#2327=CARTESIAN_POINT('Origin',(6.14045,-3.21263914611427,0.3048));
#2328=CARTESIAN_POINT('Ctrl Pts',(5.72064077964151,-3.87659674714198,0.237873601494769));
#2329=CARTESIAN_POINT('Ctrl Pts',(5.72064077964151,-3.87421085464632,0.233897114002015));
#2330=CARTESIAN_POINT('Ctrl Pts',(5.72013223898461,-3.87190348644135,0.230051500327065));
#2331=CARTESIAN_POINT('Ctrl Pts',(5.71912231001038,-3.86970709436882,0.226390846872845));
#2332=CARTESIAN_POINT('Ctrl Pts',(5.7405898929918,-3.87659674714198,0.237873601494769));
#2333=CARTESIAN_POINT('Ctrl Pts',(5.7400302836266,-3.8734537204205,0.232652192481786));
#2334=CARTESIAN_POINT('Ctrl Pts',(5.73891408452931,-3.87042392752568,0.227577340107504));
#2335=CARTESIAN_POINT('Ctrl Pts',(5.73723408846253,-3.86750261695279,0.22271671784612));
#2336=CARTESIAN_POINT('Ctrl Pts',(5.76041616303927,-3.86955474946044,0.242098800103692));
#2337=CARTESIAN_POINT('Ctrl Pts',(5.75931636711486,-3.86607724486413,0.235390854949422));
#2338=CARTESIAN_POINT('Ctrl Pts',(5.75760075721723,-3.86263010016859,0.228908243622352));
#2339=CARTESIAN_POINT('Ctrl Pts',(5.75526104700156,-3.85921359243234,0.22271671784612));
#2340=CARTESIAN_POINT('Ctrl Pts',(5.77452231636792,-3.8574588227721,0.249356356116694));
#2341=CARTESIAN_POINT('Ctrl Pts',(5.77334333125196,-3.85406195887999,0.241403381131184));
#2342=CARTESIAN_POINT('Ctrl Pts',(5.77140155080914,-3.85052559769774,0.233712153781285));
#2343=CARTESIAN_POINT('Ctrl Pts',(5.76872428509408,-3.84689947616516,0.226390846872845));
#2344=CARTESIAN_POINT('',(5.71912231001038,-3.86970709436882,0.226390846872845));
#2345=CARTESIAN_POINT('',(5.76872428509408,-3.84689947616516,0.226390846872845));
#2346=CARTESIAN_POINT('Origin',(5.71912231001038,-3.80436613342953,0.265595423436422));
#2347=CARTESIAN_POINT('',(5.72064077964151,-3.87659674714198,0.237873601494769));
#2348=CARTESIAN_POINT('Origin',(5.61287770618868,-3.89322984030697,0.265595423436422));
#2349=CARTESIAN_POINT('',(5.77452231636792,-3.8574588227721,0.249356356116694));
#2350=CARTESIAN_POINT('Origin',(5.72064077964151,-3.81125578620268,0.277078178058347));
#2351=CARTESIAN_POINT('Origin',(5.61287770618868,-3.82788887936767,0.3048));
#2352=CARTESIAN_POINT('Ctrl Pts',(5.71912231001038,-3.86970709436882,0.226390846872844));
#2353=CARTESIAN_POINT('Ctrl Pts',(5.71293085730239,-3.84277676957895,0.181506972223058));
#2354=CARTESIAN_POINT('Ctrl Pts',(5.70111172715519,-3.79136831527766,0.1524));
#2355=CARTESIAN_POINT('Ctrl Pts',(5.68907770618868,-3.73902517249023,0.1524));
#2356=CARTESIAN_POINT('Ctrl Pts',(5.73723408846253,-3.86750261695279,0.22271671784612));
#2357=CARTESIAN_POINT('Ctrl Pts',(5.72656317941523,-3.8385355617282,0.177402551877573));
#2358=CARTESIAN_POINT('Ctrl Pts',(5.70773422761795,-3.78832320544377,0.1524));
#2359=CARTESIAN_POINT('Ctrl Pts',(5.68907770618868,-3.73902517249023,0.1524));
#2360=CARTESIAN_POINT('Ctrl Pts',(5.75526104700156,-3.85921359243234,0.22271671784612));
#2361=CARTESIAN_POINT('Ctrl Pts',(5.74021759331557,-3.83225708877409,0.177402551877573));
#2362=CARTESIAN_POINT('Ctrl Pts',(5.71435672808071,-3.78527809560987,0.1524));
#2363=CARTESIAN_POINT('Ctrl Pts',(5.68907770618868,-3.73902517249023,0.1524));
#2364=CARTESIAN_POINT('Ctrl Pts',(5.76872428509408,-3.84689947616516,0.226390846872844));
#2365=CARTESIAN_POINT('Ctrl Pts',(5.75231108725086,-3.82466923962834,0.181506972223057));
#2366=CARTESIAN_POINT('Ctrl Pts',(5.72097922854346,-3.78223298577597,0.1524));
#2367=CARTESIAN_POINT('Ctrl Pts',(5.68907770618868,-3.73902517249023,0.1524));
#2368=CARTESIAN_POINT('',(5.68907770618868,-3.73902517249023,0.1524));
#2369=CARTESIAN_POINT('Origin',(5.68907770618868,-3.73902517249023,0.3048));
#2370=CARTESIAN_POINT('Origin',(5.68907770618868,-3.73902517249023,0.3048));
#2371=CARTESIAN_POINT('Origin',(1.6113125,-3.73902517249023,0.3048));
#2372=CARTESIAN_POINT('',(1.6113125,-3.86970709436882,0.226390846872845));
#2373=CARTESIAN_POINT('',(1.6113125,-3.73902517249023,0.1524));
#2374=CARTESIAN_POINT('Origin',(5.65086722315769,-3.78358587017673,0.3048));
#2375=CARTESIAN_POINT('',(5.65086722315769,-3.78358587017673,0.1524));
#2376=CARTESIAN_POINT('',(5.75863029661052,-3.87599194331557,0.249356356116694));
#2377=CARTESIAN_POINT('Origin',(6.14045,-3.28803,0.3048));
#2378=CARTESIAN_POINT('',(6.14045,-3.28803,0.1524));
#2379=CARTESIAN_POINT('',(6.29285,-3.28803,0.3048));
#2380=CARTESIAN_POINT('Origin',(5.65711260309434,-0.272834896905659,0.3048));
#2381=CARTESIAN_POINT('',(5.65711260309434,-0.272834896905659,0.1524));
#2382=CARTESIAN_POINT('',(5.76487567654717,-0.16507182345283,0.3048));
#2383=CARTESIAN_POINT('Origin',(4.8339375,-0.3048,0.3048));
#2384=CARTESIAN_POINT('',(4.8339375,-0.3048,0.1524));
#2385=CARTESIAN_POINT('',(4.8339375,-0.1524,0.3048));
#2386=CARTESIAN_POINT('Origin',(0.788137396905659,-0.27283489690566,0.3048));
#2387=CARTESIAN_POINT('',(0.788137396905659,-0.27283489690566,0.1524));
#2388=CARTESIAN_POINT('',(0.68037432345283,-0.16507182345283,0.3048));
#2389=CARTESIAN_POINT('Origin',(0.3048,-1.09601,0.3048));
#2390=CARTESIAN_POINT('',(0.3048,-1.09601,0.1524));
#2391=CARTESIAN_POINT('',(0.1524,-1.09601,0.3048));
#2392=CARTESIAN_POINT('Origin',(0.651020278645838,-3.61639790407504,0.3048));
#2393=CARTESIAN_POINT('',(0.651020278645838,-3.61639790407504,0.1524));
#2394=CARTESIAN_POINT('',(0.543257205193008,-3.70880397721388,0.249356356116694));
#2395=CARTESIAN_POINT('Origin',(0.72460922035849,-0.2286,0.));
#2396=CARTESIAN_POINT('',(0.72460922035849,-0.1524,3.43408));
#2397=CARTESIAN_POINT('',(0.72460922035849,-0.1524,0.));
#2398=CARTESIAN_POINT('',(0.670727683632074,-0.174718463273585,3.43408));
#2399=CARTESIAN_POINT('Origin',(0.72460922035849,-0.2286,3.43408));
#2400=CARTESIAN_POINT('',(0.670727683632075,-0.174718463273585,0.));
#2401=CARTESIAN_POINT('Origin',(6.44525,-0.1524,0.));
#2402=CARTESIAN_POINT('',(5.72064077964151,-0.1524,3.43408));
#2403=CARTESIAN_POINT('',(5.72064077964151,-0.1524,0.));
#2404=CARTESIAN_POINT('',(4.8339375,-0.1524,3.43408));
#2405=CARTESIAN_POINT('Origin',(5.72064077964151,-0.2286,0.));
#2406=CARTESIAN_POINT('',(5.77452231636793,-0.174718463273585,3.43408));
#2407=CARTESIAN_POINT('',(5.77452231636793,-0.174718463273585,0.));
#2408=CARTESIAN_POINT('Origin',(5.72064077964151,-0.2286,3.43408));
#2409=CARTESIAN_POINT('Origin',(6.02252692654717,-0.42272307345283,0.));
#2410=CARTESIAN_POINT('',(6.27053153672642,-0.670727683632075,3.43408));
#2411=CARTESIAN_POINT('',(6.27053153672642,-0.670727683632075,0.));
#2412=CARTESIAN_POINT('',(5.76487567654717,-0.165071823452829,3.43408));
#2413=CARTESIAN_POINT('Origin',(6.21665,-0.72460922035849,0.));
#2414=CARTESIAN_POINT('',(6.29285,-0.72460922035849,3.43408));
#2415=CARTESIAN_POINT('',(6.29285,-0.72460922035849,0.));
#2416=CARTESIAN_POINT('Origin',(6.21665,-0.72460922035849,3.43408));
#2417=CARTESIAN_POINT('Origin',(6.29285,-4.38404,0.));
#2418=CARTESIAN_POINT('',(6.29285,-3.65943077964151,0.988105134893088));
#2419=CARTESIAN_POINT('',(6.29285,-3.38404595493063,0.529130427041621));
#2420=CARTESIAN_POINT('',(6.29285,-3.65943077964151,3.43408));
#2421=CARTESIAN_POINT('',(6.29285,-3.65943077964151,0.));
#2422=CARTESIAN_POINT('',(6.29285,-3.28803,3.43408));
#2423=CARTESIAN_POINT('Origin',(6.21665,-3.38404595493063,0.529130427041621));
#2424=CARTESIAN_POINT('',(6.27053153672641,-3.7030743161586,0.956117479530883));
#2425=CARTESIAN_POINT('',(6.27053153672641,-3.43024899150005,0.501408605099968));
#2426=CARTESIAN_POINT('',(6.28096591715923,-3.70029522384387,0.976786339112493));
#2427=CARTESIAN_POINT('Ctrl Pts',(6.28096591715922,-3.70029522384387,0.976786339112493));
#2428=CARTESIAN_POINT('Ctrl Pts',(6.27787855649008,-3.70161079594097,0.969534470782582));
#2429=CARTESIAN_POINT('Ctrl Pts',(6.27431251210707,-3.7025303504641,0.962559765226777));
#2430=CARTESIAN_POINT('Ctrl Pts',(6.27053153672641,-3.7030743161586,0.956117479530883));
#2431=CARTESIAN_POINT('Origin',(6.21665,-3.65943077964151,0.988105134893087));
#2432=CARTESIAN_POINT('Origin',(6.02252692654717,-3.61164677850815,0.321703932895112));
#2433=CARTESIAN_POINT('',(5.77452231636793,-4.19908353651709,0.818730879025008));
#2434=CARTESIAN_POINT('',(5.77452231636793,-3.79304456551624,0.141999260690257));
#2435=CARTESIAN_POINT('',(6.00487804925083,-3.96872780363419,0.882535723267516));
#2436=CARTESIAN_POINT('Origin',(5.72064077964151,-3.74684152894682,0.169721082631909));
#2437=CARTESIAN_POINT('',(5.72064077964151,-4.21716128125239,0.805481158345465));
#2438=CARTESIAN_POINT('',(5.72064077964151,-3.81218248988611,0.130516506068332));
#2439=CARTESIAN_POINT('',(5.7440553366399,-4.2279534369446,0.830633475598219));
#2440=CARTESIAN_POINT('Ctrl Pts',(5.74405533709439,-4.22795343673145,0.830633475267399));
#2441=CARTESIAN_POINT('Ctrl Pts',(5.73618977650115,-4.22541365062281,0.821464041512282));
#2442=CARTESIAN_POINT('Ctrl Pts',(5.72816388741069,-4.22163067325631,0.812930145018663));
#2443=CARTESIAN_POINT('Ctrl Pts',(5.72064077964151,-4.21716128125239,0.805481158345465));
#2444=CARTESIAN_POINT('',(5.76150522201979,-4.21975591780526,0.832904054357654));
#2445=CARTESIAN_POINT('Origin',(5.72064077964151,-4.15544,0.85071853438721));
#2446=CARTESIAN_POINT('Ctrl Pts',(5.77452231636793,-4.19908353651709,0.818730879025008));
#2447=CARTESIAN_POINT('Ctrl Pts',(5.77075602734706,-4.20607426177834,0.823061737759515));
#2448=CARTESIAN_POINT('Ctrl Pts',(5.76638676516139,-4.21309442247268,0.827829968833531));
#2449=CARTESIAN_POINT('Ctrl Pts',(5.76150522376016,-4.21975591727345,0.832904056730157));
#2450=CARTESIAN_POINT('Origin',(3.222625,-2.19202,0.1524));
#2451=CARTESIAN_POINT('Origin',(5.72064077964151,-4.15544,0.));
#2452=CARTESIAN_POINT('',(5.72064077964151,-4.23164,0.857753927096901));
#2453=CARTESIAN_POINT('Ctrl Pts',(5.72064077964151,-4.23164,0.857753927096901));
#2454=CARTESIAN_POINT('Ctrl Pts',(5.72816388725329,-4.23164,0.8490669906873));
#2455=CARTESIAN_POINT('Ctrl Pts',(5.73618977616537,-4.23049322285596,0.839802909223035));
#2456=CARTESIAN_POINT('Ctrl Pts',(5.74405533660066,-4.2279534368404,0.830633475660739));
#2457=CARTESIAN_POINT('',(5.72064077964151,-4.23164,3.43408));
#2458=CARTESIAN_POINT('',(5.72064077964151,-4.23164,0.));
#2459=CARTESIAN_POINT('',(5.77452231636793,-4.20932153672641,3.43408));
#2460=CARTESIAN_POINT('Origin',(5.72064077964151,-4.15544,3.43408));
#2461=CARTESIAN_POINT('',(5.77452231636793,-4.20932153672641,0.855693308280545));
#2462=CARTESIAN_POINT('',(5.77452231636793,-4.20932153672641,0.));
#2463=CARTESIAN_POINT('Ctrl Pts',(5.7615052222782,-4.21975591815401,0.832904054148407));
#2464=CARTESIAN_POINT('Ctrl Pts',(5.76638181542042,-4.21665747430927,0.840674474663008));
#2465=CARTESIAN_POINT('Ctrl Pts',(5.77074895366766,-4.21309489942668,0.848369199044508));
#2466=CARTESIAN_POINT('Ctrl Pts',(5.77452231636793,-4.20932153672641,0.855693308280545));
#2467=CARTESIAN_POINT('Origin',(0.,-4.13004,0.857753927096901));
#2468=CARTESIAN_POINT('',(0.72460922035849,-4.21716128125239,0.805481158345465));
#2469=CARTESIAN_POINT('',(0.,-4.21716128125239,0.805481158345465));
#2470=CARTESIAN_POINT('',(0.701194663113984,-4.2279534367887,0.83063347532228));
#2471=CARTESIAN_POINT('Ctrl Pts',(0.72460922035849,-4.21716128125239,0.805481158345465));
#2472=CARTESIAN_POINT('Ctrl Pts',(0.717113599061206,-4.22161434385875,0.812902929356054));
#2473=CARTESIAN_POINT('Ctrl Pts',(0.709067390232652,-4.22541133648253,0.821455686753267));
#2474=CARTESIAN_POINT('Ctrl Pts',(0.701194662956728,-4.22795343671495,0.830633475207814));
#2475=CARTESIAN_POINT('',(0.72460922035849,-4.23164,0.857753927096901));
#2476=CARTESIAN_POINT('Ctrl Pts',(0.70119466312756,-4.22795343675264,0.830633475343913));
#2477=CARTESIAN_POINT('Ctrl Pts',(0.70906739034901,-4.2304955369529,0.839811263731941));
#2478=CARTESIAN_POINT('Ctrl Pts',(0.717113599115422,-4.23164,0.849098729212043));
#2479=CARTESIAN_POINT('Ctrl Pts',(0.72460922035849,-4.23164,0.857753927096901));
#2480=CARTESIAN_POINT('',(0.,-4.23164,0.857753927096901));
#2481=CARTESIAN_POINT('Origin',(0.,-3.78091807812141,0.0784091531271551));
#2482=CARTESIAN_POINT('',(0.72460922035849,-3.52206219576847,-0.35301731746108));
#2483=CARTESIAN_POINT('Origin',(0.72460922035849,-3.45672123482917,-0.313812740897503));
#2484=CARTESIAN_POINT('',(0.670727683632074,-4.19908353651709,0.818730879025008));
#2485=CARTESIAN_POINT('',(0.670727683632074,-3.50292427139859,-0.341534562839156));
#2486=CARTESIAN_POINT('',(0.683744777980204,-4.21975591780526,0.832904054357658));
#2487=CARTESIAN_POINT('Ctrl Pts',(0.683744776239841,-4.21975591727345,0.832904056730157));
#2488=CARTESIAN_POINT('Ctrl Pts',(0.678872352180778,-4.21310686426565,0.827839445798238));
#2489=CARTESIAN_POINT('Ctrl Pts',(0.67450705036783,-4.20609853572847,0.823076775834249));
#2490=CARTESIAN_POINT('Ctrl Pts',(0.670727683632075,-4.19908353651709,0.818730879025008));
#2491=CARTESIAN_POINT('Origin',(0.72460922035849,-4.15544,0.850718534387212));
#2492=CARTESIAN_POINT('Origin',(0.72460922035849,-4.15544,0.));
#2493=CARTESIAN_POINT('',(0.670727683632075,-4.20932153672641,0.855693308280545));
#2494=CARTESIAN_POINT('Ctrl Pts',(0.670727683632075,-4.20932153672641,0.855693308280545));
#2495=CARTESIAN_POINT('Ctrl Pts',(0.674501046332345,-4.21309489942668,0.848369199044509));
#2496=CARTESIAN_POINT('Ctrl Pts',(0.678868184579576,-4.21665747430927,0.840674474663009));
#2497=CARTESIAN_POINT('Ctrl Pts',(0.683744777721796,-4.219755918154,0.832904054148411));
#2498=CARTESIAN_POINT('',(0.670727683632075,-4.20932153672641,3.43408));
#2499=CARTESIAN_POINT('',(0.670727683632075,-4.20932153672641,0.));
#2500=CARTESIAN_POINT('',(0.72460922035849,-4.23164,3.43408));
#2501=CARTESIAN_POINT('Origin',(0.72460922035849,-4.15544,3.43408));
#2502=CARTESIAN_POINT('',(0.72460922035849,-4.23164,0.));
#2503=CARTESIAN_POINT('Origin',(0.437004453075704,-3.83191420823294,0.940329990953934));
#2504=CARTESIAN_POINT('',(0.174718463273585,-3.7030743161586,0.956117479530883));
#2505=CARTESIAN_POINT('',(0.36516240410715,-3.89351825699217,0.903367561698397));
#2506=CARTESIAN_POINT('',(0.164284082840781,-3.70029522384389,0.976786339112529));
#2507=CARTESIAN_POINT('Ctrl Pts',(0.174718463273585,-3.7030743161586,0.956117479530883));
#2508=CARTESIAN_POINT('Ctrl Pts',(0.170937487892929,-3.7025303504641,0.962559765226785));
#2509=CARTESIAN_POINT('Ctrl Pts',(0.167371443509916,-3.70161079594097,0.969534470782598));
#2510=CARTESIAN_POINT('Ctrl Pts',(0.164284082840766,-3.70029522384386,0.976786339112518));
#2511=CARTESIAN_POINT('',(0.174718463273585,-3.71331231636792,0.99307990878642));
#2512=CARTESIAN_POINT('Ctrl Pts',(0.164284082840784,-3.70029522384388,0.976786339112531));
#2513=CARTESIAN_POINT('Ctrl Pts',(0.167364172635585,-3.70514292956831,0.982314857996226));
#2514=CARTESIAN_POINT('Ctrl Pts',(0.170921244009745,-3.70951509710408,0.987813031578095));
#2515=CARTESIAN_POINT('Ctrl Pts',(0.174718463273585,-3.71331231636792,0.99307990878642));
#2516=CARTESIAN_POINT('',(0.365162404107151,-3.90375625720149,0.940329990953934));
#2517=CARTESIAN_POINT('Origin',(0.42272307345283,-3.03140619027285,-0.645363714163711));
#2518=CARTESIAN_POINT('',(0.174718463273585,-2.55988810914711,-0.949192865488267));
#2519=CARTESIAN_POINT('Origin',(5.93303600028228,-3.90712375487496,0.919498152523053));
#2520=CARTESIAN_POINT('',(6.27053153672641,-3.71331231636793,0.99307990878642));
#2521=CARTESIAN_POINT('',(6.00487804925083,-3.97896580384351,0.919498152523053));
#2522=CARTESIAN_POINT('Ctrl Pts',(6.27053153672641,-3.71331231636793,0.99307990878642));
#2523=CARTESIAN_POINT('Ctrl Pts',(6.27432215869555,-3.70952169439879,0.987822182258819));
#2524=CARTESIAN_POINT('Ctrl Pts',(6.27788273806855,-3.70514779176333,0.982320403039281));
#2525=CARTESIAN_POINT('Ctrl Pts',(6.28096591715923,-3.70029522384386,0.976786339112502));
#2526=CARTESIAN_POINT('Origin',(6.02252692654717,-3.96131692654717,0.));
#2527=CARTESIAN_POINT('',(6.27053153672641,-3.71331231636793,3.43408));
#2528=CARTESIAN_POINT('',(5.76487567654717,-4.21896817654717,3.43408));
#2529=CARTESIAN_POINT('',(6.27053153672641,-3.71331231636793,0.));
#2530=CARTESIAN_POINT('Origin',(0.42272307345283,-3.96131692654717,0.));
#2531=CARTESIAN_POINT('',(0.174718463273585,-3.71331231636792,3.43408));
#2532=CARTESIAN_POINT('',(0.174718463273585,-3.71331231636792,0.));
#2533=CARTESIAN_POINT('',(0.68037432345283,-4.21896817654717,3.43408));
#2534=CARTESIAN_POINT('Origin',(6.21665,-3.65943077964151,0.));
#2535=CARTESIAN_POINT('Origin',(6.21665,-3.65943077964151,3.43408));
#2536=CARTESIAN_POINT('Origin',(0.2286,-2.51368507257769,-0.921471043546614));
#2537=CARTESIAN_POINT('',(0.1524,-3.65943077964151,0.988105134893088));
#2538=CARTESIAN_POINT('',(0.1524,-2.51368507257769,-0.921471043546614));
#2539=CARTESIAN_POINT('Origin',(0.2286,-3.65943077964151,0.988105134893088));
#2540=CARTESIAN_POINT('Origin',(0.2286,-3.65943077964151,0.));
#2541=CARTESIAN_POINT('',(0.1524,-3.65943077964151,3.43408));
#2542=CARTESIAN_POINT('',(0.1524,-3.65943077964151,0.));
#2543=CARTESIAN_POINT('Origin',(0.2286,-3.65943077964151,3.43408));
#2544=CARTESIAN_POINT('Origin',(0.1524,0.,0.));
#2545=CARTESIAN_POINT('',(0.1524,-0.72460922035849,3.43408));
#2546=CARTESIAN_POINT('',(0.1524,-0.72460922035849,0.));
#2547=CARTESIAN_POINT('',(0.1524,-1.09601,3.43408));
#2548=CARTESIAN_POINT('Origin',(0.2286,-0.72460922035849,0.));
#2549=CARTESIAN_POINT('',(0.174718463273585,-0.670727683632075,3.43408));
#2550=CARTESIAN_POINT('',(0.174718463273585,-0.670727683632075,0.));
#2551=CARTESIAN_POINT('Origin',(0.2286,-0.72460922035849,3.43408));
#2552=CARTESIAN_POINT('Origin',(0.42272307345283,-0.42272307345283,0.));
#2553=CARTESIAN_POINT('',(0.680374323452829,-0.16507182345283,3.43408));
#2554=CARTESIAN_POINT('Origin',(0.,-4.23164,0.));
#2555=CARTESIAN_POINT('',(1.6113125,-4.23164,3.43408));
#2556=CARTESIAN_POINT('Origin',(1.6113125,-3.83969382187093,0.127));
#2557=CARTESIAN_POINT('',(5.76272487757862,-3.83969382187093,0.));
#2558=CARTESIAN_POINT('',(5.76272487757862,-3.94859542343642,0.0616590390607041));
#2559=CARTESIAN_POINT('Origin',(5.76272487757862,-3.83969382187093,0.127));
#2560=CARTESIAN_POINT('',(0.682525122421383,-3.94859542343642,0.0616590390607042));
#2561=CARTESIAN_POINT('',(1.6113125,-3.94859542343642,0.0616590390607042));
#2562=CARTESIAN_POINT('',(0.682525122421383,-3.83969382187093,0.));
#2563=CARTESIAN_POINT('Origin',(0.682525122421383,-3.83969382187093,0.127));
#2564=CARTESIAN_POINT('',(1.6113125,-3.83969382187093,0.));
#2565=CARTESIAN_POINT('Origin',(5.74305322462459,-3.86263471428433,0.127));
#2566=CARTESIAN_POINT('',(5.85252743878931,-3.91669888281996,0.0807969634305786));
#2567=CARTESIAN_POINT('Origin',(5.76272487757862,-3.83969382187093,0.127));
#2568=CARTESIAN_POINT('',(6.31825,-3.1918457688275,0.));
#2569=CARTESIAN_POINT('',(5.74305322462459,-3.86263471428433,0.));
#2570=CARTESIAN_POINT('',(6.40805256121069,-3.26885082977654,0.0807969634305786));
#2571=CARTESIAN_POINT('Origin',(6.31825,-3.1918457688275,0.127));
#2572=CARTESIAN_POINT('',(5.83285578583529,-3.93963977523336,0.0807969634305786));
#2573=CARTESIAN_POINT('Origin',(5.76272487757862,-3.83969382187093,0.127));
#2574=CARTESIAN_POINT('Origin',(5.76272487757862,-3.83969382187093,0.127));
#2575=CARTESIAN_POINT('Origin',(6.31825,-3.28803,0.127));
#2576=CARTESIAN_POINT('',(6.31825,-0.682525122421383,0.));
#2577=CARTESIAN_POINT('',(6.44525,-0.682525122421384,0.127));
#2578=CARTESIAN_POINT('Origin',(6.31825,-0.682525122421383,0.127));
#2579=CARTESIAN_POINT('',(6.44525,-3.1918457688275,0.127));
#2580=CARTESIAN_POINT('',(6.44525,-3.28803,0.127));
#2581=CARTESIAN_POINT('Origin',(6.31825,-3.1918457688275,0.127));
#2582=CARTESIAN_POINT('',(6.31825,-3.28803,0.));
#2583=CARTESIAN_POINT('Origin',(6.31825,-3.1918457688275,0.127));
#2584=CARTESIAN_POINT('Origin',(6.31825,-3.1918457688275,0.127000000000001));
#2585=CARTESIAN_POINT('Origin',(5.78283618878931,-0.147111311210691,0.127));
#2586=CARTESIAN_POINT('',(6.40805256121069,-0.592722561210692,0.127));
#2587=CARTESIAN_POINT('Origin',(6.31825,-0.682525122421384,0.127));
#2588=CARTESIAN_POINT('',(5.76272487757862,-0.127,0.));
#2589=CARTESIAN_POINT('',(5.78283618878931,-0.147111311210691,0.));
#2590=CARTESIAN_POINT('',(5.85252743878931,-0.037197438789308,0.127));
#2591=CARTESIAN_POINT('Origin',(5.76272487757862,-0.127,0.127));
#2592=CARTESIAN_POINT('',(5.87263875,-0.0573087499999996,0.127));
#2593=CARTESIAN_POINT('Origin',(6.31825,-0.682525122421384,0.127));
#2594=CARTESIAN_POINT('Origin',(6.31825,-0.682525122421384,0.127));
#2595=CARTESIAN_POINT('Origin',(4.8339375,-0.127,0.127));
#2596=CARTESIAN_POINT('',(0.682525122421382,-0.127,0.));
#2597=CARTESIAN_POINT('',(0.682525122421382,0.,0.127));
#2598=CARTESIAN_POINT('Origin',(0.682525122421382,-0.127,0.127));
#2599=CARTESIAN_POINT('',(5.76272487757862,0.,0.127));
#2600=CARTESIAN_POINT('',(4.8339375,0.,0.127));
#2601=CARTESIAN_POINT('Origin',(5.76272487757862,-0.127,0.127));
#2602=CARTESIAN_POINT('',(4.8339375,-0.127,0.));
#2603=CARTESIAN_POINT('Origin',(5.76272487757862,-0.127,0.127));
#2604=CARTESIAN_POINT('Origin',(5.76272487757862,-0.127,0.127));
#2605=CARTESIAN_POINT('Origin',(0.662413811210691,-0.147111311210691,0.127));
#2606=CARTESIAN_POINT('',(0.592722561210691,-0.0371974387893088,0.127));
#2607=CARTESIAN_POINT('Origin',(0.682525122421382,-0.127,0.127));
#2608=CARTESIAN_POINT('',(0.127,-0.682525122421383,0.));
#2609=CARTESIAN_POINT('',(0.662413811210691,-0.147111311210691,0.));
#2610=CARTESIAN_POINT('',(0.0371974387893085,-0.592722561210692,0.127));
#2611=CARTESIAN_POINT('Origin',(0.127,-0.682525122421383,0.127));
#2612=CARTESIAN_POINT('',(0.57261125,-0.05730875,0.127));
#2613=CARTESIAN_POINT('Origin',(0.682525122421382,-0.127,0.127));
#2614=CARTESIAN_POINT('Origin',(0.682525122421382,-0.127,0.127));
#2615=CARTESIAN_POINT('Origin',(0.127,-1.09601,0.127));
#2616=CARTESIAN_POINT('',(0.127,-3.1918457688275,0.));
#2617=CARTESIAN_POINT('',(0.,-3.1918457688275,0.127));
#2618=CARTESIAN_POINT('Origin',(0.127,-3.1918457688275,0.127));
#2619=CARTESIAN_POINT('',(0.,-0.682525122421383,0.127));
#2620=CARTESIAN_POINT('',(0.,-1.09601,0.127));
#2621=CARTESIAN_POINT('Origin',(0.127,-0.682525122421383,0.127));
#2622=CARTESIAN_POINT('',(0.127,-1.09601,0.));
#2623=CARTESIAN_POINT('Origin',(0.127,-0.682525122421383,0.127));
#2624=CARTESIAN_POINT('Origin',(0.127,-0.682525122421383,0.127));
#2625=CARTESIAN_POINT('Origin',(0.558834277178934,-3.69544674818263,0.127));
#2626=CARTESIAN_POINT('',(0.0371974387893084,-3.26885082977654,0.0807969634305785));
#2627=CARTESIAN_POINT('Origin',(0.127,-3.1918457688275,0.127));
#2628=CARTESIAN_POINT('',(0.558834277178934,-3.69544674818263,0.));
#2629=CARTESIAN_POINT('',(0.592722561210691,-3.91669888281996,0.0807969634305786));
#2630=CARTESIAN_POINT('Origin',(0.682525122421383,-3.83969382187093,0.127));
#2631=CARTESIAN_POINT('',(0.469031715968242,-3.77245180913167,0.0807969634305786));
#2632=CARTESIAN_POINT('Origin',(0.127,-3.1918457688275,0.127));
#2633=CARTESIAN_POINT('Origin',(0.127,-3.1918457688275,0.127));
#2634=CARTESIAN_POINT('Origin',(0.682525122421383,-3.83969382187093,0.127));
#2635=CARTESIAN_POINT('Origin',(0.682525122421383,-3.83969382187093,0.127));
#2636=CARTESIAN_POINT('Origin',(5.76272487757862,-0.127,0.));
#2637=CARTESIAN_POINT('',(5.76272487757862,0.,3.43408));
#2638=CARTESIAN_POINT('',(5.76272487757862,0.,0.));
#2639=CARTESIAN_POINT('',(5.85252743878931,-0.037197438789308,3.43408));
#2640=CARTESIAN_POINT('Origin',(5.76272487757862,-0.127,3.43408));
#2641=CARTESIAN_POINT('',(5.85252743878931,-0.037197438789308,0.));
#2642=CARTESIAN_POINT('Origin',(6.44525,0.,0.));
#2643=CARTESIAN_POINT('',(0.682525122421382,0.,3.43408));
#2644=CARTESIAN_POINT('',(0.682525122421382,0.,0.));
#2645=CARTESIAN_POINT('',(0.,0.,3.43408));
#2646=CARTESIAN_POINT('Origin',(0.682525122421382,-0.127,0.));
#2647=CARTESIAN_POINT('',(0.592722561210691,-0.0371974387893085,3.43408));
#2648=CARTESIAN_POINT('',(0.592722561210691,-0.0371974387893088,0.));
#2649=CARTESIAN_POINT('Origin',(0.682525122421382,-0.127,3.43408));
#2650=CARTESIAN_POINT('Origin',(0.31496,-0.31496,0.));
#2651=CARTESIAN_POINT('',(0.037197438789308,-0.592722561210691,3.43408));
#2652=CARTESIAN_POINT('',(0.0371974387893085,-0.592722561210692,0.));
#2653=CARTESIAN_POINT('',(0.572611249999999,-0.0573087499999998,3.43408));
#2654=CARTESIAN_POINT('Origin',(0.127,-0.682525122421383,0.));
#2655=CARTESIAN_POINT('',(0.,-0.682525122421383,3.43408));
#2656=CARTESIAN_POINT('',(0.,-0.682525122421383,0.));
#2657=CARTESIAN_POINT('Origin',(0.127,-0.682525122421383,3.43408));
#2658=CARTESIAN_POINT('Origin',(0.,0.,0.));
#2659=CARTESIAN_POINT('',(0.,-3.70151487757862,0.97644851458519));
#2660=CARTESIAN_POINT('',(0.,-2.54977188884375,-0.943123133306252));
#2661=CARTESIAN_POINT('',(0.,-3.70151487757862,3.43408));
#2662=CARTESIAN_POINT('',(0.,-3.70151487757862,0.));
#2663=CARTESIAN_POINT('',(0.,-4.38404,3.43408));
#2664=CARTESIAN_POINT('Origin',(0.127,-2.54977188884375,-0.943123133306252));
#2665=CARTESIAN_POINT('',(0.0371974387893085,-3.765722438266,0.908916310913009));
#2666=CARTESIAN_POINT('',(0.0371974387893084,-2.62677694979279,-0.989326169875673));
#2667=CARTESIAN_POINT('',(0.0165634547773265,-3.76422667454921,0.959078352411239));
#2668=CARTESIAN_POINT('Ctrl Pts',(0.0371974387893085,-3.765722438266,0.908916310913009));
#2669=CARTESIAN_POINT('Ctrl Pts',(0.0295385147461003,-3.76609421679306,
0.924422214345525));
#2670=CARTESIAN_POINT('Ctrl Pts',(0.0223987948950553,-3.76562122120323,
0.941429383308504));
#2671=CARTESIAN_POINT('Ctrl Pts',(0.0165634547773243,-3.7642266745492,0.959078352411238));
#2672=CARTESIAN_POINT('Origin',(0.127,-3.70151487757862,0.97644851458519));
#2673=CARTESIAN_POINT('Origin',(0.31496,-3.12381226341169,-0.700807358047017));
#2674=CARTESIAN_POINT('',(0.592722561210691,-4.32124756068738,0.755044759876271));
#2675=CARTESIAN_POINT('',(0.592722561210691,-3.6208475770306,-0.412288546218361));
#2676=CARTESIAN_POINT('',(0.25739933065432,-3.98592433013101,0.847923917815092));
#2677=CARTESIAN_POINT('Origin',(3.222625,-2.19202,0.));
#2678=CARTESIAN_POINT('Origin',(5.76272487757862,-3.83396281019921,0.117448313880472));
#2679=CARTESIAN_POINT('',(5.85252743878931,-4.32124756068738,0.755044759876271));
#2680=CARTESIAN_POINT('',(5.85252743878931,-3.91096787114825,0.0712452773110509));
#2681=CARTESIAN_POINT('',(5.82543667410851,-4.3674765453296,0.791987810757049));
#2682=CARTESIAN_POINT('Ctrl Pts',(5.85252743878931,-4.32124756068738,0.75504475987627));
#2683=CARTESIAN_POINT('Ctrl Pts',(5.84487188412847,-4.33693028497999,0.766302910045381));
#2684=CARTESIAN_POINT('Ctrl Pts',(5.83575198297589,-4.35270351405908,0.778751192921895));
#2685=CARTESIAN_POINT('Ctrl Pts',(5.82543667459227,-4.367476545161,0.791987811322208));
#2686=CARTESIAN_POINT('',(5.81022251446706,-4.3748235917726,0.789952797308248));
#2687=CARTESIAN_POINT('Origin',(5.76272487757862,-4.25704,0.822576963548451));
#2688=CARTESIAN_POINT('',(5.76272487757862,-4.34784320313099,0.72707200521831));
#2689=CARTESIAN_POINT('Ctrl Pts',(5.81022251447967,-4.37482359176712,0.789952797301101));
#2690=CARTESIAN_POINT('Ctrl Pts',(5.79446722942727,-4.3684700853291,0.767014623101095));
#2691=CARTESIAN_POINT('Ctrl Pts',(5.7779530499011,-4.35892332600817,0.745538876680282));
#2692=CARTESIAN_POINT('Ctrl Pts',(5.76272487757862,-4.34784320313099,0.72707200521831));
#2693=CARTESIAN_POINT('',(5.76272487757862,-3.94286441176471,0.0521073529411765));
#2694=CARTESIAN_POINT('Origin',(5.93303600028228,-3.90712375487496,0.919498152523053));
#2695=CARTESIAN_POINT('',(6.40805256121069,-3.765722438266,0.908916310913009));
#2696=CARTESIAN_POINT('',(6.11264112270366,-4.06113387677303,0.82709207938421));
#2697=CARTESIAN_POINT('',(6.42868654522267,-3.76422667454921,0.959078352411246));
#2698=CARTESIAN_POINT('Ctrl Pts',(6.42868654522268,-3.7642266745492,0.959078352411243));
#2699=CARTESIAN_POINT('Ctrl Pts',(6.42285120510495,-3.76562122120323,0.941429383308507));
#2700=CARTESIAN_POINT('Ctrl Pts',(6.4157114852539,-3.76609421679306,0.924422214345526));
#2701=CARTESIAN_POINT('Ctrl Pts',(6.40805256121069,-3.765722438266,0.908916310913009));
#2702=CARTESIAN_POINT('',(6.40805256121069,-3.79131743878931,1.00132238405185));
#2703=CARTESIAN_POINT('Ctrl Pts',(6.40805256121069,-3.79131743878931,1.00132238405185));
#2704=CARTESIAN_POINT('Ctrl Pts',(6.41573101971098,-3.78363898028902,0.987800502603461));
#2705=CARTESIAN_POINT('Ctrl Pts',(6.42285621284562,-3.7744939894138,0.973482358459416));
#2706=CARTESIAN_POINT('Ctrl Pts',(6.42868654522267,-3.76422667454921,0.959078352411247));
#2707=CARTESIAN_POINT('',(5.85252743878931,-4.34684256121069,0.847450833015114));
#2708=CARTESIAN_POINT('',(6.11264112270366,-4.08672887729634,0.919498152523053));
#2709=CARTESIAN_POINT('Ctrl Pts',(5.82543667417748,-4.36747654543376,0.791987810694554));
#2710=CARTESIAN_POINT('Ctrl Pts',(5.83576424679298,-4.36161199551797,0.810961310547428));
#2711=CARTESIAN_POINT('Ctrl Pts',(5.8449003105519,-4.3544696894481,0.829794160494568));
#2712=CARTESIAN_POINT('Ctrl Pts',(5.85252743878931,-4.34684256121069,0.847450833015114));
#2713=CARTESIAN_POINT('Origin',(6.13029,-3.70405285164699,0.266260289011807));
#2714=CARTESIAN_POINT('',(6.40805256121069,-3.49713783214573,0.461275300712563));
#2715=CARTESIAN_POINT('Origin',(0.682525122421383,-3.54384251608157,-0.366085509648939));
#2716=CARTESIAN_POINT('',(0.682525122421383,-4.34784320313099,0.72707200521831));
#2717=CARTESIAN_POINT('',(0.682525122421383,-3.65274411764706,-0.431426470588235));
#2718=CARTESIAN_POINT('',(0.63502748553294,-4.3748235917726,0.789952797308247));
#2719=CARTESIAN_POINT('Ctrl Pts',(0.682525122421383,-4.34784320313099,0.72707200521831));
#2720=CARTESIAN_POINT('Ctrl Pts',(0.667433708332739,-4.358823819777,0.745373032961666));
#2721=CARTESIAN_POINT('Ctrl Pts',(0.650962264545241,-4.36836596023365,0.766782071561518));
#2722=CARTESIAN_POINT('Ctrl Pts',(0.635207375366195,-4.37475095878253,0.789690977454704));
#2723=CARTESIAN_POINT('Ctrl Pts',(0.635117417046557,-4.37478732580754,0.789821865679882));
#2724=CARTESIAN_POINT('Ctrl Pts',(0.635027485520329,-4.37482359176712,0.789952797301102));
#2725=CARTESIAN_POINT('',(0.619813325891492,-4.3674765453296,0.791987810757052));
#2726=CARTESIAN_POINT('Origin',(0.682525122421383,-4.25704,0.822576963548451));
#2727=CARTESIAN_POINT('Ctrl Pts',(0.619813325407734,-4.367476545161,0.791987811322209));
#2728=CARTESIAN_POINT('Ctrl Pts',(0.609493144482038,-4.3526965358658,0.77874494046897));
#2729=CARTESIAN_POINT('Ctrl Pts',(0.600369130342851,-4.33691187774823,0.766289696054272));
#2730=CARTESIAN_POINT('Ctrl Pts',(0.592722561210691,-4.32124756068738,0.755044759876271));
#2731=CARTESIAN_POINT('Origin',(0.437004453075704,-3.83191420823294,0.940329990953934));
#2732=CARTESIAN_POINT('',(0.592722561210692,-4.34684256121069,0.847450833015113));
#2733=CARTESIAN_POINT('Ctrl Pts',(0.592722561210692,-4.34684256121069,0.847450833015113));
#2734=CARTESIAN_POINT('Ctrl Pts',(0.600349689448097,-4.3544696894481,0.829794160494568));
#2735=CARTESIAN_POINT('Ctrl Pts',(0.609485753207018,-4.36161199551797,0.810961310547431));
#2736=CARTESIAN_POINT('Ctrl Pts',(0.619813325822515,-4.36747654543376,0.791987810694557));
#2737=CARTESIAN_POINT('',(0.037197438789309,-3.79131743878931,1.00132238405185));
#2738=CARTESIAN_POINT('',(0.257399330654321,-4.01151933065432,0.940329990953934));
#2739=CARTESIAN_POINT('Ctrl Pts',(0.0165634547773267,-3.76422667454921,
0.959078352411239));
#2740=CARTESIAN_POINT('Ctrl Pts',(0.0223987948950574,-3.77450280813064,
0.973494730228708));
#2741=CARTESIAN_POINT('Ctrl Pts',(0.0295385147461014,-3.7836585147461,0.987834903077555));
#2742=CARTESIAN_POINT('Ctrl Pts',(0.0371974387893086,-3.79131743878931,
1.00132238405185));
#2743=CARTESIAN_POINT('Origin',(0.127,-3.70151487757862,0.));
#2744=CARTESIAN_POINT('',(0.0371974387893085,-3.79131743878931,3.43408));
#2745=CARTESIAN_POINT('',(0.0371974387893087,-3.79131743878931,0.));
#2746=CARTESIAN_POINT('Origin',(0.127,-3.70151487757862,3.43408));
#2747=CARTESIAN_POINT('Origin',(6.13029,-0.31496,0.));
#2748=CARTESIAN_POINT('',(6.40805256121069,-0.592722561210692,3.43408));
#2749=CARTESIAN_POINT('',(5.87263875,-0.0573087499999998,3.43408));
#2750=CARTESIAN_POINT('',(6.40805256121069,-0.592722561210692,0.));
#2751=CARTESIAN_POINT('Origin',(3.222625,-2.19202,3.43408));
#2752=CARTESIAN_POINT('',(0.592722561210691,-4.34684256121069,3.43408));
#2753=CARTESIAN_POINT('',(0.57261125,-4.32673125,3.43408));
#2754=CARTESIAN_POINT('',(0.682525122421383,-4.38404,3.43408));
#2755=CARTESIAN_POINT('Origin',(0.682525122421383,-4.25704,3.43408));
#2756=CARTESIAN_POINT('',(5.76272487757862,-4.38404,3.43408));
#2757=CARTESIAN_POINT('',(6.44525,-4.38404,3.43408));
#2758=CARTESIAN_POINT('',(5.85252743878931,-4.34684256121069,3.43408));
#2759=CARTESIAN_POINT('Origin',(5.76272487757862,-4.25704,3.43408));
#2760=CARTESIAN_POINT('',(6.40805256121069,-3.79131743878931,3.43408));
#2761=CARTESIAN_POINT('',(5.87263875,-4.32673125,3.43408));
#2762=CARTESIAN_POINT('',(6.44525,-3.70151487757861,3.43408));
#2763=CARTESIAN_POINT('Origin',(6.31825,-3.70151487757861,3.43408));
#2764=CARTESIAN_POINT('',(6.44525,-0.682525122421384,3.43408));
#2765=CARTESIAN_POINT('',(6.44525,0.,3.43408));
#2766=CARTESIAN_POINT('Origin',(6.31825,-0.682525122421384,3.43408));
#2767=CARTESIAN_POINT('Origin',(6.31825,-0.682525122421384,0.));
#2768=CARTESIAN_POINT('',(6.44525,-0.682525122421384,0.));
#2769=CARTESIAN_POINT('Origin',(6.44525,-4.38404,0.));
#2770=CARTESIAN_POINT('',(6.44525,-3.70151487757861,0.976448514585188));
#2771=CARTESIAN_POINT('',(6.44525,-3.70151487757861,0.));
#2772=CARTESIAN_POINT('',(6.44525,-3.42013277119669,0.507478337281985));
#2773=CARTESIAN_POINT('Origin',(6.31825,-3.42013277119669,0.507478337281985));
#2774=CARTESIAN_POINT('Origin',(6.31825,-3.70151487757861,0.976448514585188));
#2775=CARTESIAN_POINT('Origin',(6.31825,-3.70151487757861,0.));
#2776=CARTESIAN_POINT('',(6.40805256121069,-3.79131743878931,0.));
#2777=CARTESIAN_POINT('Origin',(5.76272487757862,-4.25704,0.));
#2778=CARTESIAN_POINT('',(5.85252743878931,-4.34684256121069,0.));
#2779=CARTESIAN_POINT('',(5.76272487757862,-4.38404,0.857753927096901));
#2780=CARTESIAN_POINT('',(5.76272487757862,-4.38404,0.));
#2781=CARTESIAN_POINT('Ctrl Pts',(5.76272487757862,-4.38404,0.857753927096901));
#2782=CARTESIAN_POINT('Ctrl Pts',(5.77795304989658,-4.38404,0.836218039274681));
#2783=CARTESIAN_POINT('Ctrl Pts',(5.79446722941747,-4.38117709820481,0.812890971503164));
#2784=CARTESIAN_POINT('Ctrl Pts',(5.81022251446565,-4.3748235917696,0.789952797310047));
#2785=CARTESIAN_POINT('Origin',(0.,-4.13004,0.857753927096901));
#2786=CARTESIAN_POINT('',(0.682525122421383,-4.38404,0.857753927096901));
#2787=CARTESIAN_POINT('',(0.,-4.38404,0.857753927096901));
#2788=CARTESIAN_POINT('Ctrl Pts',(0.63502748553435,-4.3748235917696,0.789952797310046));
#2789=CARTESIAN_POINT('Ctrl Pts',(0.650782770582524,-4.38117709820481,0.812890971503164));
#2790=CARTESIAN_POINT('Ctrl Pts',(0.667296950103418,-4.38404,0.83621803927468));
#2791=CARTESIAN_POINT('Ctrl Pts',(0.682525122421383,-4.38404,0.857753927096901));
#2792=CARTESIAN_POINT('',(0.,-4.34784320313099,0.72707200521831));
#2793=CARTESIAN_POINT('Origin',(0.,-4.38404,0.));
#2794=CARTESIAN_POINT('',(0.682525122421383,-4.38404,0.));
#2795=CARTESIAN_POINT('Origin',(0.31496,-4.06908,0.));
#2796=CARTESIAN_POINT('',(0.592722561210692,-4.34684256121069,0.));
#2797=CARTESIAN_POINT('Origin',(0.682525122421383,-4.25704,0.));
#2798=CARTESIAN_POINT('Origin',(6.13029,-4.06908,0.));
#2799=CARTESIAN_POINT('Origin',(0.,-3.9116,0.));
#2800=UNCERTAINTY_MEASURE_WITH_UNIT(LENGTH_MEASURE(0.001),#2804,
'DISTANCE_ACCURACY_VALUE',
'Maximum model space distance between geometric entities at asserted c
onnectivities');
#2801=UNCERTAINTY_MEASURE_WITH_UNIT(LENGTH_MEASURE(0.001),#2804,
'DISTANCE_ACCURACY_VALUE',
'Maximum model space distance between geometric entities at asserted c
onnectivities');
#2802=(
GEOMETRIC_REPRESENTATION_CONTEXT(3)
GLOBAL_UNCERTAINTY_ASSIGNED_CONTEXT((#2800))
GLOBAL_UNIT_ASSIGNED_CONTEXT((#2804,#2806,#2807))
REPRESENTATION_CONTEXT('','3D')
);
#2803=(
GEOMETRIC_REPRESENTATION_CONTEXT(3)
GLOBAL_UNCERTAINTY_ASSIGNED_CONTEXT((#2801))
GLOBAL_UNIT_ASSIGNED_CONTEXT((#2804,#2806,#2807))
REPRESENTATION_CONTEXT('','3D')
);
#2804=(
LENGTH_UNIT()
NAMED_UNIT(*)
SI_UNIT(.CENTI.,.METRE.)
);
#2805=(
LENGTH_UNIT()
NAMED_UNIT(*)
SI_UNIT($,.METRE.)
);
#2806=(
NAMED_UNIT(*)
PLANE_ANGLE_UNIT()
SI_UNIT($,.RADIAN.)
);
#2807=(
NAMED_UNIT(*)
SI_UNIT($,.STERADIAN.)
SOLID_ANGLE_UNIT()
);
#2808=SHAPE_DEFINITION_REPRESENTATION(#2809,#2810);
#2809=PRODUCT_DEFINITION_SHAPE('',$,#2812);
#2810=SHAPE_REPRESENTATION('',(#1494),#2802);
#2811=PRODUCT_DEFINITION_CONTEXT('part definition',#2816,'design');
#2812=PRODUCT_DEFINITION('2026-07-26-15-44-31-426',
'MKE Packout Insert - Wide Bin Center',#2813,#2811);
#2813=PRODUCT_DEFINITION_FORMATION('',$,#2818);
#2814=PRODUCT_RELATED_PRODUCT_CATEGORY(
'MKE Packout Insert - Wide Bin Center',
'MKE Packout Insert - Wide Bin Center',(#2818));
#2815=APPLICATION_PROTOCOL_DEFINITION('international standard',
'automotive_design',2009,#2816);
#2816=APPLICATION_CONTEXT(
'Core Data for Automotive Mechanical Design Process');
#2817=PRODUCT_CONTEXT('part definition',#2816,'mechanical');
#2818=PRODUCT('2026-07-26-15-44-31-426',
'MKE Packout Insert - Wide Bin Center',$,(#2817));
#2819=PRESENTATION_STYLE_ASSIGNMENT((#2820));
#2820=SURFACE_STYLE_USAGE(.BOTH.,#2821);
#2821=SURFACE_SIDE_STYLE('',(#2822));
#2822=SURFACE_STYLE_FILL_AREA(#2823);
#2823=FILL_AREA_STYLE('Steel - Satin',(#2824));
#2824=FILL_AREA_STYLE_COLOUR('Steel - Satin',#2825);
#2825=COLOUR_RGB('Steel - Satin',0.627450980392157,0.627450980392157,0.627450980392157);
ENDSEC;
END-ISO-10303-21;
