ISO-10303-21;
HEADER;
/* Generated by software containing ST-Developer
 * from STEP Tools, Inc. (www.steptools.com) 
 */

FILE_DESCRIPTION(
/* description */ (''),
/* implementation_level */ '2;1');

FILE_NAME(
/* name */ 'wide-bin-corner-ur-ll.step',
/* time_stamp */ '2026-07-27T07:37:55-05:00',
/* author */ (''),
/* organization */ (''),
/* preprocessor_version */ 'ST-DEVELOPER v20.1',
/* originating_system */ 'Autodesk Translation Framework v15.8.0.0',
/* authorisation */ '');

FILE_SCHEMA (('AUTOMOTIVE_DESIGN { 1 0 10303 214 3 1 1 }'));
ENDSEC;

DATA;
#10=MECHANICAL_DESIGN_GEOMETRIC_PRESENTATION_REPRESENTATION('',(#13),#3457);
#11=SHAPE_REPRESENTATION_RELATIONSHIP('SRR','None',#3464,#12);
#12=ADVANCED_BREP_SHAPE_REPRESENTATION('',(#14),#3456);
#13=STYLED_ITEM('',(#3473),#14);
#14=MANIFOLD_SOLID_BREP('Insert',#1829);
#15=FACE_BOUND('',#615,.T.);
#16=SPHERICAL_SURFACE('',#1950,0.127);
#17=SPHERICAL_SURFACE('',#1955,0.127);
#18=SPHERICAL_SURFACE('',#1960,0.127);
#19=SPHERICAL_SURFACE('',#1965,0.127);
#20=SPHERICAL_SURFACE('',#1970,0.127);
#21=SPHERICAL_SURFACE('',#1975,0.127);
#22=SPHERICAL_SURFACE('',#1980,0.127);
#23=SPHERICAL_SURFACE('',#1982,0.127);
#24=B_SPLINE_CURVE_WITH_KNOTS('',3,(#2921,#2922,#2923,#2924),
 .UNSPECIFIED.,.F.,.F.,(4,4),(0.516830464779018,0.53939591833587),
 .UNSPECIFIED.);
#25=B_SPLINE_CURVE_WITH_KNOTS('',3,(#2934,#2935,#2936,#2937),
 .UNSPECIFIED.,.F.,.F.,(4,4),(0.499701746986524,0.534050999036383),
 .UNSPECIFIED.);
#26=B_SPLINE_CURVE_WITH_KNOTS('',3,(#2940,#2941,#2942,#2943),
 .UNSPECIFIED.,.F.,.F.,(4,4),(0.,0.0271349146010702),.UNSPECIFIED.);
#27=B_SPLINE_CURVE_WITH_KNOTS('',3,(#2952,#2953,#2954,#2955,#2956,#2957),
 .UNSPECIFIED.,.F.,.F.,(4,2,4),(0.729353571021485,0.737598443666449,0.779367489398417),
 .UNSPECIFIED.);
#28=B_SPLINE_CURVE_WITH_KNOTS('',3,(#2958,#2959,#2960,#2961),
 .UNSPECIFIED.,.F.,.F.,(4,4),(0.,0.00909368488307816),.UNSPECIFIED.);
#29=B_SPLINE_CURVE_WITH_KNOTS('',3,(#2968,#2969,#2970,#2971),
 .UNSPECIFIED.,.F.,.F.,(4,4),(0.,0.0344752100922576),.UNSPECIFIED.);
#30=B_SPLINE_CURVE_WITH_KNOTS('',3,(#2976,#2977,#2978,#2979),
 .UNSPECIFIED.,.F.,.F.,(4,4),(0.557699635613958,0.566369639962604),
 .UNSPECIFIED.);
#31=B_SPLINE_CURVE_WITH_KNOTS('',3,(#2981,#2982,#2983,#2984,#2985,#2986),
 .UNSPECIFIED.,.F.,.F.,(4,2,4),(0.,0.0327574986694514,0.0495557734783268),
 .UNSPECIFIED.);
#32=B_SPLINE_CURVE_WITH_KNOTS('',3,(#2992,#2993,#2994,#2995),
 .UNSPECIFIED.,.F.,.F.,(4,4),(0.,0.0331888343257793),.UNSPECIFIED.);
#33=B_SPLINE_CURVE_WITH_KNOTS('',3,(#2997,#2998,#2999,#3000),
 .UNSPECIFIED.,.F.,.F.,(4,4),(0.500775774706686,0.533964608021497),
 .UNSPECIFIED.);
#34=B_SPLINE_CURVE_WITH_KNOTS('',3,(#3010,#3011,#3012,#3013),
 .UNSPECIFIED.,.F.,.F.,(4,4),(0.513063739912161,0.539078026792122),
 .UNSPECIFIED.);
#35=B_SPLINE_CURVE_WITH_KNOTS('',3,(#3021,#3022,#3023,#3024),
 .UNSPECIFIED.,.F.,.F.,(4,4),(0.,0.0217001959073307),.UNSPECIFIED.);
#36=B_SPLINE_CURVE_WITH_KNOTS('',3,(#3037,#3038,#3039,#3040),
 .UNSPECIFIED.,.F.,.F.,(4,4),(0.517270384643479,0.538970580550785),
 .UNSPECIFIED.);
#37=B_SPLINE_CURVE_WITH_KNOTS('',3,(#3043,#3044,#3045,#3046),
 .UNSPECIFIED.,.F.,.F.,(4,4),(0.,0.0224689222358772),.UNSPECIFIED.);
#38=B_SPLINE_CURVE_WITH_KNOTS('',3,(#3057,#3058,#3059,#3060),
 .UNSPECIFIED.,.F.,.F.,(4,4),(0.512206767458262,0.539392645669806),
 .UNSPECIFIED.);
#39=B_SPLINE_CURVE_WITH_KNOTS('',3,(#3068,#3069,#3070,#3071),
 .UNSPECIFIED.,.F.,.F.,(4,4),(0.,0.0237540822818605),.UNSPECIFIED.);
#40=B_SPLINE_CURVE_WITH_KNOTS('',3,(#3078,#3079,#3080,#3081,#3082,#3083),
 .UNSPECIFIED.,.F.,.F.,(4,2,4),(0.575265713176701,0.590155231326795,0.624560043255568),
 .UNSPECIFIED.);
#41=B_SPLINE_CURVE_WITH_KNOTS('',3,(#3097,#3098,#3099,#3100),
 .UNSPECIFIED.,.F.,.F.,(4,4),(0.509671497680686,0.534080328157807),
 .UNSPECIFIED.);
#42=B_SPLINE_CURVE_WITH_KNOTS('',3,(#3103,#3104,#3105,#3106),
 .UNSPECIFIED.,.F.,.F.,(4,4),(0.,0.0260621752362285),.UNSPECIFIED.);
#43=B_SPLINE_CURVE_WITH_KNOTS('',3,(#3121,#3122,#3123,#3124,#3125,#3126),
 .UNSPECIFIED.,.F.,.F.,(4,2,4),(0.,0.0404402428934318,0.0490433930688437),
 .UNSPECIFIED.);
#44=B_SPLINE_CURVE_WITH_KNOTS('',3,(#3242,#3243,#3244,#3245),
 .UNSPECIFIED.,.F.,.F.,(4,4),(0.,0.0501112161321765),.UNSPECIFIED.);
#45=B_SPLINE_CURVE_WITH_KNOTS('',3,(#3255,#3256,#3257,#3258),
 .UNSPECIFIED.,.F.,.F.,(4,4),(0.,0.0761777774769557),.UNSPECIFIED.);
#46=B_SPLINE_CURVE_WITH_KNOTS('',3,(#3261,#3262,#3263,#3264),
 .UNSPECIFIED.,.F.,.F.,(4,4),(0.913472580949994,0.973005373061682),
 .UNSPECIFIED.);
#47=B_SPLINE_CURVE_WITH_KNOTS('',3,(#3276,#3277,#3278,#3279,#3280,#3281),
 .UNSPECIFIED.,.F.,.F.,(4,2,4),(1.34752484250036,1.39474127562318,1.46553743948563),
 .UNSPECIFIED.);
#48=B_SPLINE_CURVE_WITH_KNOTS('',3,(#3299,#3300,#3301,#3302,#3303,#3304),
 .UNSPECIFIED.,.F.,.F.,(4,2,4),(1.04303043447573,1.08053765894902,1.14663351382844),
 .UNSPECIFIED.);
#49=B_SPLINE_CURVE_WITH_KNOTS('',3,(#3310,#3311,#3312,#3313),
 .UNSPECIFIED.,.F.,.F.,(4,4),(0.,0.0620824001738862),.UNSPECIFIED.);
#50=B_SPLINE_CURVE_WITH_KNOTS('',3,(#3317,#3318,#3319,#3320),
 .UNSPECIFIED.,.F.,.F.,(4,4),(0.883766309286167,0.962894213793034),
 .UNSPECIFIED.);
#51=B_SPLINE_CURVE_WITH_KNOTS('',3,(#3326,#3327,#3328,#3329),
 .UNSPECIFIED.,.F.,.F.,(4,4),(0.921832691539343,0.973727521747006),
 .UNSPECIFIED.);
#52=B_SPLINE_CURVE_WITH_KNOTS('',3,(#3331,#3332,#3333,#3334),
 .UNSPECIFIED.,.F.,.F.,(4,4),(0.,0.0518948302076522),.UNSPECIFIED.);
#53=B_SPLINE_CURVE_WITH_KNOTS('',3,(#3337,#3338,#3339,#3340),
 .UNSPECIFIED.,.F.,.F.,(4,4),(0.911490378610687,0.973710211613021),
 .UNSPECIFIED.);
#54=B_SPLINE_CURVE_WITH_KNOTS('',3,(#3344,#3345,#3346,#3347,#3348,#3349),
 .UNSPECIFIED.,.F.,.F.,(4,2,4),(0.,0.0689761805817068,0.113836512746824),
 .UNSPECIFIED.);
#55=B_SPLINE_CURVE_WITH_KNOTS('',3,(#3354,#3355,#3356,#3357,#3358,#3359),
 .UNSPECIFIED.,.F.,.F.,(4,2,4),(0.,0.067526983305858,0.101809711763582),
 .UNSPECIFIED.);
#56=B_SPLINE_CURVE_WITH_KNOTS('',3,(#3365,#3366,#3367,#3368),
 .UNSPECIFIED.,.F.,.F.,(4,4),(0.,0.0595208622815796),.UNSPECIFIED.);
#57=B_SPLINE_CURVE_WITH_KNOTS('',3,(#3371,#3372,#3373,#3374),
 .UNSPECIFIED.,.F.,.F.,(4,4),(0.922539840256797,0.972856184968669),
 .UNSPECIFIED.);
#58=B_SPLINE_CURVE_WITH_KNOTS('',3,(#3414,#3415,#3416,#3417),
 .UNSPECIFIED.,.F.,.F.,(4,4),(0.,0.0791279044833867),.UNSPECIFIED.);
#59=B_SPLINE_CURVE_WITH_KNOTS('',3,(#3426,#3427,#3428,#3429),
 .UNSPECIFIED.,.F.,.F.,(4,4),(0.,0.0362668254983385),.UNSPECIFIED.);
#60=B_SPLINE_CURVE_WITH_KNOTS('',3,(#3433,#3434,#3435,#3436),
 .UNSPECIFIED.,.F.,.F.,(4,4),(0.92503228509108,0.963050178979301),
 .UNSPECIFIED.);
#61=B_SPLINE_CURVE_WITH_KNOTS('',3,(#3447,#3448,#3449,#3450),
 .UNSPECIFIED.,.F.,.F.,(4,4),(0.887065935788354,0.962991865877093),
 .UNSPECIFIED.);
#62=PLANE('',#1895);
#63=PLANE('',#1898);
#64=PLANE('',#1901);
#65=PLANE('',#1904);
#66=PLANE('',#1906);
#67=PLANE('',#1912);
#68=PLANE('',#1917);
#69=PLANE('',#1918);
#70=PLANE('',#1923);
#71=PLANE('',#1929);
#72=PLANE('',#1936);
#73=PLANE('',#1941);
#74=PLANE('',#1942);
#75=PLANE('',#1943);
#76=PLANE('',#1986);
#77=PLANE('',#1989);
#78=PLANE('',#1992);
#79=PLANE('',#1995);
#80=PLANE('',#1997);
#81=PLANE('',#1999);
#82=PLANE('',#2007);
#83=PLANE('',#2015);
#84=PLANE('',#2021);
#85=PLANE('',#2025);
#86=PLANE('',#2028);
#87=PLANE('',#2032);
#88=PLANE('',#2033);
#89=PLANE('',#2036);
#90=PLANE('',#2037);
#91=LINE('',#2874,#223);
#92=LINE('',#2875,#224);
#93=LINE('',#2877,#225);
#94=LINE('',#2878,#226);
#95=LINE('',#2880,#227);
#96=LINE('',#2881,#228);
#97=LINE('',#2883,#229);
#98=LINE('',#2884,#230);
#99=LINE('',#2886,#231);
#100=LINE('',#2887,#232);
#101=LINE('',#2889,#233);
#102=LINE('',#2890,#234);
#103=LINE('',#2892,#235);
#104=LINE('',#2893,#236);
#105=LINE('',#2895,#237);
#106=LINE('',#2896,#238);
#107=LINE('',#2899,#239);
#108=LINE('',#2902,#240);
#109=LINE('',#2905,#241);
#110=LINE('',#2906,#242);
#111=LINE('',#2909,#243);
#112=LINE('',#2913,#244);
#113=LINE('',#2915,#245);
#114=LINE('',#2916,#246);
#115=LINE('',#2919,#247);
#116=LINE('',#2928,#248);
#117=LINE('',#2929,#249);
#118=LINE('',#2932,#250);
#119=LINE('',#2946,#251);
#120=LINE('',#2947,#252);
#121=LINE('',#2950,#253);
#122=LINE('',#2967,#254);
#123=LINE('',#2974,#255);
#124=LINE('',#2987,#256);
#125=LINE('',#2990,#257);
#126=LINE('',#3002,#258);
#127=LINE('',#3005,#259);
#128=LINE('',#3008,#260);
#129=LINE('',#3017,#261);
#130=LINE('',#3025,#262);
#131=LINE('',#3028,#263);
#132=LINE('',#3029,#264);
#133=LINE('',#3031,#265);
#134=LINE('',#3036,#266);
#135=LINE('',#3048,#267);
#136=LINE('',#3052,#268);
#137=LINE('',#3054,#269);
#138=LINE('',#3055,#270);
#139=LINE('',#3063,#271);
#140=LINE('',#3073,#272);
#141=LINE('',#3077,#273);
#142=LINE('',#3086,#274);
#143=LINE('',#3088,#275);
#144=LINE('',#3089,#276);
#145=LINE('',#3094,#277);
#146=LINE('',#3108,#278);
#147=LINE('',#3111,#279);
#148=LINE('',#3113,#280);
#149=LINE('',#3116,#281);
#150=LINE('',#3118,#282);
#151=LINE('',#3119,#283);
#152=LINE('',#3129,#284);
#153=LINE('',#3131,#285);
#154=LINE('',#3132,#286);
#155=LINE('',#3134,#287);
#156=LINE('',#3136,#288);
#157=LINE('',#3143,#289);
#158=LINE('',#3146,#290);
#159=LINE('',#3152,#291);
#160=LINE('',#3154,#292);
#161=LINE('',#3161,#293);
#162=LINE('',#3164,#294);
#163=LINE('',#3172,#295);
#164=LINE('',#3174,#296);
#165=LINE('',#3181,#297);
#166=LINE('',#3184,#298);
#167=LINE('',#3191,#299);
#168=LINE('',#3194,#300);
#169=LINE('',#3201,#301);
#170=LINE('',#3204,#302);
#171=LINE('',#3210,#303);
#172=LINE('',#3213,#304);
#173=LINE('',#3220,#305);
#174=LINE('',#3223,#306);
#175=LINE('',#3226,#307);
#176=LINE('',#3227,#308);
#177=LINE('',#3230,#309);
#178=LINE('',#3234,#310);
#179=LINE('',#3236,#311);
#180=LINE('',#3237,#312);
#181=LINE('',#3240,#313);
#182=LINE('',#3249,#314);
#183=LINE('',#3250,#315);
#184=LINE('',#3253,#316);
#185=LINE('',#3267,#317);
#186=LINE('',#3270,#318);
#187=LINE('',#3274,#319);
#188=LINE('',#3282,#320);
#189=LINE('',#3285,#321);
#190=LINE('',#3287,#322);
#191=LINE('',#3289,#323);
#192=LINE('',#3290,#324);
#193=LINE('',#3297,#325);
#194=LINE('',#3308,#326);
#195=LINE('',#3321,#327);
#196=LINE('',#3324,#328);
#197=LINE('',#3336,#329);
#198=LINE('',#3342,#330);
#199=LINE('',#3361,#331);
#200=LINE('',#3370,#332);
#201=LINE('',#3377,#333);
#202=LINE('',#3381,#334);
#203=LINE('',#3385,#335);
#204=LINE('',#3389,#336);
#205=LINE('',#3393,#337);
#206=LINE('',#3397,#338);
#207=LINE('',#3400,#339);
#208=LINE('',#3403,#340);
#209=LINE('',#3404,#341);
#210=LINE('',#3408,#342);
#211=LINE('',#3410,#343);
#212=LINE('',#3413,#344);
#213=LINE('',#3419,#345);
#214=LINE('',#3420,#346);
#215=LINE('',#3422,#347);
#216=LINE('',#3425,#348);
#217=LINE('',#3432,#349);
#218=LINE('',#3438,#350);
#219=LINE('',#3439,#351);
#220=LINE('',#3442,#352);
#221=LINE('',#3443,#353);
#222=LINE('',#3445,#354);
#223=VECTOR('',#2126,1.);
#224=VECTOR('',#2127,1.);
#225=VECTOR('',#2130,1.);
#226=VECTOR('',#2131,1.);
#227=VECTOR('',#2134,1.);
#228=VECTOR('',#2135,1.);
#229=VECTOR('',#2138,1.);
#230=VECTOR('',#2139,1.);
#231=VECTOR('',#2142,1.);
#232=VECTOR('',#2143,1.);
#233=VECTOR('',#2146,1.);
#234=VECTOR('',#2147,1.);
#235=VECTOR('',#2150,1.);
#236=VECTOR('',#2151,1.);
#237=VECTOR('',#2154,1.);
#238=VECTOR('',#2155,1.);
#239=VECTOR('',#2158,1.);
#240=VECTOR('',#2161,1.);
#241=VECTOR('',#2164,1.);
#242=VECTOR('',#2165,1.);
#243=VECTOR('',#2168,1.);
#244=VECTOR('',#2173,1.);
#245=VECTOR('',#2174,1.);
#246=VECTOR('',#2175,1.);
#247=VECTOR('',#2178,1.);
#248=VECTOR('',#2183,1.);
#249=VECTOR('',#2184,1.);
#250=VECTOR('',#2187,1.);
#251=VECTOR('',#2192,1.);
#252=VECTOR('',#2193,1.);
#253=VECTOR('',#2196,1.);
#254=VECTOR('',#2203,1.);
#255=VECTOR('',#2206,1.);
#256=VECTOR('',#2207,1.);
#257=VECTOR('',#2210,1.);
#258=VECTOR('',#2211,1.);
#259=VECTOR('',#2216,1.);
#260=VECTOR('',#2219,1.);
#261=VECTOR('',#2224,1.);
#262=VECTOR('',#2227,1.);
#263=VECTOR('',#2230,1.);
#264=VECTOR('',#2231,1.);
#265=VECTOR('',#2234,1.);
#266=VECTOR('',#2239,1.);
#267=VECTOR('',#2242,1.);
#268=VECTOR('',#2247,1.);
#269=VECTOR('',#2248,1.);
#270=VECTOR('',#2249,1.);
#271=VECTOR('',#2254,1.);
#272=VECTOR('',#2259,1.);
#273=VECTOR('',#2262,1.);
#274=VECTOR('',#2265,1.);
#275=VECTOR('',#2266,1.);
#276=VECTOR('',#2267,1.);
#277=VECTOR('',#2272,1.);
#278=VECTOR('',#2277,1.);
#279=VECTOR('',#2280,1.);
#280=VECTOR('',#2283,1.);
#281=VECTOR('',#2286,1.);
#282=VECTOR('',#2287,1.);
#283=VECTOR('',#2288,1.);
#284=VECTOR('',#2295,1.);
#285=VECTOR('',#2298,1.);
#286=VECTOR('',#2299,0.254);
#287=VECTOR('',#2302,1.);
#288=VECTOR('',#2305,1.);
#289=VECTOR('',#2312,1.);
#290=VECTOR('',#2315,1.);
#291=VECTOR('',#2320,1.);
#292=VECTOR('',#2323,1.);
#293=VECTOR('',#2332,1.);
#294=VECTOR('',#2335,1.);
#295=VECTOR('',#2344,1.);
#296=VECTOR('',#2347,1.);
#297=VECTOR('',#2356,1.);
#298=VECTOR('',#2359,1.);
#299=VECTOR('',#2368,1.);
#300=VECTOR('',#2371,1.);
#301=VECTOR('',#2380,1.);
#302=VECTOR('',#2383,1.);
#303=VECTOR('',#2392,1.);
#304=VECTOR('',#2395,1.);
#305=VECTOR('',#2406,1.);
#306=VECTOR('',#2409,1.);
#307=VECTOR('',#2412,1.);
#308=VECTOR('',#2413,1.);
#309=VECTOR('',#2416,1.);
#310=VECTOR('',#2421,1.);
#311=VECTOR('',#2422,1.);
#312=VECTOR('',#2423,1.);
#313=VECTOR('',#2426,1.);
#314=VECTOR('',#2431,1.);
#315=VECTOR('',#2432,1.);
#316=VECTOR('',#2435,1.);
#317=VECTOR('',#2440,1.);
#318=VECTOR('',#2443,1.);
#319=VECTOR('',#2448,1.);
#320=VECTOR('',#2449,1.);
#321=VECTOR('',#2452,1.);
#322=VECTOR('',#2453,1.);
#323=VECTOR('',#2454,1.);
#324=VECTOR('',#2455,1.);
#325=VECTOR('',#2462,1.);
#326=VECTOR('',#2467,1.);
#327=VECTOR('',#2470,1.);
#328=VECTOR('',#2473,1.);
#329=VECTOR('',#2474,1.);
#330=VECTOR('',#2477,1.);
#331=VECTOR('',#2484,1.);
#332=VECTOR('',#2489,1.);
#333=VECTOR('',#2492,1.);
#334=VECTOR('',#2497,1.);
#335=VECTOR('',#2500,1.);
#336=VECTOR('',#2503,1.);
#337=VECTOR('',#2506,1.);
#338=VECTOR('',#2509,1.);
#339=VECTOR('',#2512,1.);
#340=VECTOR('',#2515,1.);
#341=VECTOR('',#2516,1.);
#342=VECTOR('',#2523,1.);
#343=VECTOR('',#2526,1.);
#344=VECTOR('',#2529,1.);
#345=VECTOR('',#2532,1.);
#346=VECTOR('',#2533,1.);
#347=VECTOR('',#2536,1.);
#348=VECTOR('',#2539,1.);
#349=VECTOR('',#2542,1.);
#350=VECTOR('',#2545,1.);
#351=VECTOR('',#2546,1.);
#352=VECTOR('',#2549,1.);
#353=VECTOR('',#2550,1.);
#354=VECTOR('',#2553,1.);
#355=CYLINDRICAL_SURFACE('',#1885,0.1524);
#356=CYLINDRICAL_SURFACE('',#1886,0.1524);
#357=CYLINDRICAL_SURFACE('',#1887,0.1524);
#358=CYLINDRICAL_SURFACE('',#1888,0.1524);
#359=CYLINDRICAL_SURFACE('',#1889,0.1524);
#360=CYLINDRICAL_SURFACE('',#1890,0.1524);
#361=CYLINDRICAL_SURFACE('',#1891,0.1524);
#362=CYLINDRICAL_SURFACE('',#1892,0.1524);
#363=CYLINDRICAL_SURFACE('',#1893,0.0762);
#364=CYLINDRICAL_SURFACE('',#1896,0.0762);
#365=CYLINDRICAL_SURFACE('',#1899,0.0762);
#366=CYLINDRICAL_SURFACE('',#1902,0.0762);
#367=CYLINDRICAL_SURFACE('',#1905,0.0762);
#368=CYLINDRICAL_SURFACE('',#1907,0.1016);
#369=CYLINDRICAL_SURFACE('',#1909,0.0762);
#370=CYLINDRICAL_SURFACE('',#1910,0.1016);
#371=CYLINDRICAL_SURFACE('',#1913,0.0762);
#372=CYLINDRICAL_SURFACE('',#1915,0.0762);
#373=CYLINDRICAL_SURFACE('',#1919,0.0762);
#374=CYLINDRICAL_SURFACE('',#1921,0.0762);
#375=CYLINDRICAL_SURFACE('',#1924,0.1016);
#376=CYLINDRICAL_SURFACE('',#1925,0.0762);
#377=CYLINDRICAL_SURFACE('',#1927,0.0762);
#378=CYLINDRICAL_SURFACE('',#1930,0.1016);
#379=CYLINDRICAL_SURFACE('',#1933,0.0762);
#380=CYLINDRICAL_SURFACE('',#1935,0.1016);
#381=CYLINDRICAL_SURFACE('',#1937,0.0762);
#382=CYLINDRICAL_SURFACE('',#1939,0.1016);
#383=CYLINDRICAL_SURFACE('',#1940,0.1016);
#384=CYLINDRICAL_SURFACE('',#1944,0.127);
#385=CYLINDRICAL_SURFACE('',#1947,0.127);
#386=CYLINDRICAL_SURFACE('',#1952,0.127);
#387=CYLINDRICAL_SURFACE('',#1957,0.127);
#388=CYLINDRICAL_SURFACE('',#1962,0.127);
#389=CYLINDRICAL_SURFACE('',#1967,0.127);
#390=CYLINDRICAL_SURFACE('',#1972,0.127);
#391=CYLINDRICAL_SURFACE('',#1977,0.127);
#392=CYLINDRICAL_SURFACE('',#1984,0.127);
#393=CYLINDRICAL_SURFACE('',#1987,0.127);
#394=CYLINDRICAL_SURFACE('',#1990,0.127);
#395=CYLINDRICAL_SURFACE('',#1993,0.127);
#396=CYLINDRICAL_SURFACE('',#1998,0.127);
#397=CYLINDRICAL_SURFACE('',#2000,0.254);
#398=CYLINDRICAL_SURFACE('',#2004,0.127);
#399=CYLINDRICAL_SURFACE('',#2006,0.254);
#400=CYLINDRICAL_SURFACE('',#2008,0.127);
#401=CYLINDRICAL_SURFACE('',#2009,0.254);
#402=CYLINDRICAL_SURFACE('',#2012,0.254);
#403=CYLINDRICAL_SURFACE('',#2013,0.127);
#404=CYLINDRICAL_SURFACE('',#2022,0.127);
#405=CYLINDRICAL_SURFACE('',#2024,0.127);
#406=CYLINDRICAL_SURFACE('',#2026,0.127);
#407=CYLINDRICAL_SURFACE('',#2027,0.254);
#408=CYLINDRICAL_SURFACE('',#2029,0.127);
#409=CYLINDRICAL_SURFACE('',#2030,0.254);
#410=CYLINDRICAL_SURFACE('',#2031,0.127);
#411=CYLINDRICAL_SURFACE('',#2034,0.127);
#412=CYLINDRICAL_SURFACE('',#2035,0.254);
#413=FACE_OUTER_BOUND('',#522,.T.);
#414=FACE_OUTER_BOUND('',#523,.T.);
#415=FACE_OUTER_BOUND('',#524,.T.);
#416=FACE_OUTER_BOUND('',#525,.T.);
#417=FACE_OUTER_BOUND('',#526,.T.);
#418=FACE_OUTER_BOUND('',#527,.T.);
#419=FACE_OUTER_BOUND('',#528,.T.);
#420=FACE_OUTER_BOUND('',#529,.T.);
#421=FACE_OUTER_BOUND('',#530,.T.);
#422=FACE_OUTER_BOUND('',#531,.T.);
#423=FACE_OUTER_BOUND('',#532,.T.);
#424=FACE_OUTER_BOUND('',#533,.T.);
#425=FACE_OUTER_BOUND('',#534,.T.);
#426=FACE_OUTER_BOUND('',#535,.T.);
#427=FACE_OUTER_BOUND('',#536,.T.);
#428=FACE_OUTER_BOUND('',#537,.T.);
#429=FACE_OUTER_BOUND('',#538,.T.);
#430=FACE_OUTER_BOUND('',#539,.T.);
#431=FACE_OUTER_BOUND('',#540,.T.);
#432=FACE_OUTER_BOUND('',#541,.T.);
#433=FACE_OUTER_BOUND('',#542,.T.);
#434=FACE_OUTER_BOUND('',#543,.T.);
#435=FACE_OUTER_BOUND('',#544,.T.);
#436=FACE_OUTER_BOUND('',#545,.T.);
#437=FACE_OUTER_BOUND('',#546,.T.);
#438=FACE_OUTER_BOUND('',#547,.T.);
#439=FACE_OUTER_BOUND('',#548,.T.);
#440=FACE_OUTER_BOUND('',#549,.T.);
#441=FACE_OUTER_BOUND('',#550,.T.);
#442=FACE_OUTER_BOUND('',#551,.T.);
#443=FACE_OUTER_BOUND('',#552,.T.);
#444=FACE_OUTER_BOUND('',#553,.T.);
#445=FACE_OUTER_BOUND('',#554,.T.);
#446=FACE_OUTER_BOUND('',#555,.T.);
#447=FACE_OUTER_BOUND('',#556,.T.);
#448=FACE_OUTER_BOUND('',#557,.T.);
#449=FACE_OUTER_BOUND('',#558,.T.);
#450=FACE_OUTER_BOUND('',#559,.T.);
#451=FACE_OUTER_BOUND('',#560,.T.);
#452=FACE_OUTER_BOUND('',#561,.T.);
#453=FACE_OUTER_BOUND('',#562,.T.);
#454=FACE_OUTER_BOUND('',#563,.T.);
#455=FACE_OUTER_BOUND('',#564,.T.);
#456=FACE_OUTER_BOUND('',#565,.T.);
#457=FACE_OUTER_BOUND('',#566,.T.);
#458=FACE_OUTER_BOUND('',#567,.T.);
#459=FACE_OUTER_BOUND('',#568,.T.);
#460=FACE_OUTER_BOUND('',#569,.T.);
#461=FACE_OUTER_BOUND('',#570,.T.);
#462=FACE_OUTER_BOUND('',#571,.T.);
#463=FACE_OUTER_BOUND('',#572,.T.);
#464=FACE_OUTER_BOUND('',#573,.T.);
#465=FACE_OUTER_BOUND('',#574,.T.);
#466=FACE_OUTER_BOUND('',#575,.T.);
#467=FACE_OUTER_BOUND('',#576,.T.);
#468=FACE_OUTER_BOUND('',#577,.T.);
#469=FACE_OUTER_BOUND('',#578,.T.);
#470=FACE_OUTER_BOUND('',#579,.T.);
#471=FACE_OUTER_BOUND('',#580,.T.);
#472=FACE_OUTER_BOUND('',#581,.T.);
#473=FACE_OUTER_BOUND('',#582,.T.);
#474=FACE_OUTER_BOUND('',#583,.T.);
#475=FACE_OUTER_BOUND('',#584,.T.);
#476=FACE_OUTER_BOUND('',#585,.T.);
#477=FACE_OUTER_BOUND('',#586,.T.);
#478=FACE_OUTER_BOUND('',#587,.T.);
#479=FACE_OUTER_BOUND('',#588,.T.);
#480=FACE_OUTER_BOUND('',#589,.T.);
#481=FACE_OUTER_BOUND('',#590,.T.);
#482=FACE_OUTER_BOUND('',#591,.T.);
#483=FACE_OUTER_BOUND('',#592,.T.);
#484=FACE_OUTER_BOUND('',#593,.T.);
#485=FACE_OUTER_BOUND('',#594,.T.);
#486=FACE_OUTER_BOUND('',#595,.T.);
#487=FACE_OUTER_BOUND('',#596,.T.);
#488=FACE_OUTER_BOUND('',#597,.T.);
#489=FACE_OUTER_BOUND('',#598,.T.);
#490=FACE_OUTER_BOUND('',#599,.T.);
#491=FACE_OUTER_BOUND('',#600,.T.);
#492=FACE_OUTER_BOUND('',#601,.T.);
#493=FACE_OUTER_BOUND('',#602,.T.);
#494=FACE_OUTER_BOUND('',#603,.T.);
#495=FACE_OUTER_BOUND('',#604,.T.);
#496=FACE_OUTER_BOUND('',#605,.T.);
#497=FACE_OUTER_BOUND('',#606,.T.);
#498=FACE_OUTER_BOUND('',#607,.T.);
#499=FACE_OUTER_BOUND('',#608,.T.);
#500=FACE_OUTER_BOUND('',#609,.T.);
#501=FACE_OUTER_BOUND('',#610,.T.);
#502=FACE_OUTER_BOUND('',#611,.T.);
#503=FACE_OUTER_BOUND('',#612,.T.);
#504=FACE_OUTER_BOUND('',#613,.T.);
#505=FACE_OUTER_BOUND('',#614,.T.);
#506=FACE_OUTER_BOUND('',#616,.T.);
#507=FACE_OUTER_BOUND('',#617,.T.);
#508=FACE_OUTER_BOUND('',#618,.T.);
#509=FACE_OUTER_BOUND('',#619,.T.);
#510=FACE_OUTER_BOUND('',#620,.T.);
#511=FACE_OUTER_BOUND('',#621,.T.);
#512=FACE_OUTER_BOUND('',#622,.T.);
#513=FACE_OUTER_BOUND('',#623,.T.);
#514=FACE_OUTER_BOUND('',#624,.T.);
#515=FACE_OUTER_BOUND('',#625,.T.);
#516=FACE_OUTER_BOUND('',#626,.T.);
#517=FACE_OUTER_BOUND('',#627,.T.);
#518=FACE_OUTER_BOUND('',#628,.T.);
#519=FACE_OUTER_BOUND('',#629,.T.);
#520=FACE_OUTER_BOUND('',#630,.T.);
#521=FACE_OUTER_BOUND('',#631,.T.);
#522=EDGE_LOOP('',(#1166,#1167,#1168,#1169));
#523=EDGE_LOOP('',(#1170,#1171,#1172));
#524=EDGE_LOOP('',(#1173,#1174,#1175,#1176));
#525=EDGE_LOOP('',(#1177,#1178,#1179));
#526=EDGE_LOOP('',(#1180,#1181,#1182,#1183));
#527=EDGE_LOOP('',(#1184,#1185,#1186));
#528=EDGE_LOOP('',(#1187,#1188,#1189));
#529=EDGE_LOOP('',(#1190,#1191,#1192));
#530=EDGE_LOOP('',(#1193,#1194,#1195,#1196));
#531=EDGE_LOOP('',(#1197,#1198,#1199));
#532=EDGE_LOOP('',(#1200,#1201,#1202,#1203));
#533=EDGE_LOOP('',(#1204,#1205,#1206));
#534=EDGE_LOOP('',(#1207,#1208,#1209,#1210));
#535=EDGE_LOOP('',(#1211,#1212,#1213));
#536=EDGE_LOOP('',(#1214,#1215,#1216,#1217));
#537=EDGE_LOOP('',(#1218,#1219,#1220,#1221,#1222));
#538=EDGE_LOOP('',(#1223,#1224,#1225,#1226,#1227));
#539=EDGE_LOOP('',(#1228,#1229,#1230,#1231,#1232));
#540=EDGE_LOOP('',(#1233,#1234,#1235,#1236));
#541=EDGE_LOOP('',(#1237,#1238,#1239,#1240,#1241));
#542=EDGE_LOOP('',(#1242,#1243,#1244,#1245,#1246));
#543=EDGE_LOOP('',(#1247,#1248,#1249,#1250,#1251));
#544=EDGE_LOOP('',(#1252,#1253,#1254,#1255));
#545=EDGE_LOOP('',(#1256,#1257,#1258,#1259));
#546=EDGE_LOOP('',(#1260,#1261,#1262,#1263));
#547=EDGE_LOOP('',(#1264,#1265,#1266,#1267,#1268));
#548=EDGE_LOOP('',(#1269,#1270,#1271,#1272,#1273));
#549=EDGE_LOOP('',(#1274,#1275,#1276,#1277,#1278));
#550=EDGE_LOOP('',(#1279,#1280,#1281,#1282,#1283,#1284));
#551=EDGE_LOOP('',(#1285,#1286,#1287,#1288,#1289));
#552=EDGE_LOOP('',(#1290,#1291,#1292,#1293,#1294));
#553=EDGE_LOOP('',(#1295,#1296,#1297,#1298,#1299,#1300,#1301,#1302));
#554=EDGE_LOOP('',(#1303,#1304,#1305,#1306,#1307,#1308));
#555=EDGE_LOOP('',(#1309,#1310,#1311,#1312,#1313));
#556=EDGE_LOOP('',(#1314,#1315,#1316,#1317,#1318,#1319));
#557=EDGE_LOOP('',(#1320,#1321,#1322,#1323,#1324));
#558=EDGE_LOOP('',(#1325,#1326,#1327,#1328,#1329,#1330));
#559=EDGE_LOOP('',(#1331,#1332,#1333,#1334,#1335));
#560=EDGE_LOOP('',(#1336,#1337,#1338,#1339,#1340));
#561=EDGE_LOOP('',(#1341,#1342,#1343,#1344,#1345));
#562=EDGE_LOOP('',(#1346,#1347,#1348,#1349,#1350));
#563=EDGE_LOOP('',(#1351,#1352,#1353,#1354,#1355));
#564=EDGE_LOOP('',(#1356,#1357,#1358,#1359));
#565=EDGE_LOOP('',(#1360,#1361,#1362,#1363,#1364,#1365));
#566=EDGE_LOOP('',(#1366,#1367,#1368,#1369,#1370,#1371));
#567=EDGE_LOOP('',(#1372,#1373,#1374,#1375,#1376));
#568=EDGE_LOOP('',(#1377,#1378,#1379,#1380));
#569=EDGE_LOOP('',(#1381,#1382,#1383,#1384,#1385,#1386));
#570=EDGE_LOOP('',(#1387,#1388,#1389,#1390,#1391,#1392));
#571=EDGE_LOOP('',(#1393,#1394,#1395,#1396,#1397,#1398));
#572=EDGE_LOOP('',(#1399,#1400,#1401,#1402,#1403));
#573=EDGE_LOOP('',(#1404,#1405,#1406,#1407,#1408));
#574=EDGE_LOOP('',(#1409,#1410,#1411,#1412,#1413,#1414));
#575=EDGE_LOOP('',(#1415,#1416,#1417,#1418,#1419,#1420));
#576=EDGE_LOOP('',(#1421,#1422,#1423,#1424,#1425));
#577=EDGE_LOOP('',(#1426,#1427,#1428,#1429));
#578=EDGE_LOOP('',(#1430,#1431,#1432,#1433,#1434,#1435,#1436,#1437));
#579=EDGE_LOOP('',(#1438,#1439,#1440,#1441));
#580=EDGE_LOOP('',(#1442,#1443,#1444,#1445));
#581=EDGE_LOOP('',(#1446,#1447,#1448));
#582=EDGE_LOOP('',(#1449,#1450,#1451,#1452));
#583=EDGE_LOOP('',(#1453,#1454,#1455));
#584=EDGE_LOOP('',(#1456,#1457,#1458,#1459));
#585=EDGE_LOOP('',(#1460,#1461,#1462));
#586=EDGE_LOOP('',(#1463,#1464,#1465,#1466));
#587=EDGE_LOOP('',(#1467,#1468,#1469));
#588=EDGE_LOOP('',(#1470,#1471,#1472,#1473));
#589=EDGE_LOOP('',(#1474,#1475,#1476));
#590=EDGE_LOOP('',(#1477,#1478,#1479,#1480));
#591=EDGE_LOOP('',(#1481,#1482,#1483));
#592=EDGE_LOOP('',(#1484,#1485,#1486,#1487));
#593=EDGE_LOOP('',(#1488,#1489,#1490));
#594=EDGE_LOOP('',(#1491,#1492,#1493));
#595=EDGE_LOOP('',(#1494,#1495,#1496,#1497));
#596=EDGE_LOOP('',(#1498,#1499,#1500,#1501));
#597=EDGE_LOOP('',(#1502,#1503,#1504,#1505));
#598=EDGE_LOOP('',(#1506,#1507,#1508,#1509,#1510));
#599=EDGE_LOOP('',(#1511,#1512,#1513,#1514,#1515));
#600=EDGE_LOOP('',(#1516,#1517,#1518,#1519));
#601=EDGE_LOOP('',(#1520,#1521,#1522,#1523,#1524,#1525));
#602=EDGE_LOOP('',(#1526,#1527,#1528,#1529,#1530));
#603=EDGE_LOOP('',(#1531,#1532,#1533,#1534,#1535,#1536,#1537,#1538));
#604=EDGE_LOOP('',(#1539,#1540,#1541,#1542));
#605=EDGE_LOOP('',(#1543,#1544,#1545,#1546,#1547,#1548));
#606=EDGE_LOOP('',(#1549,#1550,#1551,#1552,#1553,#1554,#1555));
#607=EDGE_LOOP('',(#1556,#1557,#1558,#1559,#1560,#1561));
#608=EDGE_LOOP('',(#1562,#1563,#1564,#1565,#1566,#1567));
#609=EDGE_LOOP('',(#1568,#1569,#1570,#1571));
#610=EDGE_LOOP('',(#1572,#1573,#1574,#1575));
#611=EDGE_LOOP('',(#1576,#1577,#1578,#1579,#1580,#1581,#1582));
#612=EDGE_LOOP('',(#1583,#1584,#1585,#1586,#1587,#1588));
#613=EDGE_LOOP('',(#1589,#1590,#1591,#1592,#1593));
#614=EDGE_LOOP('',(#1594,#1595,#1596,#1597,#1598,#1599,#1600,#1601,#1602,
#1603,#1604,#1605,#1606,#1607,#1608,#1609));
#615=EDGE_LOOP('',(#1610,#1611,#1612,#1613,#1614,#1615,#1616,#1617,#1618,
#1619,#1620,#1621,#1622,#1623,#1624,#1625));
#616=EDGE_LOOP('',(#1626,#1627,#1628,#1629,#1630));
#617=EDGE_LOOP('',(#1631,#1632,#1633,#1634,#1635));
#618=EDGE_LOOP('',(#1636,#1637,#1638,#1639,#1640));
#619=EDGE_LOOP('',(#1641,#1642,#1643,#1644));
#620=EDGE_LOOP('',(#1645,#1646,#1647,#1648,#1649,#1650));
#621=EDGE_LOOP('',(#1651,#1652,#1653,#1654,#1655));
#622=EDGE_LOOP('',(#1656,#1657,#1658,#1659,#1660));
#623=EDGE_LOOP('',(#1661,#1662,#1663,#1664,#1665));
#624=EDGE_LOOP('',(#1666,#1667,#1668,#1669,#1670,#1671));
#625=EDGE_LOOP('',(#1672,#1673,#1674,#1675,#1676));
#626=EDGE_LOOP('',(#1677,#1678,#1679,#1680,#1681));
#627=EDGE_LOOP('',(#1682,#1683,#1684,#1685));
#628=EDGE_LOOP('',(#1686,#1687,#1688,#1689,#1690,#1691));
#629=EDGE_LOOP('',(#1692,#1693,#1694,#1695,#1696));
#630=EDGE_LOOP('',(#1697,#1698,#1699,#1700));
#631=EDGE_LOOP('',(#1701,#1702,#1703,#1704,#1705));
#632=ELLIPSE('',#1844,0.193373921716451,0.1524);
#633=ELLIPSE('',#1846,0.141329945871355,0.0762);
#634=ELLIPSE('',#1847,0.155634146657438,0.1524);
#635=ELLIPSE('',#1848,0.155634146657437,0.1524);
#636=ELLIPSE('',#1850,0.176415754398523,0.1524);
#637=ELLIPSE('',#1852,0.117060661197518,0.0762);
#638=ELLIPSE('',#1853,0.156375836936441,0.1524);
#639=ELLIPSE('',#1854,0.156375836936441,0.1524);
#640=ELLIPSE('',#1856,0.182243893724865,0.1524);
#641=ELLIPSE('',#1858,0.125672259468826,0.0762);
#642=ELLIPSE('',#1859,0.154986542102624,0.1524);
#643=ELLIPSE('',#1860,0.154986542102624,0.1524);
#644=ELLIPSE('',#1861,0.155634146657437,0.1524);
#645=ELLIPSE('',#1862,0.155634146657437,0.1524);
#646=ELLIPSE('',#1864,0.155634146657437,0.1524);
#647=ELLIPSE('',#1865,0.155634146657437,0.1524);
#648=ELLIPSE('',#1868,0.125672259468826,0.0762);
#649=ELLIPSE('',#1870,0.182243893724865,0.1524);
#650=ELLIPSE('',#1871,0.154986542102624,0.1524);
#651=ELLIPSE('',#1872,0.154986542102624,0.1524);
#652=ELLIPSE('',#1874,0.117060661197518,0.0762);
#653=ELLIPSE('',#1876,0.176415754398523,0.1524);
#654=ELLIPSE('',#1877,0.156375836936441,0.1524);
#655=ELLIPSE('',#1878,0.156375836936441,0.1524);
#656=ELLIPSE('',#1880,0.141329945871355,0.0762);
#657=ELLIPSE('',#1882,0.193373921716451,0.1524);
#658=ELLIPSE('',#1883,0.155634146657437,0.1524);
#659=ELLIPSE('',#1884,0.155634146657437,0.1524);
#660=ELLIPSE('',#1900,0.0790690252577843,0.0762);
#661=ELLIPSE('',#1903,0.0790690252577839,0.0762);
#662=ELLIPSE('',#1908,0.108053888271672,0.1016);
#663=ELLIPSE('',#1911,0.108226989825351,0.1016);
#664=ELLIPSE('',#1914,0.078844658145511,0.0762);
#665=ELLIPSE('',#1916,0.0788446581455115,0.0762);
#666=ELLIPSE('',#1920,0.0762167155852208,0.0762);
#667=ELLIPSE('',#1928,0.0762167155852208,0.0762);
#668=ELLIPSE('',#1931,0.115657867974864,0.1016);
#669=ELLIPSE('',#1932,0.116180997506231,0.1016);
#670=ELLIPSE('',#1934,0.0762167155852208,0.0762);
#671=ELLIPSE('',#1938,0.0762167155852208,0.0762);
#672=ELLIPSE('',#1991,0.131407763575851,0.127);
#673=ELLIPSE('',#1994,0.131407763575852,0.127);
#674=ELLIPSE('',#1996,0.790931280378688,0.254);
#675=ELLIPSE('',#2001,0.771164153154898,0.254);
#676=ELLIPSE('',#2002,0.270134720679181,0.254);
#677=ELLIPSE('',#2003,0.289144669937162,0.254);
#678=ELLIPSE('',#2005,0.131781708762973,0.127);
#679=ELLIPSE('',#2010,0.290452493765576,0.254);
#680=ELLIPSE('',#2011,0.270567474563375,0.254);
#681=ELLIPSE('',#2014,0.127027859308701,0.127);
#682=ELLIPSE('',#2016,0.127027859308701,0.127);
#683=ELLIPSE('',#2017,0.127027859308701,0.127);
#684=ELLIPSE('',#2018,0.127027859308701,0.127);
#685=ELLIPSE('',#2023,0.131781708762973,0.127);
#686=CIRCLE('',#1843,0.0761999999999999);
#687=CIRCLE('',#1845,0.0762000000000002);
#688=CIRCLE('',#1849,0.0761999999999997);
#689=CIRCLE('',#1851,0.0761999999999999);
#690=CIRCLE('',#1855,0.0762);
#691=CIRCLE('',#1857,0.0762);
#692=CIRCLE('',#1863,0.0762);
#693=CIRCLE('',#1866,0.0762);
#694=CIRCLE('',#1867,0.0761999999999999);
#695=CIRCLE('',#1869,0.0762000000000001);
#696=CIRCLE('',#1873,0.0762000000000003);
#697=CIRCLE('',#1875,0.0762000000000004);
#698=CIRCLE('',#1879,0.0762000000000001);
#699=CIRCLE('',#1881,0.0762000000000003);
#700=CIRCLE('',#1894,0.0762);
#701=CIRCLE('',#1897,0.0762);
#702=CIRCLE('',#1922,0.0762);
#703=CIRCLE('',#1926,0.0762);
#704=CIRCLE('',#1945,0.127);
#705=CIRCLE('',#1946,0.127);
#706=CIRCLE('',#1948,0.127);
#707=CIRCLE('',#1949,0.127);
#708=CIRCLE('',#1951,0.127);
#709=CIRCLE('',#1953,0.127);
#710=CIRCLE('',#1954,0.127);
#711=CIRCLE('',#1956,0.127);
#712=CIRCLE('',#1958,0.127);
#713=CIRCLE('',#1959,0.127);
#714=CIRCLE('',#1961,0.127);
#715=CIRCLE('',#1963,0.127000000000001);
#716=CIRCLE('',#1964,0.127);
#717=CIRCLE('',#1966,0.127);
#718=CIRCLE('',#1968,0.127);
#719=CIRCLE('',#1969,0.127);
#720=CIRCLE('',#1971,0.127);
#721=CIRCLE('',#1973,0.126999999999999);
#722=CIRCLE('',#1974,0.127);
#723=CIRCLE('',#1976,0.127);
#724=CIRCLE('',#1978,0.127000000000001);
#725=CIRCLE('',#1979,0.127);
#726=CIRCLE('',#1981,0.127);
#727=CIRCLE('',#1983,0.127);
#728=CIRCLE('',#1985,0.127);
#729=CIRCLE('',#1988,0.127);
#730=CIRCLE('',#2019,0.127);
#731=CIRCLE('',#2020,0.127);
#732=VERTEX_POINT('',#2579);
#733=VERTEX_POINT('',#2580);
#734=VERTEX_POINT('',#2582);
#735=VERTEX_POINT('',#2584);
#736=VERTEX_POINT('',#2603);
#737=VERTEX_POINT('',#2622);
#738=VERTEX_POINT('',#2623);
#739=VERTEX_POINT('',#2625);
#740=VERTEX_POINT('',#2627);
#741=VERTEX_POINT('',#2646);
#742=VERTEX_POINT('',#2665);
#743=VERTEX_POINT('',#2666);
#744=VERTEX_POINT('',#2668);
#745=VERTEX_POINT('',#2670);
#746=VERTEX_POINT('',#2689);
#747=VERTEX_POINT('',#2712);
#748=VERTEX_POINT('',#2713);
#749=VERTEX_POINT('',#2715);
#750=VERTEX_POINT('',#2738);
#751=VERTEX_POINT('',#2739);
#752=VERTEX_POINT('',#2741);
#753=VERTEX_POINT('',#2760);
#754=VERTEX_POINT('',#2761);
#755=VERTEX_POINT('',#2763);
#756=VERTEX_POINT('',#2765);
#757=VERTEX_POINT('',#2784);
#758=VERTEX_POINT('',#2803);
#759=VERTEX_POINT('',#2804);
#760=VERTEX_POINT('',#2806);
#761=VERTEX_POINT('',#2808);
#762=VERTEX_POINT('',#2827);
#763=VERTEX_POINT('',#2846);
#764=VERTEX_POINT('',#2847);
#765=VERTEX_POINT('',#2849);
#766=VERTEX_POINT('',#2851);
#767=VERTEX_POINT('',#2870);
#768=VERTEX_POINT('',#2898);
#769=VERTEX_POINT('',#2900);
#770=VERTEX_POINT('',#2904);
#771=VERTEX_POINT('',#2908);
#772=VERTEX_POINT('',#2912);
#773=VERTEX_POINT('',#2914);
#774=VERTEX_POINT('',#2918);
#775=VERTEX_POINT('',#2920);
#776=VERTEX_POINT('',#2927);
#777=VERTEX_POINT('',#2931);
#778=VERTEX_POINT('',#2933);
#779=VERTEX_POINT('',#2938);
#780=VERTEX_POINT('',#2945);
#781=VERTEX_POINT('',#2949);
#782=VERTEX_POINT('',#2951);
#783=VERTEX_POINT('',#2964);
#784=VERTEX_POINT('',#2966);
#785=VERTEX_POINT('',#2973);
#786=VERTEX_POINT('',#2975);
#787=VERTEX_POINT('',#2980);
#788=VERTEX_POINT('',#2989);
#789=VERTEX_POINT('',#2991);
#790=VERTEX_POINT('',#2996);
#791=VERTEX_POINT('',#3001);
#792=VERTEX_POINT('',#3007);
#793=VERTEX_POINT('',#3009);
#794=VERTEX_POINT('',#3016);
#795=VERTEX_POINT('',#3018);
#796=VERTEX_POINT('',#3020);
#797=VERTEX_POINT('',#3027);
#798=VERTEX_POINT('',#3033);
#799=VERTEX_POINT('',#3035);
#800=VERTEX_POINT('',#3042);
#801=VERTEX_POINT('',#3047);
#802=VERTEX_POINT('',#3051);
#803=VERTEX_POINT('',#3053);
#804=VERTEX_POINT('',#3062);
#805=VERTEX_POINT('',#3066);
#806=VERTEX_POINT('',#3067);
#807=VERTEX_POINT('',#3072);
#808=VERTEX_POINT('',#3074);
#809=VERTEX_POINT('',#3076);
#810=VERTEX_POINT('',#3085);
#811=VERTEX_POINT('',#3087);
#812=VERTEX_POINT('',#3091);
#813=VERTEX_POINT('',#3093);
#814=VERTEX_POINT('',#3095);
#815=VERTEX_POINT('',#3102);
#816=VERTEX_POINT('',#3107);
#817=VERTEX_POINT('',#3109);
#818=VERTEX_POINT('',#3115);
#819=VERTEX_POINT('',#3117);
#820=VERTEX_POINT('',#3139);
#821=VERTEX_POINT('',#3140);
#822=VERTEX_POINT('',#3142);
#823=VERTEX_POINT('',#3144);
#824=VERTEX_POINT('',#3148);
#825=VERTEX_POINT('',#3149);
#826=VERTEX_POINT('',#3151);
#827=VERTEX_POINT('',#3158);
#828=VERTEX_POINT('',#3160);
#829=VERTEX_POINT('',#3162);
#830=VERTEX_POINT('',#3168);
#831=VERTEX_POINT('',#3169);
#832=VERTEX_POINT('',#3171);
#833=VERTEX_POINT('',#3178);
#834=VERTEX_POINT('',#3180);
#835=VERTEX_POINT('',#3182);
#836=VERTEX_POINT('',#3188);
#837=VERTEX_POINT('',#3190);
#838=VERTEX_POINT('',#3192);
#839=VERTEX_POINT('',#3198);
#840=VERTEX_POINT('',#3200);
#841=VERTEX_POINT('',#3202);
#842=VERTEX_POINT('',#3208);
#843=VERTEX_POINT('',#3211);
#844=VERTEX_POINT('',#3219);
#845=VERTEX_POINT('',#3221);
#846=VERTEX_POINT('',#3225);
#847=VERTEX_POINT('',#3229);
#848=VERTEX_POINT('',#3233);
#849=VERTEX_POINT('',#3235);
#850=VERTEX_POINT('',#3239);
#851=VERTEX_POINT('',#3241);
#852=VERTEX_POINT('',#3248);
#853=VERTEX_POINT('',#3252);
#854=VERTEX_POINT('',#3254);
#855=VERTEX_POINT('',#3259);
#856=VERTEX_POINT('',#3266);
#857=VERTEX_POINT('',#3268);
#858=VERTEX_POINT('',#3273);
#859=VERTEX_POINT('',#3275);
#860=VERTEX_POINT('',#3284);
#861=VERTEX_POINT('',#3286);
#862=VERTEX_POINT('',#3288);
#863=VERTEX_POINT('',#3292);
#864=VERTEX_POINT('',#3294);
#865=VERTEX_POINT('',#3296);
#866=VERTEX_POINT('',#3298);
#867=VERTEX_POINT('',#3307);
#868=VERTEX_POINT('',#3309);
#869=VERTEX_POINT('',#3314);
#870=VERTEX_POINT('',#3316);
#871=VERTEX_POINT('',#3323);
#872=VERTEX_POINT('',#3325);
#873=VERTEX_POINT('',#3330);
#874=VERTEX_POINT('',#3335);
#875=VERTEX_POINT('',#3351);
#876=VERTEX_POINT('',#3353);
#877=VERTEX_POINT('',#3360);
#878=VERTEX_POINT('',#3364);
#879=VERTEX_POINT('',#3369);
#880=VERTEX_POINT('',#3376);
#881=VERTEX_POINT('',#3380);
#882=VERTEX_POINT('',#3382);
#883=VERTEX_POINT('',#3384);
#884=VERTEX_POINT('',#3386);
#885=VERTEX_POINT('',#3388);
#886=VERTEX_POINT('',#3390);
#887=VERTEX_POINT('',#3392);
#888=VERTEX_POINT('',#3394);
#889=VERTEX_POINT('',#3396);
#890=VERTEX_POINT('',#3398);
#891=VERTEX_POINT('',#3402);
#892=VERTEX_POINT('',#3412);
#893=VERTEX_POINT('',#3424);
#894=VERTEX_POINT('',#3431);
#895=VERTEX_POINT('',#3441);
#896=EDGE_CURVE('',#732,#733,#686,.T.);
#897=EDGE_CURVE('',#732,#734,#632,.T.);
#898=EDGE_CURVE('',#734,#735,#687,.T.);
#899=EDGE_CURVE('',#735,#733,#633,.T.);
#900=EDGE_CURVE('',#733,#736,#634,.T.);
#901=EDGE_CURVE('',#736,#732,#635,.T.);
#902=EDGE_CURVE('',#737,#738,#688,.T.);
#903=EDGE_CURVE('',#737,#739,#636,.T.);
#904=EDGE_CURVE('',#739,#740,#689,.T.);
#905=EDGE_CURVE('',#740,#738,#637,.T.);
#906=EDGE_CURVE('',#738,#741,#638,.T.);
#907=EDGE_CURVE('',#741,#737,#639,.T.);
#908=EDGE_CURVE('',#742,#743,#690,.T.);
#909=EDGE_CURVE('',#742,#744,#640,.T.);
#910=EDGE_CURVE('',#744,#745,#691,.T.);
#911=EDGE_CURVE('',#745,#743,#641,.T.);
#912=EDGE_CURVE('',#743,#746,#642,.T.);
#913=EDGE_CURVE('',#746,#742,#643,.T.);
#914=EDGE_CURVE('',#747,#748,#644,.T.);
#915=EDGE_CURVE('',#748,#749,#645,.T.);
#916=EDGE_CURVE('',#749,#747,#692,.T.);
#917=EDGE_CURVE('',#750,#751,#646,.T.);
#918=EDGE_CURVE('',#751,#752,#647,.T.);
#919=EDGE_CURVE('',#752,#750,#693,.T.);
#920=EDGE_CURVE('',#753,#754,#694,.T.);
#921=EDGE_CURVE('',#753,#755,#648,.T.);
#922=EDGE_CURVE('',#755,#756,#695,.T.);
#923=EDGE_CURVE('',#756,#754,#649,.T.);
#924=EDGE_CURVE('',#754,#757,#650,.T.);
#925=EDGE_CURVE('',#757,#753,#651,.T.);
#926=EDGE_CURVE('',#758,#759,#696,.T.);
#927=EDGE_CURVE('',#758,#760,#652,.T.);
#928=EDGE_CURVE('',#760,#761,#697,.T.);
#929=EDGE_CURVE('',#761,#759,#653,.T.);
#930=EDGE_CURVE('',#759,#762,#654,.T.);
#931=EDGE_CURVE('',#762,#758,#655,.T.);
#932=EDGE_CURVE('',#763,#764,#698,.T.);
#933=EDGE_CURVE('',#763,#765,#656,.T.);
#934=EDGE_CURVE('',#765,#766,#699,.T.);
#935=EDGE_CURVE('',#766,#764,#657,.T.);
#936=EDGE_CURVE('',#764,#767,#658,.T.);
#937=EDGE_CURVE('',#767,#763,#659,.T.);
#938=EDGE_CURVE('',#733,#763,#91,.T.);
#939=EDGE_CURVE('',#767,#736,#92,.T.);
#940=EDGE_CURVE('',#762,#767,#93,.T.);
#941=EDGE_CURVE('',#766,#758,#94,.T.);
#942=EDGE_CURVE('',#757,#762,#95,.T.);
#943=EDGE_CURVE('',#761,#753,#96,.T.);
#944=EDGE_CURVE('',#751,#757,#97,.T.);
#945=EDGE_CURVE('',#756,#752,#98,.T.);
#946=EDGE_CURVE('',#748,#751,#99,.T.);
#947=EDGE_CURVE('',#750,#749,#100,.T.);
#948=EDGE_CURVE('',#746,#748,#101,.T.);
#949=EDGE_CURVE('',#747,#744,#102,.T.);
#950=EDGE_CURVE('',#741,#746,#103,.T.);
#951=EDGE_CURVE('',#743,#739,#104,.T.);
#952=EDGE_CURVE('',#736,#741,#105,.T.);
#953=EDGE_CURVE('',#738,#734,#106,.T.);
#954=EDGE_CURVE('',#749,#768,#107,.T.);
#955=EDGE_CURVE('',#768,#769,#700,.T.);
#956=EDGE_CURVE('',#769,#747,#108,.T.);
#957=EDGE_CURVE('',#770,#750,#109,.T.);
#958=EDGE_CURVE('',#768,#770,#110,.T.);
#959=EDGE_CURVE('',#752,#771,#111,.T.);
#960=EDGE_CURVE('',#771,#770,#701,.T.);
#961=EDGE_CURVE('',#772,#756,#112,.T.);
#962=EDGE_CURVE('',#773,#772,#113,.T.);
#963=EDGE_CURVE('',#771,#773,#114,.T.);
#964=EDGE_CURVE('',#755,#774,#115,.T.);
#965=EDGE_CURVE('',#775,#774,#24,.T.);
#966=EDGE_CURVE('',#775,#772,#660,.T.);
#967=EDGE_CURVE('',#776,#761,#116,.T.);
#968=EDGE_CURVE('',#776,#774,#117,.T.);
#969=EDGE_CURVE('',#760,#777,#118,.T.);
#970=EDGE_CURVE('',#778,#777,#25,.T.);
#971=EDGE_CURVE('',#779,#778,#661,.T.);
#972=EDGE_CURVE('',#776,#779,#26,.T.);
#973=EDGE_CURVE('',#780,#766,#119,.T.);
#974=EDGE_CURVE('',#780,#777,#120,.T.);
#975=EDGE_CURVE('',#765,#781,#121,.T.);
#976=EDGE_CURVE('',#782,#781,#27,.T.);
#977=EDGE_CURVE('',#780,#782,#28,.T.);
#978=EDGE_CURVE('',#783,#782,#662,.F.);
#979=EDGE_CURVE('',#784,#783,#122,.T.);
#980=EDGE_CURVE('',#784,#778,#29,.T.);
#981=EDGE_CURVE('',#734,#785,#123,.T.);
#982=EDGE_CURVE('',#786,#785,#30,.T.);
#983=EDGE_CURVE('',#787,#786,#31,.T.);
#984=EDGE_CURVE('',#787,#735,#124,.T.);
#985=EDGE_CURVE('',#788,#785,#125,.T.);
#986=EDGE_CURVE('',#788,#789,#32,.T.);
#987=EDGE_CURVE('',#789,#790,#33,.T.);
#988=EDGE_CURVE('',#791,#790,#126,.T.);
#989=EDGE_CURVE('',#791,#786,#663,.F.);
#990=EDGE_CURVE('',#788,#740,#127,.T.);
#991=EDGE_CURVE('',#739,#792,#128,.T.);
#992=EDGE_CURVE('',#793,#792,#34,.T.);
#993=EDGE_CURVE('',#789,#793,#664,.T.);
#994=EDGE_CURVE('',#744,#794,#129,.T.);
#995=EDGE_CURVE('',#795,#794,#665,.T.);
#996=EDGE_CURVE('',#796,#795,#35,.T.);
#997=EDGE_CURVE('',#796,#745,#130,.T.);
#998=EDGE_CURVE('',#797,#769,#131,.T.);
#999=EDGE_CURVE('',#794,#797,#132,.T.);
#1000=EDGE_CURVE('',#796,#792,#133,.T.);
#1001=EDGE_CURVE('',#797,#798,#666,.T.);
#1002=EDGE_CURVE('',#798,#799,#134,.T.);
#1003=EDGE_CURVE('',#795,#799,#36,.T.);
#1004=EDGE_CURVE('',#800,#775,#37,.T.);
#1005=EDGE_CURVE('',#800,#801,#135,.T.);
#1006=EDGE_CURVE('',#801,#773,#702,.T.);
#1007=EDGE_CURVE('',#800,#802,#136,.T.);
#1008=EDGE_CURVE('',#803,#802,#137,.T.);
#1009=EDGE_CURVE('',#801,#803,#138,.T.);
#1010=EDGE_CURVE('',#779,#802,#38,.T.);
#1011=EDGE_CURVE('',#784,#804,#139,.T.);
#1012=EDGE_CURVE('',#804,#803,#703,.T.);
#1013=EDGE_CURVE('',#805,#806,#39,.T.);
#1014=EDGE_CURVE('',#805,#807,#140,.T.);
#1015=EDGE_CURVE('',#807,#808,#667,.T.);
#1016=EDGE_CURVE('',#808,#809,#141,.T.);
#1017=EDGE_CURVE('',#806,#809,#40,.T.);
#1018=EDGE_CURVE('',#805,#810,#142,.T.);
#1019=EDGE_CURVE('',#811,#810,#143,.T.);
#1020=EDGE_CURVE('',#807,#811,#144,.T.);
#1021=EDGE_CURVE('',#812,#806,#668,.T.);
#1022=EDGE_CURVE('',#813,#812,#145,.T.);
#1023=EDGE_CURVE('',#813,#814,#669,.T.);
#1024=EDGE_CURVE('',#814,#810,#41,.T.);
#1025=EDGE_CURVE('',#815,#793,#42,.T.);
#1026=EDGE_CURVE('',#815,#816,#146,.T.);
#1027=EDGE_CURVE('',#816,#817,#670,.T.);
#1028=EDGE_CURVE('',#817,#790,#147,.T.);
#1029=EDGE_CURVE('',#815,#799,#148,.T.);
#1030=EDGE_CURVE('',#818,#817,#149,.T.);
#1031=EDGE_CURVE('',#819,#818,#150,.T.);
#1032=EDGE_CURVE('',#819,#791,#151,.T.);
#1033=EDGE_CURVE('',#819,#814,#43,.T.);
#1034=EDGE_CURVE('',#818,#811,#671,.T.);
#1035=EDGE_CURVE('',#787,#813,#152,.T.);
#1036=EDGE_CURVE('',#812,#781,#153,.T.);
#1037=EDGE_CURVE('',#783,#809,#154,.T.);
#1038=EDGE_CURVE('',#804,#808,#155,.T.);
#1039=EDGE_CURVE('',#816,#798,#156,.T.);
#1040=EDGE_CURVE('',#820,#821,#704,.T.);
#1041=EDGE_CURVE('',#821,#822,#157,.T.);
#1042=EDGE_CURVE('',#822,#823,#705,.T.);
#1043=EDGE_CURVE('',#823,#820,#158,.T.);
#1044=EDGE_CURVE('',#824,#825,#706,.T.);
#1045=EDGE_CURVE('',#825,#826,#159,.T.);
#1046=EDGE_CURVE('',#826,#822,#707,.T.);
#1047=EDGE_CURVE('',#822,#824,#160,.T.);
#1048=EDGE_CURVE('',#826,#823,#708,.T.);
#1049=EDGE_CURVE('',#827,#824,#709,.T.);
#1050=EDGE_CURVE('',#824,#828,#161,.T.);
#1051=EDGE_CURVE('',#828,#829,#710,.T.);
#1052=EDGE_CURVE('',#829,#827,#162,.T.);
#1053=EDGE_CURVE('',#827,#825,#711,.T.);
#1054=EDGE_CURVE('',#830,#831,#712,.T.);
#1055=EDGE_CURVE('',#831,#832,#163,.T.);
#1056=EDGE_CURVE('',#832,#828,#713,.T.);
#1057=EDGE_CURVE('',#828,#830,#164,.T.);
#1058=EDGE_CURVE('',#832,#829,#714,.T.);
#1059=EDGE_CURVE('',#833,#830,#715,.T.);
#1060=EDGE_CURVE('',#830,#834,#165,.T.);
#1061=EDGE_CURVE('',#834,#835,#716,.T.);
#1062=EDGE_CURVE('',#835,#833,#166,.T.);
#1063=EDGE_CURVE('',#833,#831,#717,.T.);
#1064=EDGE_CURVE('',#836,#834,#718,.T.);
#1065=EDGE_CURVE('',#834,#837,#167,.T.);
#1066=EDGE_CURVE('',#837,#838,#719,.T.);
#1067=EDGE_CURVE('',#838,#836,#168,.T.);
#1068=EDGE_CURVE('',#836,#835,#720,.T.);
#1069=EDGE_CURVE('',#839,#837,#721,.T.);
#1070=EDGE_CURVE('',#837,#840,#169,.T.);
#1071=EDGE_CURVE('',#840,#841,#722,.T.);
#1072=EDGE_CURVE('',#841,#839,#170,.T.);
#1073=EDGE_CURVE('',#839,#838,#723,.T.);
#1074=EDGE_CURVE('',#842,#840,#724,.T.);
#1075=EDGE_CURVE('',#840,#821,#171,.T.);
#1076=EDGE_CURVE('',#821,#843,#725,.T.);
#1077=EDGE_CURVE('',#843,#842,#172,.T.);
#1078=EDGE_CURVE('',#842,#841,#726,.T.);
#1079=EDGE_CURVE('',#820,#843,#727,.T.);
#1080=EDGE_CURVE('',#833,#844,#173,.T.);
#1081=EDGE_CURVE('',#844,#845,#728,.T.);
#1082=EDGE_CURVE('',#845,#831,#174,.T.);
#1083=EDGE_CURVE('',#846,#835,#175,.T.);
#1084=EDGE_CURVE('',#846,#844,#176,.T.);
#1085=EDGE_CURVE('',#836,#847,#177,.T.);
#1086=EDGE_CURVE('',#847,#846,#729,.T.);
#1087=EDGE_CURVE('',#848,#838,#178,.T.);
#1088=EDGE_CURVE('',#849,#848,#179,.T.);
#1089=EDGE_CURVE('',#849,#847,#180,.T.);
#1090=EDGE_CURVE('',#839,#850,#181,.T.);
#1091=EDGE_CURVE('',#850,#851,#44,.T.);
#1092=EDGE_CURVE('',#851,#848,#672,.T.);
#1093=EDGE_CURVE('',#852,#841,#182,.T.);
#1094=EDGE_CURVE('',#850,#852,#183,.T.);
#1095=EDGE_CURVE('',#842,#853,#184,.T.);
#1096=EDGE_CURVE('',#853,#854,#45,.T.);
#1097=EDGE_CURVE('',#854,#855,#673,.T.);
#1098=EDGE_CURVE('',#855,#852,#46,.T.);
#1099=EDGE_CURVE('',#856,#843,#185,.T.);
#1100=EDGE_CURVE('',#857,#856,#674,.T.);
#1101=EDGE_CURVE('',#853,#857,#186,.T.);
#1102=EDGE_CURVE('',#826,#858,#187,.T.);
#1103=EDGE_CURVE('',#858,#859,#47,.T.);
#1104=EDGE_CURVE('',#859,#823,#188,.T.);
#1105=EDGE_CURVE('',#860,#859,#189,.T.);
#1106=EDGE_CURVE('',#861,#860,#190,.T.);
#1107=EDGE_CURVE('',#862,#861,#191,.T.);
#1108=EDGE_CURVE('',#820,#862,#192,.T.);
#1109=EDGE_CURVE('',#858,#863,#675,.T.);
#1110=EDGE_CURVE('',#864,#863,#676,.T.);
#1111=EDGE_CURVE('',#864,#865,#193,.T.);
#1112=EDGE_CURVE('',#866,#865,#48,.T.);
#1113=EDGE_CURVE('',#860,#866,#677,.T.);
#1114=EDGE_CURVE('',#827,#867,#194,.T.);
#1115=EDGE_CURVE('',#867,#868,#49,.T.);
#1116=EDGE_CURVE('',#868,#869,#678,.T.);
#1117=EDGE_CURVE('',#869,#870,#50,.T.);
#1118=EDGE_CURVE('',#870,#825,#195,.T.);
#1119=EDGE_CURVE('',#867,#871,#196,.T.);
#1120=EDGE_CURVE('',#872,#871,#51,.T.);
#1121=EDGE_CURVE('',#873,#872,#52,.T.);
#1122=EDGE_CURVE('',#873,#874,#197,.T.);
#1123=EDGE_CURVE('',#868,#874,#53,.T.);
#1124=EDGE_CURVE('',#871,#829,#198,.T.);
#1125=EDGE_CURVE('',#862,#856,#54,.T.);
#1126=EDGE_CURVE('',#861,#875,#679,.T.);
#1127=EDGE_CURVE('',#876,#875,#55,.T.);
#1128=EDGE_CURVE('',#876,#877,#199,.T.);
#1129=EDGE_CURVE('',#877,#857,#680,.T.);
#1130=EDGE_CURVE('',#878,#855,#56,.T.);
#1131=EDGE_CURVE('',#878,#879,#200,.T.);
#1132=EDGE_CURVE('',#851,#879,#57,.T.);
#1133=EDGE_CURVE('',#879,#880,#201,.T.);
#1134=EDGE_CURVE('',#880,#849,#681,.T.);
#1135=EDGE_CURVE('',#881,#880,#202,.T.);
#1136=EDGE_CURVE('',#882,#881,#682,.T.);
#1137=EDGE_CURVE('',#882,#883,#203,.T.);
#1138=EDGE_CURVE('',#884,#883,#683,.T.);
#1139=EDGE_CURVE('',#885,#884,#204,.T.);
#1140=EDGE_CURVE('',#886,#885,#684,.T.);
#1141=EDGE_CURVE('',#887,#886,#205,.T.);
#1142=EDGE_CURVE('',#888,#887,#730,.T.);
#1143=EDGE_CURVE('',#889,#888,#206,.T.);
#1144=EDGE_CURVE('',#890,#889,#731,.T.);
#1145=EDGE_CURVE('',#845,#890,#207,.T.);
#1146=EDGE_CURVE('',#891,#890,#208,.T.);
#1147=EDGE_CURVE('',#832,#891,#209,.T.);
#1148=EDGE_CURVE('',#891,#872,#685,.T.);
#1149=EDGE_CURVE('',#889,#873,#210,.T.);
#1150=EDGE_CURVE('',#874,#888,#211,.T.);
#1151=EDGE_CURVE('',#887,#892,#212,.T.);
#1152=EDGE_CURVE('',#892,#869,#58,.T.);
#1153=EDGE_CURVE('',#892,#864,#213,.T.);
#1154=EDGE_CURVE('',#863,#870,#214,.T.);
#1155=EDGE_CURVE('',#865,#886,#215,.T.);
#1156=EDGE_CURVE('',#885,#893,#216,.T.);
#1157=EDGE_CURVE('',#893,#866,#59,.T.);
#1158=EDGE_CURVE('',#893,#894,#217,.T.);
#1159=EDGE_CURVE('',#875,#894,#60,.T.);
#1160=EDGE_CURVE('',#894,#884,#218,.T.);
#1161=EDGE_CURVE('',#883,#876,#219,.T.);
#1162=EDGE_CURVE('',#895,#882,#220,.T.);
#1163=EDGE_CURVE('',#877,#895,#221,.T.);
#1164=EDGE_CURVE('',#881,#878,#222,.T.);
#1165=EDGE_CURVE('',#854,#895,#61,.T.);
#1166=ORIENTED_EDGE('',*,*,#896,.F.);
#1167=ORIENTED_EDGE('',*,*,#897,.T.);
#1168=ORIENTED_EDGE('',*,*,#898,.T.);
#1169=ORIENTED_EDGE('',*,*,#899,.T.);
#1170=ORIENTED_EDGE('',*,*,#900,.T.);
#1171=ORIENTED_EDGE('',*,*,#901,.T.);
#1172=ORIENTED_EDGE('',*,*,#896,.T.);
#1173=ORIENTED_EDGE('',*,*,#902,.F.);
#1174=ORIENTED_EDGE('',*,*,#903,.T.);
#1175=ORIENTED_EDGE('',*,*,#904,.T.);
#1176=ORIENTED_EDGE('',*,*,#905,.T.);
#1177=ORIENTED_EDGE('',*,*,#906,.T.);
#1178=ORIENTED_EDGE('',*,*,#907,.T.);
#1179=ORIENTED_EDGE('',*,*,#902,.T.);
#1180=ORIENTED_EDGE('',*,*,#908,.F.);
#1181=ORIENTED_EDGE('',*,*,#909,.T.);
#1182=ORIENTED_EDGE('',*,*,#910,.T.);
#1183=ORIENTED_EDGE('',*,*,#911,.T.);
#1184=ORIENTED_EDGE('',*,*,#912,.T.);
#1185=ORIENTED_EDGE('',*,*,#913,.T.);
#1186=ORIENTED_EDGE('',*,*,#908,.T.);
#1187=ORIENTED_EDGE('',*,*,#914,.T.);
#1188=ORIENTED_EDGE('',*,*,#915,.T.);
#1189=ORIENTED_EDGE('',*,*,#916,.T.);
#1190=ORIENTED_EDGE('',*,*,#917,.T.);
#1191=ORIENTED_EDGE('',*,*,#918,.T.);
#1192=ORIENTED_EDGE('',*,*,#919,.T.);
#1193=ORIENTED_EDGE('',*,*,#920,.F.);
#1194=ORIENTED_EDGE('',*,*,#921,.T.);
#1195=ORIENTED_EDGE('',*,*,#922,.T.);
#1196=ORIENTED_EDGE('',*,*,#923,.T.);
#1197=ORIENTED_EDGE('',*,*,#924,.T.);
#1198=ORIENTED_EDGE('',*,*,#925,.T.);
#1199=ORIENTED_EDGE('',*,*,#920,.T.);
#1200=ORIENTED_EDGE('',*,*,#926,.F.);
#1201=ORIENTED_EDGE('',*,*,#927,.T.);
#1202=ORIENTED_EDGE('',*,*,#928,.T.);
#1203=ORIENTED_EDGE('',*,*,#929,.T.);
#1204=ORIENTED_EDGE('',*,*,#930,.T.);
#1205=ORIENTED_EDGE('',*,*,#931,.T.);
#1206=ORIENTED_EDGE('',*,*,#926,.T.);
#1207=ORIENTED_EDGE('',*,*,#932,.F.);
#1208=ORIENTED_EDGE('',*,*,#933,.T.);
#1209=ORIENTED_EDGE('',*,*,#934,.T.);
#1210=ORIENTED_EDGE('',*,*,#935,.T.);
#1211=ORIENTED_EDGE('',*,*,#936,.T.);
#1212=ORIENTED_EDGE('',*,*,#937,.T.);
#1213=ORIENTED_EDGE('',*,*,#932,.T.);
#1214=ORIENTED_EDGE('',*,*,#900,.F.);
#1215=ORIENTED_EDGE('',*,*,#938,.T.);
#1216=ORIENTED_EDGE('',*,*,#937,.F.);
#1217=ORIENTED_EDGE('',*,*,#939,.T.);
#1218=ORIENTED_EDGE('',*,*,#931,.F.);
#1219=ORIENTED_EDGE('',*,*,#940,.T.);
#1220=ORIENTED_EDGE('',*,*,#936,.F.);
#1221=ORIENTED_EDGE('',*,*,#935,.F.);
#1222=ORIENTED_EDGE('',*,*,#941,.T.);
#1223=ORIENTED_EDGE('',*,*,#925,.F.);
#1224=ORIENTED_EDGE('',*,*,#942,.T.);
#1225=ORIENTED_EDGE('',*,*,#930,.F.);
#1226=ORIENTED_EDGE('',*,*,#929,.F.);
#1227=ORIENTED_EDGE('',*,*,#943,.T.);
#1228=ORIENTED_EDGE('',*,*,#918,.F.);
#1229=ORIENTED_EDGE('',*,*,#944,.T.);
#1230=ORIENTED_EDGE('',*,*,#924,.F.);
#1231=ORIENTED_EDGE('',*,*,#923,.F.);
#1232=ORIENTED_EDGE('',*,*,#945,.T.);
#1233=ORIENTED_EDGE('',*,*,#915,.F.);
#1234=ORIENTED_EDGE('',*,*,#946,.T.);
#1235=ORIENTED_EDGE('',*,*,#917,.F.);
#1236=ORIENTED_EDGE('',*,*,#947,.T.);
#1237=ORIENTED_EDGE('',*,*,#909,.F.);
#1238=ORIENTED_EDGE('',*,*,#913,.F.);
#1239=ORIENTED_EDGE('',*,*,#948,.T.);
#1240=ORIENTED_EDGE('',*,*,#914,.F.);
#1241=ORIENTED_EDGE('',*,*,#949,.T.);
#1242=ORIENTED_EDGE('',*,*,#903,.F.);
#1243=ORIENTED_EDGE('',*,*,#907,.F.);
#1244=ORIENTED_EDGE('',*,*,#950,.T.);
#1245=ORIENTED_EDGE('',*,*,#912,.F.);
#1246=ORIENTED_EDGE('',*,*,#951,.T.);
#1247=ORIENTED_EDGE('',*,*,#897,.F.);
#1248=ORIENTED_EDGE('',*,*,#901,.F.);
#1249=ORIENTED_EDGE('',*,*,#952,.T.);
#1250=ORIENTED_EDGE('',*,*,#906,.F.);
#1251=ORIENTED_EDGE('',*,*,#953,.T.);
#1252=ORIENTED_EDGE('',*,*,#916,.F.);
#1253=ORIENTED_EDGE('',*,*,#954,.T.);
#1254=ORIENTED_EDGE('',*,*,#955,.T.);
#1255=ORIENTED_EDGE('',*,*,#956,.T.);
#1256=ORIENTED_EDGE('',*,*,#947,.F.);
#1257=ORIENTED_EDGE('',*,*,#957,.F.);
#1258=ORIENTED_EDGE('',*,*,#958,.F.);
#1259=ORIENTED_EDGE('',*,*,#954,.F.);
#1260=ORIENTED_EDGE('',*,*,#919,.F.);
#1261=ORIENTED_EDGE('',*,*,#959,.T.);
#1262=ORIENTED_EDGE('',*,*,#960,.T.);
#1263=ORIENTED_EDGE('',*,*,#957,.T.);
#1264=ORIENTED_EDGE('',*,*,#945,.F.);
#1265=ORIENTED_EDGE('',*,*,#961,.F.);
#1266=ORIENTED_EDGE('',*,*,#962,.F.);
#1267=ORIENTED_EDGE('',*,*,#963,.F.);
#1268=ORIENTED_EDGE('',*,*,#959,.F.);
#1269=ORIENTED_EDGE('',*,*,#922,.F.);
#1270=ORIENTED_EDGE('',*,*,#964,.T.);
#1271=ORIENTED_EDGE('',*,*,#965,.F.);
#1272=ORIENTED_EDGE('',*,*,#966,.T.);
#1273=ORIENTED_EDGE('',*,*,#961,.T.);
#1274=ORIENTED_EDGE('',*,*,#921,.F.);
#1275=ORIENTED_EDGE('',*,*,#943,.F.);
#1276=ORIENTED_EDGE('',*,*,#967,.F.);
#1277=ORIENTED_EDGE('',*,*,#968,.T.);
#1278=ORIENTED_EDGE('',*,*,#964,.F.);
#1279=ORIENTED_EDGE('',*,*,#928,.F.);
#1280=ORIENTED_EDGE('',*,*,#969,.T.);
#1281=ORIENTED_EDGE('',*,*,#970,.F.);
#1282=ORIENTED_EDGE('',*,*,#971,.F.);
#1283=ORIENTED_EDGE('',*,*,#972,.F.);
#1284=ORIENTED_EDGE('',*,*,#967,.T.);
#1285=ORIENTED_EDGE('',*,*,#927,.F.);
#1286=ORIENTED_EDGE('',*,*,#941,.F.);
#1287=ORIENTED_EDGE('',*,*,#973,.F.);
#1288=ORIENTED_EDGE('',*,*,#974,.T.);
#1289=ORIENTED_EDGE('',*,*,#969,.F.);
#1290=ORIENTED_EDGE('',*,*,#934,.F.);
#1291=ORIENTED_EDGE('',*,*,#975,.T.);
#1292=ORIENTED_EDGE('',*,*,#976,.F.);
#1293=ORIENTED_EDGE('',*,*,#977,.F.);
#1294=ORIENTED_EDGE('',*,*,#973,.T.);
#1295=ORIENTED_EDGE('',*,*,#939,.F.);
#1296=ORIENTED_EDGE('',*,*,#940,.F.);
#1297=ORIENTED_EDGE('',*,*,#942,.F.);
#1298=ORIENTED_EDGE('',*,*,#944,.F.);
#1299=ORIENTED_EDGE('',*,*,#946,.F.);
#1300=ORIENTED_EDGE('',*,*,#948,.F.);
#1301=ORIENTED_EDGE('',*,*,#950,.F.);
#1302=ORIENTED_EDGE('',*,*,#952,.F.);
#1303=ORIENTED_EDGE('',*,*,#977,.T.);
#1304=ORIENTED_EDGE('',*,*,#978,.F.);
#1305=ORIENTED_EDGE('',*,*,#979,.F.);
#1306=ORIENTED_EDGE('',*,*,#980,.T.);
#1307=ORIENTED_EDGE('',*,*,#970,.T.);
#1308=ORIENTED_EDGE('',*,*,#974,.F.);
#1309=ORIENTED_EDGE('',*,*,#898,.F.);
#1310=ORIENTED_EDGE('',*,*,#981,.T.);
#1311=ORIENTED_EDGE('',*,*,#982,.F.);
#1312=ORIENTED_EDGE('',*,*,#983,.F.);
#1313=ORIENTED_EDGE('',*,*,#984,.T.);
#1314=ORIENTED_EDGE('',*,*,#982,.T.);
#1315=ORIENTED_EDGE('',*,*,#985,.F.);
#1316=ORIENTED_EDGE('',*,*,#986,.T.);
#1317=ORIENTED_EDGE('',*,*,#987,.T.);
#1318=ORIENTED_EDGE('',*,*,#988,.F.);
#1319=ORIENTED_EDGE('',*,*,#989,.T.);
#1320=ORIENTED_EDGE('',*,*,#905,.F.);
#1321=ORIENTED_EDGE('',*,*,#990,.F.);
#1322=ORIENTED_EDGE('',*,*,#985,.T.);
#1323=ORIENTED_EDGE('',*,*,#981,.F.);
#1324=ORIENTED_EDGE('',*,*,#953,.F.);
#1325=ORIENTED_EDGE('',*,*,#904,.F.);
#1326=ORIENTED_EDGE('',*,*,#991,.T.);
#1327=ORIENTED_EDGE('',*,*,#992,.F.);
#1328=ORIENTED_EDGE('',*,*,#993,.F.);
#1329=ORIENTED_EDGE('',*,*,#986,.F.);
#1330=ORIENTED_EDGE('',*,*,#990,.T.);
#1331=ORIENTED_EDGE('',*,*,#910,.F.);
#1332=ORIENTED_EDGE('',*,*,#994,.T.);
#1333=ORIENTED_EDGE('',*,*,#995,.F.);
#1334=ORIENTED_EDGE('',*,*,#996,.F.);
#1335=ORIENTED_EDGE('',*,*,#997,.T.);
#1336=ORIENTED_EDGE('',*,*,#949,.F.);
#1337=ORIENTED_EDGE('',*,*,#956,.F.);
#1338=ORIENTED_EDGE('',*,*,#998,.F.);
#1339=ORIENTED_EDGE('',*,*,#999,.F.);
#1340=ORIENTED_EDGE('',*,*,#994,.F.);
#1341=ORIENTED_EDGE('',*,*,#911,.F.);
#1342=ORIENTED_EDGE('',*,*,#997,.F.);
#1343=ORIENTED_EDGE('',*,*,#1000,.T.);
#1344=ORIENTED_EDGE('',*,*,#991,.F.);
#1345=ORIENTED_EDGE('',*,*,#951,.F.);
#1346=ORIENTED_EDGE('',*,*,#995,.T.);
#1347=ORIENTED_EDGE('',*,*,#999,.T.);
#1348=ORIENTED_EDGE('',*,*,#1001,.T.);
#1349=ORIENTED_EDGE('',*,*,#1002,.T.);
#1350=ORIENTED_EDGE('',*,*,#1003,.F.);
#1351=ORIENTED_EDGE('',*,*,#1004,.F.);
#1352=ORIENTED_EDGE('',*,*,#1005,.T.);
#1353=ORIENTED_EDGE('',*,*,#1006,.T.);
#1354=ORIENTED_EDGE('',*,*,#962,.T.);
#1355=ORIENTED_EDGE('',*,*,#966,.F.);
#1356=ORIENTED_EDGE('',*,*,#1005,.F.);
#1357=ORIENTED_EDGE('',*,*,#1007,.T.);
#1358=ORIENTED_EDGE('',*,*,#1008,.F.);
#1359=ORIENTED_EDGE('',*,*,#1009,.F.);
#1360=ORIENTED_EDGE('',*,*,#972,.T.);
#1361=ORIENTED_EDGE('',*,*,#1010,.T.);
#1362=ORIENTED_EDGE('',*,*,#1007,.F.);
#1363=ORIENTED_EDGE('',*,*,#1004,.T.);
#1364=ORIENTED_EDGE('',*,*,#965,.T.);
#1365=ORIENTED_EDGE('',*,*,#968,.F.);
#1366=ORIENTED_EDGE('',*,*,#971,.T.);
#1367=ORIENTED_EDGE('',*,*,#980,.F.);
#1368=ORIENTED_EDGE('',*,*,#1011,.T.);
#1369=ORIENTED_EDGE('',*,*,#1012,.T.);
#1370=ORIENTED_EDGE('',*,*,#1008,.T.);
#1371=ORIENTED_EDGE('',*,*,#1010,.F.);
#1372=ORIENTED_EDGE('',*,*,#1013,.F.);
#1373=ORIENTED_EDGE('',*,*,#1014,.T.);
#1374=ORIENTED_EDGE('',*,*,#1015,.T.);
#1375=ORIENTED_EDGE('',*,*,#1016,.T.);
#1376=ORIENTED_EDGE('',*,*,#1017,.F.);
#1377=ORIENTED_EDGE('',*,*,#1014,.F.);
#1378=ORIENTED_EDGE('',*,*,#1018,.T.);
#1379=ORIENTED_EDGE('',*,*,#1019,.F.);
#1380=ORIENTED_EDGE('',*,*,#1020,.F.);
#1381=ORIENTED_EDGE('',*,*,#1013,.T.);
#1382=ORIENTED_EDGE('',*,*,#1021,.F.);
#1383=ORIENTED_EDGE('',*,*,#1022,.F.);
#1384=ORIENTED_EDGE('',*,*,#1023,.T.);
#1385=ORIENTED_EDGE('',*,*,#1024,.T.);
#1386=ORIENTED_EDGE('',*,*,#1018,.F.);
#1387=ORIENTED_EDGE('',*,*,#993,.T.);
#1388=ORIENTED_EDGE('',*,*,#1025,.F.);
#1389=ORIENTED_EDGE('',*,*,#1026,.T.);
#1390=ORIENTED_EDGE('',*,*,#1027,.T.);
#1391=ORIENTED_EDGE('',*,*,#1028,.T.);
#1392=ORIENTED_EDGE('',*,*,#987,.F.);
#1393=ORIENTED_EDGE('',*,*,#992,.T.);
#1394=ORIENTED_EDGE('',*,*,#1000,.F.);
#1395=ORIENTED_EDGE('',*,*,#996,.T.);
#1396=ORIENTED_EDGE('',*,*,#1003,.T.);
#1397=ORIENTED_EDGE('',*,*,#1029,.F.);
#1398=ORIENTED_EDGE('',*,*,#1025,.T.);
#1399=ORIENTED_EDGE('',*,*,#1028,.F.);
#1400=ORIENTED_EDGE('',*,*,#1030,.F.);
#1401=ORIENTED_EDGE('',*,*,#1031,.F.);
#1402=ORIENTED_EDGE('',*,*,#1032,.T.);
#1403=ORIENTED_EDGE('',*,*,#988,.T.);
#1404=ORIENTED_EDGE('',*,*,#1033,.F.);
#1405=ORIENTED_EDGE('',*,*,#1031,.T.);
#1406=ORIENTED_EDGE('',*,*,#1034,.T.);
#1407=ORIENTED_EDGE('',*,*,#1019,.T.);
#1408=ORIENTED_EDGE('',*,*,#1024,.F.);
#1409=ORIENTED_EDGE('',*,*,#983,.T.);
#1410=ORIENTED_EDGE('',*,*,#989,.F.);
#1411=ORIENTED_EDGE('',*,*,#1032,.F.);
#1412=ORIENTED_EDGE('',*,*,#1033,.T.);
#1413=ORIENTED_EDGE('',*,*,#1023,.F.);
#1414=ORIENTED_EDGE('',*,*,#1035,.F.);
#1415=ORIENTED_EDGE('',*,*,#976,.T.);
#1416=ORIENTED_EDGE('',*,*,#1036,.F.);
#1417=ORIENTED_EDGE('',*,*,#1021,.T.);
#1418=ORIENTED_EDGE('',*,*,#1017,.T.);
#1419=ORIENTED_EDGE('',*,*,#1037,.F.);
#1420=ORIENTED_EDGE('',*,*,#978,.T.);
#1421=ORIENTED_EDGE('',*,*,#1011,.F.);
#1422=ORIENTED_EDGE('',*,*,#979,.T.);
#1423=ORIENTED_EDGE('',*,*,#1037,.T.);
#1424=ORIENTED_EDGE('',*,*,#1016,.F.);
#1425=ORIENTED_EDGE('',*,*,#1038,.F.);
#1426=ORIENTED_EDGE('',*,*,#1002,.F.);
#1427=ORIENTED_EDGE('',*,*,#1039,.F.);
#1428=ORIENTED_EDGE('',*,*,#1026,.F.);
#1429=ORIENTED_EDGE('',*,*,#1029,.T.);
#1430=ORIENTED_EDGE('',*,*,#899,.F.);
#1431=ORIENTED_EDGE('',*,*,#984,.F.);
#1432=ORIENTED_EDGE('',*,*,#1035,.T.);
#1433=ORIENTED_EDGE('',*,*,#1022,.T.);
#1434=ORIENTED_EDGE('',*,*,#1036,.T.);
#1435=ORIENTED_EDGE('',*,*,#975,.F.);
#1436=ORIENTED_EDGE('',*,*,#933,.F.);
#1437=ORIENTED_EDGE('',*,*,#938,.F.);
#1438=ORIENTED_EDGE('',*,*,#1040,.T.);
#1439=ORIENTED_EDGE('',*,*,#1041,.T.);
#1440=ORIENTED_EDGE('',*,*,#1042,.T.);
#1441=ORIENTED_EDGE('',*,*,#1043,.T.);
#1442=ORIENTED_EDGE('',*,*,#1044,.T.);
#1443=ORIENTED_EDGE('',*,*,#1045,.T.);
#1444=ORIENTED_EDGE('',*,*,#1046,.T.);
#1445=ORIENTED_EDGE('',*,*,#1047,.T.);
#1446=ORIENTED_EDGE('',*,*,#1046,.F.);
#1447=ORIENTED_EDGE('',*,*,#1048,.T.);
#1448=ORIENTED_EDGE('',*,*,#1042,.F.);
#1449=ORIENTED_EDGE('',*,*,#1049,.T.);
#1450=ORIENTED_EDGE('',*,*,#1050,.T.);
#1451=ORIENTED_EDGE('',*,*,#1051,.T.);
#1452=ORIENTED_EDGE('',*,*,#1052,.T.);
#1453=ORIENTED_EDGE('',*,*,#1049,.F.);
#1454=ORIENTED_EDGE('',*,*,#1053,.T.);
#1455=ORIENTED_EDGE('',*,*,#1044,.F.);
#1456=ORIENTED_EDGE('',*,*,#1054,.T.);
#1457=ORIENTED_EDGE('',*,*,#1055,.T.);
#1458=ORIENTED_EDGE('',*,*,#1056,.T.);
#1459=ORIENTED_EDGE('',*,*,#1057,.T.);
#1460=ORIENTED_EDGE('',*,*,#1056,.F.);
#1461=ORIENTED_EDGE('',*,*,#1058,.T.);
#1462=ORIENTED_EDGE('',*,*,#1051,.F.);
#1463=ORIENTED_EDGE('',*,*,#1059,.T.);
#1464=ORIENTED_EDGE('',*,*,#1060,.T.);
#1465=ORIENTED_EDGE('',*,*,#1061,.T.);
#1466=ORIENTED_EDGE('',*,*,#1062,.T.);
#1467=ORIENTED_EDGE('',*,*,#1059,.F.);
#1468=ORIENTED_EDGE('',*,*,#1063,.T.);
#1469=ORIENTED_EDGE('',*,*,#1054,.F.);
#1470=ORIENTED_EDGE('',*,*,#1064,.T.);
#1471=ORIENTED_EDGE('',*,*,#1065,.T.);
#1472=ORIENTED_EDGE('',*,*,#1066,.T.);
#1473=ORIENTED_EDGE('',*,*,#1067,.T.);
#1474=ORIENTED_EDGE('',*,*,#1064,.F.);
#1475=ORIENTED_EDGE('',*,*,#1068,.T.);
#1476=ORIENTED_EDGE('',*,*,#1061,.F.);
#1477=ORIENTED_EDGE('',*,*,#1069,.T.);
#1478=ORIENTED_EDGE('',*,*,#1070,.T.);
#1479=ORIENTED_EDGE('',*,*,#1071,.T.);
#1480=ORIENTED_EDGE('',*,*,#1072,.T.);
#1481=ORIENTED_EDGE('',*,*,#1069,.F.);
#1482=ORIENTED_EDGE('',*,*,#1073,.T.);
#1483=ORIENTED_EDGE('',*,*,#1066,.F.);
#1484=ORIENTED_EDGE('',*,*,#1074,.T.);
#1485=ORIENTED_EDGE('',*,*,#1075,.T.);
#1486=ORIENTED_EDGE('',*,*,#1076,.T.);
#1487=ORIENTED_EDGE('',*,*,#1077,.T.);
#1488=ORIENTED_EDGE('',*,*,#1074,.F.);
#1489=ORIENTED_EDGE('',*,*,#1078,.T.);
#1490=ORIENTED_EDGE('',*,*,#1071,.F.);
#1491=ORIENTED_EDGE('',*,*,#1040,.F.);
#1492=ORIENTED_EDGE('',*,*,#1079,.T.);
#1493=ORIENTED_EDGE('',*,*,#1076,.F.);
#1494=ORIENTED_EDGE('',*,*,#1063,.F.);
#1495=ORIENTED_EDGE('',*,*,#1080,.T.);
#1496=ORIENTED_EDGE('',*,*,#1081,.T.);
#1497=ORIENTED_EDGE('',*,*,#1082,.T.);
#1498=ORIENTED_EDGE('',*,*,#1062,.F.);
#1499=ORIENTED_EDGE('',*,*,#1083,.F.);
#1500=ORIENTED_EDGE('',*,*,#1084,.T.);
#1501=ORIENTED_EDGE('',*,*,#1080,.F.);
#1502=ORIENTED_EDGE('',*,*,#1068,.F.);
#1503=ORIENTED_EDGE('',*,*,#1085,.T.);
#1504=ORIENTED_EDGE('',*,*,#1086,.T.);
#1505=ORIENTED_EDGE('',*,*,#1083,.T.);
#1506=ORIENTED_EDGE('',*,*,#1067,.F.);
#1507=ORIENTED_EDGE('',*,*,#1087,.F.);
#1508=ORIENTED_EDGE('',*,*,#1088,.F.);
#1509=ORIENTED_EDGE('',*,*,#1089,.T.);
#1510=ORIENTED_EDGE('',*,*,#1085,.F.);
#1511=ORIENTED_EDGE('',*,*,#1073,.F.);
#1512=ORIENTED_EDGE('',*,*,#1090,.T.);
#1513=ORIENTED_EDGE('',*,*,#1091,.T.);
#1514=ORIENTED_EDGE('',*,*,#1092,.T.);
#1515=ORIENTED_EDGE('',*,*,#1087,.T.);
#1516=ORIENTED_EDGE('',*,*,#1072,.F.);
#1517=ORIENTED_EDGE('',*,*,#1093,.F.);
#1518=ORIENTED_EDGE('',*,*,#1094,.F.);
#1519=ORIENTED_EDGE('',*,*,#1090,.F.);
#1520=ORIENTED_EDGE('',*,*,#1078,.F.);
#1521=ORIENTED_EDGE('',*,*,#1095,.T.);
#1522=ORIENTED_EDGE('',*,*,#1096,.T.);
#1523=ORIENTED_EDGE('',*,*,#1097,.T.);
#1524=ORIENTED_EDGE('',*,*,#1098,.T.);
#1525=ORIENTED_EDGE('',*,*,#1093,.T.);
#1526=ORIENTED_EDGE('',*,*,#1077,.F.);
#1527=ORIENTED_EDGE('',*,*,#1099,.F.);
#1528=ORIENTED_EDGE('',*,*,#1100,.F.);
#1529=ORIENTED_EDGE('',*,*,#1101,.F.);
#1530=ORIENTED_EDGE('',*,*,#1095,.F.);
#1531=ORIENTED_EDGE('',*,*,#1041,.F.);
#1532=ORIENTED_EDGE('',*,*,#1075,.F.);
#1533=ORIENTED_EDGE('',*,*,#1070,.F.);
#1534=ORIENTED_EDGE('',*,*,#1065,.F.);
#1535=ORIENTED_EDGE('',*,*,#1060,.F.);
#1536=ORIENTED_EDGE('',*,*,#1057,.F.);
#1537=ORIENTED_EDGE('',*,*,#1050,.F.);
#1538=ORIENTED_EDGE('',*,*,#1047,.F.);
#1539=ORIENTED_EDGE('',*,*,#1048,.F.);
#1540=ORIENTED_EDGE('',*,*,#1102,.T.);
#1541=ORIENTED_EDGE('',*,*,#1103,.T.);
#1542=ORIENTED_EDGE('',*,*,#1104,.T.);
#1543=ORIENTED_EDGE('',*,*,#1043,.F.);
#1544=ORIENTED_EDGE('',*,*,#1104,.F.);
#1545=ORIENTED_EDGE('',*,*,#1105,.F.);
#1546=ORIENTED_EDGE('',*,*,#1106,.F.);
#1547=ORIENTED_EDGE('',*,*,#1107,.F.);
#1548=ORIENTED_EDGE('',*,*,#1108,.F.);
#1549=ORIENTED_EDGE('',*,*,#1103,.F.);
#1550=ORIENTED_EDGE('',*,*,#1109,.T.);
#1551=ORIENTED_EDGE('',*,*,#1110,.F.);
#1552=ORIENTED_EDGE('',*,*,#1111,.T.);
#1553=ORIENTED_EDGE('',*,*,#1112,.F.);
#1554=ORIENTED_EDGE('',*,*,#1113,.F.);
#1555=ORIENTED_EDGE('',*,*,#1105,.T.);
#1556=ORIENTED_EDGE('',*,*,#1053,.F.);
#1557=ORIENTED_EDGE('',*,*,#1114,.T.);
#1558=ORIENTED_EDGE('',*,*,#1115,.T.);
#1559=ORIENTED_EDGE('',*,*,#1116,.T.);
#1560=ORIENTED_EDGE('',*,*,#1117,.T.);
#1561=ORIENTED_EDGE('',*,*,#1118,.T.);
#1562=ORIENTED_EDGE('',*,*,#1115,.F.);
#1563=ORIENTED_EDGE('',*,*,#1119,.T.);
#1564=ORIENTED_EDGE('',*,*,#1120,.F.);
#1565=ORIENTED_EDGE('',*,*,#1121,.F.);
#1566=ORIENTED_EDGE('',*,*,#1122,.T.);
#1567=ORIENTED_EDGE('',*,*,#1123,.F.);
#1568=ORIENTED_EDGE('',*,*,#1052,.F.);
#1569=ORIENTED_EDGE('',*,*,#1124,.F.);
#1570=ORIENTED_EDGE('',*,*,#1119,.F.);
#1571=ORIENTED_EDGE('',*,*,#1114,.F.);
#1572=ORIENTED_EDGE('',*,*,#1079,.F.);
#1573=ORIENTED_EDGE('',*,*,#1108,.T.);
#1574=ORIENTED_EDGE('',*,*,#1125,.T.);
#1575=ORIENTED_EDGE('',*,*,#1099,.T.);
#1576=ORIENTED_EDGE('',*,*,#1125,.F.);
#1577=ORIENTED_EDGE('',*,*,#1107,.T.);
#1578=ORIENTED_EDGE('',*,*,#1126,.T.);
#1579=ORIENTED_EDGE('',*,*,#1127,.F.);
#1580=ORIENTED_EDGE('',*,*,#1128,.T.);
#1581=ORIENTED_EDGE('',*,*,#1129,.T.);
#1582=ORIENTED_EDGE('',*,*,#1100,.T.);
#1583=ORIENTED_EDGE('',*,*,#1098,.F.);
#1584=ORIENTED_EDGE('',*,*,#1130,.F.);
#1585=ORIENTED_EDGE('',*,*,#1131,.T.);
#1586=ORIENTED_EDGE('',*,*,#1132,.F.);
#1587=ORIENTED_EDGE('',*,*,#1091,.F.);
#1588=ORIENTED_EDGE('',*,*,#1094,.T.);
#1589=ORIENTED_EDGE('',*,*,#1092,.F.);
#1590=ORIENTED_EDGE('',*,*,#1132,.T.);
#1591=ORIENTED_EDGE('',*,*,#1133,.T.);
#1592=ORIENTED_EDGE('',*,*,#1134,.T.);
#1593=ORIENTED_EDGE('',*,*,#1088,.T.);
#1594=ORIENTED_EDGE('',*,*,#1086,.F.);
#1595=ORIENTED_EDGE('',*,*,#1089,.F.);
#1596=ORIENTED_EDGE('',*,*,#1134,.F.);
#1597=ORIENTED_EDGE('',*,*,#1135,.F.);
#1598=ORIENTED_EDGE('',*,*,#1136,.F.);
#1599=ORIENTED_EDGE('',*,*,#1137,.T.);
#1600=ORIENTED_EDGE('',*,*,#1138,.F.);
#1601=ORIENTED_EDGE('',*,*,#1139,.F.);
#1602=ORIENTED_EDGE('',*,*,#1140,.F.);
#1603=ORIENTED_EDGE('',*,*,#1141,.F.);
#1604=ORIENTED_EDGE('',*,*,#1142,.F.);
#1605=ORIENTED_EDGE('',*,*,#1143,.F.);
#1606=ORIENTED_EDGE('',*,*,#1144,.F.);
#1607=ORIENTED_EDGE('',*,*,#1145,.F.);
#1608=ORIENTED_EDGE('',*,*,#1081,.F.);
#1609=ORIENTED_EDGE('',*,*,#1084,.F.);
#1610=ORIENTED_EDGE('',*,*,#963,.T.);
#1611=ORIENTED_EDGE('',*,*,#1006,.F.);
#1612=ORIENTED_EDGE('',*,*,#1009,.T.);
#1613=ORIENTED_EDGE('',*,*,#1012,.F.);
#1614=ORIENTED_EDGE('',*,*,#1038,.T.);
#1615=ORIENTED_EDGE('',*,*,#1015,.F.);
#1616=ORIENTED_EDGE('',*,*,#1020,.T.);
#1617=ORIENTED_EDGE('',*,*,#1034,.F.);
#1618=ORIENTED_EDGE('',*,*,#1030,.T.);
#1619=ORIENTED_EDGE('',*,*,#1027,.F.);
#1620=ORIENTED_EDGE('',*,*,#1039,.T.);
#1621=ORIENTED_EDGE('',*,*,#1001,.F.);
#1622=ORIENTED_EDGE('',*,*,#998,.T.);
#1623=ORIENTED_EDGE('',*,*,#955,.F.);
#1624=ORIENTED_EDGE('',*,*,#958,.T.);
#1625=ORIENTED_EDGE('',*,*,#960,.F.);
#1626=ORIENTED_EDGE('',*,*,#1055,.F.);
#1627=ORIENTED_EDGE('',*,*,#1082,.F.);
#1628=ORIENTED_EDGE('',*,*,#1145,.T.);
#1629=ORIENTED_EDGE('',*,*,#1146,.F.);
#1630=ORIENTED_EDGE('',*,*,#1147,.F.);
#1631=ORIENTED_EDGE('',*,*,#1058,.F.);
#1632=ORIENTED_EDGE('',*,*,#1147,.T.);
#1633=ORIENTED_EDGE('',*,*,#1148,.T.);
#1634=ORIENTED_EDGE('',*,*,#1120,.T.);
#1635=ORIENTED_EDGE('',*,*,#1124,.T.);
#1636=ORIENTED_EDGE('',*,*,#1148,.F.);
#1637=ORIENTED_EDGE('',*,*,#1146,.T.);
#1638=ORIENTED_EDGE('',*,*,#1144,.T.);
#1639=ORIENTED_EDGE('',*,*,#1149,.T.);
#1640=ORIENTED_EDGE('',*,*,#1121,.T.);
#1641=ORIENTED_EDGE('',*,*,#1149,.F.);
#1642=ORIENTED_EDGE('',*,*,#1143,.T.);
#1643=ORIENTED_EDGE('',*,*,#1150,.F.);
#1644=ORIENTED_EDGE('',*,*,#1122,.F.);
#1645=ORIENTED_EDGE('',*,*,#1116,.F.);
#1646=ORIENTED_EDGE('',*,*,#1123,.T.);
#1647=ORIENTED_EDGE('',*,*,#1150,.T.);
#1648=ORIENTED_EDGE('',*,*,#1142,.T.);
#1649=ORIENTED_EDGE('',*,*,#1151,.T.);
#1650=ORIENTED_EDGE('',*,*,#1152,.T.);
#1651=ORIENTED_EDGE('',*,*,#1117,.F.);
#1652=ORIENTED_EDGE('',*,*,#1152,.F.);
#1653=ORIENTED_EDGE('',*,*,#1153,.T.);
#1654=ORIENTED_EDGE('',*,*,#1110,.T.);
#1655=ORIENTED_EDGE('',*,*,#1154,.T.);
#1656=ORIENTED_EDGE('',*,*,#1151,.F.);
#1657=ORIENTED_EDGE('',*,*,#1141,.T.);
#1658=ORIENTED_EDGE('',*,*,#1155,.F.);
#1659=ORIENTED_EDGE('',*,*,#1111,.F.);
#1660=ORIENTED_EDGE('',*,*,#1153,.F.);
#1661=ORIENTED_EDGE('',*,*,#1140,.T.);
#1662=ORIENTED_EDGE('',*,*,#1156,.T.);
#1663=ORIENTED_EDGE('',*,*,#1157,.T.);
#1664=ORIENTED_EDGE('',*,*,#1112,.T.);
#1665=ORIENTED_EDGE('',*,*,#1155,.T.);
#1666=ORIENTED_EDGE('',*,*,#1157,.F.);
#1667=ORIENTED_EDGE('',*,*,#1158,.T.);
#1668=ORIENTED_EDGE('',*,*,#1159,.F.);
#1669=ORIENTED_EDGE('',*,*,#1126,.F.);
#1670=ORIENTED_EDGE('',*,*,#1106,.T.);
#1671=ORIENTED_EDGE('',*,*,#1113,.T.);
#1672=ORIENTED_EDGE('',*,*,#1159,.T.);
#1673=ORIENTED_EDGE('',*,*,#1160,.T.);
#1674=ORIENTED_EDGE('',*,*,#1138,.T.);
#1675=ORIENTED_EDGE('',*,*,#1161,.T.);
#1676=ORIENTED_EDGE('',*,*,#1127,.T.);
#1677=ORIENTED_EDGE('',*,*,#1161,.F.);
#1678=ORIENTED_EDGE('',*,*,#1137,.F.);
#1679=ORIENTED_EDGE('',*,*,#1162,.F.);
#1680=ORIENTED_EDGE('',*,*,#1163,.F.);
#1681=ORIENTED_EDGE('',*,*,#1128,.F.);
#1682=ORIENTED_EDGE('',*,*,#1133,.F.);
#1683=ORIENTED_EDGE('',*,*,#1131,.F.);
#1684=ORIENTED_EDGE('',*,*,#1164,.F.);
#1685=ORIENTED_EDGE('',*,*,#1135,.T.);
#1686=ORIENTED_EDGE('',*,*,#1097,.F.);
#1687=ORIENTED_EDGE('',*,*,#1165,.T.);
#1688=ORIENTED_EDGE('',*,*,#1162,.T.);
#1689=ORIENTED_EDGE('',*,*,#1136,.T.);
#1690=ORIENTED_EDGE('',*,*,#1164,.T.);
#1691=ORIENTED_EDGE('',*,*,#1130,.T.);
#1692=ORIENTED_EDGE('',*,*,#1096,.F.);
#1693=ORIENTED_EDGE('',*,*,#1101,.T.);
#1694=ORIENTED_EDGE('',*,*,#1129,.F.);
#1695=ORIENTED_EDGE('',*,*,#1163,.T.);
#1696=ORIENTED_EDGE('',*,*,#1165,.F.);
#1697=ORIENTED_EDGE('',*,*,#1156,.F.);
#1698=ORIENTED_EDGE('',*,*,#1139,.T.);
#1699=ORIENTED_EDGE('',*,*,#1160,.F.);
#1700=ORIENTED_EDGE('',*,*,#1158,.F.);
#1701=ORIENTED_EDGE('',*,*,#1045,.F.);
#1702=ORIENTED_EDGE('',*,*,#1118,.F.);
#1703=ORIENTED_EDGE('',*,*,#1154,.F.);
#1704=ORIENTED_EDGE('',*,*,#1109,.F.);
#1705=ORIENTED_EDGE('',*,*,#1102,.F.);
#1706=B_SPLINE_SURFACE_WITH_KNOTS('',3,3,((#2563,#2564,#2565,#2566),(#2567,
#2568,#2569,#2570),(#2571,#2572,#2573,#2574),(#2575,#2576,#2577,#2578)),
 .UNSPECIFIED.,.F.,.F.,.F.,(4,4),(4,4),(0.,1.),(-0.335638550327603,-0.172419099293459),
 .UNSPECIFIED.);
#1707=B_SPLINE_SURFACE_WITH_KNOTS('',3,3,((#2587,#2588,#2589,#2590),(#2591,
#2592,#2593,#2594),(#2595,#2596,#2597,#2598),(#2599,#2600,#2601,#2602)),
 .UNSPECIFIED.,.F.,.F.,.F.,(4,4),(4,4),(0.,1.),(0.703638951304734,1.5707963267949),
 .UNSPECIFIED.);
#1708=B_SPLINE_SURFACE_WITH_KNOTS('',3,3,((#2606,#2607,#2608,#2609),(#2610,
#2611,#2612,#2613),(#2614,#2615,#2616,#2617),(#2618,#2619,#2620,#2621)),
 .UNSPECIFIED.,.F.,.F.,.F.,(4,4),(4,4),(0.,1.),(-0.372347892433907,-0.204276284597233),
 .UNSPECIFIED.);
#1709=B_SPLINE_SURFACE_WITH_KNOTS('',3,3,((#2630,#2631,#2632,#2633),(#2634,
#2635,#2636,#2637),(#2638,#2639,#2640,#2641),(#2642,#2643,#2644,#2645)),
 .UNSPECIFIED.,.F.,.F.,.F.,(4,4),(4,4),(0.,1.),(0.540419500270584,1.5707963267949),
 .UNSPECIFIED.);
#1710=B_SPLINE_SURFACE_WITH_KNOTS('',3,3,((#2649,#2650,#2651,#2652),(#2653,
#2654,#2655,#2656),(#2657,#2658,#2659,#2660),(#2661,#2662,#2663,#2664)),
 .UNSPECIFIED.,.F.,.F.,.F.,(4,4),(4,4),(0.,1.),(-0.475176849498097,-0.102828957064167),
 .UNSPECIFIED.);
#1711=B_SPLINE_SURFACE_WITH_KNOTS('',3,3,((#2673,#2674,#2675,#2676),(#2677,
#2678,#2679,#2680),(#2681,#2682,#2683,#2684),(#2685,#2686,#2687,#2688)),
 .UNSPECIFIED.,.F.,.F.,.F.,(4,4),(4,4),(0.,1.),(0.372347892433929,1.5707963267949),
 .UNSPECIFIED.);
#1712=B_SPLINE_SURFACE_WITH_KNOTS('',3,3,((#2692,#2693,#2694,#2695,#2696),
(#2697,#2698,#2699,#2700,#2701),(#2702,#2703,#2704,#2705,#2706),(#2707,
#2708,#2709,#2710,#2711)),.UNSPECIFIED.,.F.,.F.,.F.,(4,4),(4,1,4),(0.,1.),
(8.19554398099279E-16,0.897597901025655,1.5707963267949),.UNSPECIFIED.);
#1713=B_SPLINE_SURFACE_WITH_KNOTS('',3,3,((#2718,#2719,#2720,#2721,#2722),
(#2723,#2724,#2725,#2726,#2727),(#2728,#2729,#2730,#2731,#2732),(#2733,
#2734,#2735,#2736,#2737)),.UNSPECIFIED.,.F.,.F.,.F.,(4,4),(4,1,4),(0.,1.),
(4.55307998944044E-16,0.67319842576924,1.57079632679489),.UNSPECIFIED.);
#1714=B_SPLINE_SURFACE_WITH_KNOTS('',3,3,((#2744,#2745,#2746,#2747),(#2748,
#2749,#2750,#2751),(#2752,#2753,#2754,#2755),(#2756,#2757,#2758,#2759)),
 .UNSPECIFIED.,.F.,.F.,.F.,(4,4),(4,4),(0.,1.),(-0.475176849498097,-0.102828957064165),
 .UNSPECIFIED.);
#1715=B_SPLINE_SURFACE_WITH_KNOTS('',3,3,((#2768,#2769,#2770,#2771),(#2772,
#2773,#2774,#2775),(#2776,#2777,#2778,#2779),(#2780,#2781,#2782,#2783)),
 .UNSPECIFIED.,.F.,.F.,.F.,(4,4),(4,4),(0.,1.),(0.37234789243393,1.5707963267949),
 .UNSPECIFIED.);
#1716=B_SPLINE_SURFACE_WITH_KNOTS('',3,3,((#2787,#2788,#2789,#2790),(#2791,
#2792,#2793,#2794),(#2795,#2796,#2797,#2798),(#2799,#2800,#2801,#2802)),
 .UNSPECIFIED.,.F.,.F.,.F.,(4,4),(4,4),(0.,1.),(-0.372347892433907,-0.204276284597231),
 .UNSPECIFIED.);
#1717=B_SPLINE_SURFACE_WITH_KNOTS('',3,3,((#2811,#2812,#2813,#2814),(#2815,
#2816,#2817,#2818),(#2819,#2820,#2821,#2822),(#2823,#2824,#2825,#2826)),
 .UNSPECIFIED.,.F.,.F.,.F.,(4,4),(4,4),(0.,1.),(0.540419500270587,1.57079632679489),
 .UNSPECIFIED.);
#1718=B_SPLINE_SURFACE_WITH_KNOTS('',3,3,((#2830,#2831,#2832,#2833),(#2834,
#2835,#2836,#2837),(#2838,#2839,#2840,#2841),(#2842,#2843,#2844,#2845)),
 .UNSPECIFIED.,.F.,.F.,.F.,(4,4),(4,4),(0.,1.),(-0.335638550327605,-0.17241909929346),
 .UNSPECIFIED.);
#1719=B_SPLINE_SURFACE_WITH_KNOTS('',3,3,((#2854,#2855,#2856,#2857),(#2858,
#2859,#2860,#2861),(#2862,#2863,#2864,#2865),(#2866,#2867,#2868,#2869)),
 .UNSPECIFIED.,.F.,.F.,.F.,(4,4),(4,4),(0.,1.),(0.703638951304735,1.5707963267949),
 .UNSPECIFIED.);
#1720=ADVANCED_FACE('',(#413),#1706,.T.);
#1721=ADVANCED_FACE('',(#414),#1707,.T.);
#1722=ADVANCED_FACE('',(#415),#1708,.T.);
#1723=ADVANCED_FACE('',(#416),#1709,.T.);
#1724=ADVANCED_FACE('',(#417),#1710,.T.);
#1725=ADVANCED_FACE('',(#418),#1711,.T.);
#1726=ADVANCED_FACE('',(#419),#1712,.T.);
#1727=ADVANCED_FACE('',(#420),#1713,.T.);
#1728=ADVANCED_FACE('',(#421),#1714,.T.);
#1729=ADVANCED_FACE('',(#422),#1715,.T.);
#1730=ADVANCED_FACE('',(#423),#1716,.T.);
#1731=ADVANCED_FACE('',(#424),#1717,.T.);
#1732=ADVANCED_FACE('',(#425),#1718,.T.);
#1733=ADVANCED_FACE('',(#426),#1719,.T.);
#1734=ADVANCED_FACE('',(#427),#355,.F.);
#1735=ADVANCED_FACE('',(#428),#356,.F.);
#1736=ADVANCED_FACE('',(#429),#357,.F.);
#1737=ADVANCED_FACE('',(#430),#358,.F.);
#1738=ADVANCED_FACE('',(#431),#359,.F.);
#1739=ADVANCED_FACE('',(#432),#360,.F.);
#1740=ADVANCED_FACE('',(#433),#361,.F.);
#1741=ADVANCED_FACE('',(#434),#362,.F.);
#1742=ADVANCED_FACE('',(#435),#363,.F.);
#1743=ADVANCED_FACE('',(#436),#62,.F.);
#1744=ADVANCED_FACE('',(#437),#364,.F.);
#1745=ADVANCED_FACE('',(#438),#63,.F.);
#1746=ADVANCED_FACE('',(#439),#365,.F.);
#1747=ADVANCED_FACE('',(#440),#64,.F.);
#1748=ADVANCED_FACE('',(#441),#366,.F.);
#1749=ADVANCED_FACE('',(#442),#65,.T.);
#1750=ADVANCED_FACE('',(#443),#367,.F.);
#1751=ADVANCED_FACE('',(#444),#66,.F.);
#1752=ADVANCED_FACE('',(#445),#368,.F.);
#1753=ADVANCED_FACE('',(#446),#369,.F.);
#1754=ADVANCED_FACE('',(#447),#370,.F.);
#1755=ADVANCED_FACE('',(#448),#67,.F.);
#1756=ADVANCED_FACE('',(#449),#371,.F.);
#1757=ADVANCED_FACE('',(#450),#372,.F.);
#1758=ADVANCED_FACE('',(#451),#68,.T.);
#1759=ADVANCED_FACE('',(#452),#69,.F.);
#1760=ADVANCED_FACE('',(#453),#373,.F.);
#1761=ADVANCED_FACE('',(#454),#374,.F.);
#1762=ADVANCED_FACE('',(#455),#70,.F.);
#1763=ADVANCED_FACE('',(#456),#375,.F.);
#1764=ADVANCED_FACE('',(#457),#376,.F.);
#1765=ADVANCED_FACE('',(#458),#377,.F.);
#1766=ADVANCED_FACE('',(#459),#71,.F.);
#1767=ADVANCED_FACE('',(#460),#378,.F.);
#1768=ADVANCED_FACE('',(#461),#379,.F.);
#1769=ADVANCED_FACE('',(#462),#380,.F.);
#1770=ADVANCED_FACE('',(#463),#72,.F.);
#1771=ADVANCED_FACE('',(#464),#381,.F.);
#1772=ADVANCED_FACE('',(#465),#382,.F.);
#1773=ADVANCED_FACE('',(#466),#383,.F.);
#1774=ADVANCED_FACE('',(#467),#73,.F.);
#1775=ADVANCED_FACE('',(#468),#74,.F.);
#1776=ADVANCED_FACE('',(#469),#75,.F.);
#1777=ADVANCED_FACE('',(#470),#384,.T.);
#1778=ADVANCED_FACE('',(#471),#385,.T.);
#1779=ADVANCED_FACE('',(#472),#16,.T.);
#1780=ADVANCED_FACE('',(#473),#386,.T.);
#1781=ADVANCED_FACE('',(#474),#17,.T.);
#1782=ADVANCED_FACE('',(#475),#387,.T.);
#1783=ADVANCED_FACE('',(#476),#18,.T.);
#1784=ADVANCED_FACE('',(#477),#388,.T.);
#1785=ADVANCED_FACE('',(#478),#19,.T.);
#1786=ADVANCED_FACE('',(#479),#389,.T.);
#1787=ADVANCED_FACE('',(#480),#20,.T.);
#1788=ADVANCED_FACE('',(#481),#390,.T.);
#1789=ADVANCED_FACE('',(#482),#21,.T.);
#1790=ADVANCED_FACE('',(#483),#391,.T.);
#1791=ADVANCED_FACE('',(#484),#22,.T.);
#1792=ADVANCED_FACE('',(#485),#23,.T.);
#1793=ADVANCED_FACE('',(#486),#392,.T.);
#1794=ADVANCED_FACE('',(#487),#76,.T.);
#1795=ADVANCED_FACE('',(#488),#393,.T.);
#1796=ADVANCED_FACE('',(#489),#77,.F.);
#1797=ADVANCED_FACE('',(#490),#394,.T.);
#1798=ADVANCED_FACE('',(#491),#78,.T.);
#1799=ADVANCED_FACE('',(#492),#395,.T.);
#1800=ADVANCED_FACE('',(#493),#79,.T.);
#1801=ADVANCED_FACE('',(#494),#80,.T.);
#1802=ADVANCED_FACE('',(#495),#396,.T.);
#1803=ADVANCED_FACE('',(#496),#81,.T.);
#1804=ADVANCED_FACE('',(#497),#397,.T.);
#1805=ADVANCED_FACE('',(#498),#398,.T.);
#1806=ADVANCED_FACE('',(#499),#399,.T.);
#1807=ADVANCED_FACE('',(#500),#82,.T.);
#1808=ADVANCED_FACE('',(#501),#400,.T.);
#1809=ADVANCED_FACE('',(#502),#401,.T.);
#1810=ADVANCED_FACE('',(#503),#402,.T.);
#1811=ADVANCED_FACE('',(#504),#403,.T.);
#1812=ADVANCED_FACE('',(#505,#15),#83,.T.);
#1813=ADVANCED_FACE('',(#506),#84,.T.);
#1814=ADVANCED_FACE('',(#507),#404,.T.);
#1815=ADVANCED_FACE('',(#508),#405,.T.);
#1816=ADVANCED_FACE('',(#509),#85,.T.);
#1817=ADVANCED_FACE('',(#510),#406,.T.);
#1818=ADVANCED_FACE('',(#511),#407,.T.);
#1819=ADVANCED_FACE('',(#512),#86,.T.);
#1820=ADVANCED_FACE('',(#513),#408,.T.);
#1821=ADVANCED_FACE('',(#514),#409,.T.);
#1822=ADVANCED_FACE('',(#515),#410,.T.);
#1823=ADVANCED_FACE('',(#516),#87,.T.);
#1824=ADVANCED_FACE('',(#517),#88,.T.);
#1825=ADVANCED_FACE('',(#518),#411,.T.);
#1826=ADVANCED_FACE('',(#519),#412,.T.);
#1827=ADVANCED_FACE('',(#520),#89,.T.);
#1828=ADVANCED_FACE('',(#521),#90,.F.);
#1829=CLOSED_SHELL('',(#1720,#1721,#1722,#1723,#1724,#1725,#1726,#1727,
#1728,#1729,#1730,#1731,#1732,#1733,#1734,#1735,#1736,#1737,#1738,#1739,
#1740,#1741,#1742,#1743,#1744,#1745,#1746,#1747,#1748,#1749,#1750,#1751,
#1752,#1753,#1754,#1755,#1756,#1757,#1758,#1759,#1760,#1761,#1762,#1763,
#1764,#1765,#1766,#1767,#1768,#1769,#1770,#1771,#1772,#1773,#1774,#1775,
#1776,#1777,#1778,#1779,#1780,#1781,#1782,#1783,#1784,#1785,#1786,#1787,
#1788,#1789,#1790,#1791,#1792,#1793,#1794,#1795,#1796,#1797,#1798,#1799,
#1800,#1801,#1802,#1803,#1804,#1805,#1806,#1807,#1808,#1809,#1810,#1811,
#1812,#1813,#1814,#1815,#1816,#1817,#1818,#1819,#1820,#1821,#1822,#1823,
#1824,#1825,#1826,#1827,#1828));
#1830=DERIVED_UNIT_ELEMENT(#1832,1.);
#1831=DERIVED_UNIT_ELEMENT(#3459,-3.);
#1832=(
MASS_UNIT()
NAMED_UNIT(*)
SI_UNIT(.KILO.,.GRAM.)
);
#1833=DERIVED_UNIT((#1830,#1831));
#1834=MEASURE_REPRESENTATION_ITEM('density measure',
POSITIVE_RATIO_MEASURE(7850.),#1833);
#1835=PROPERTY_DEFINITION_REPRESENTATION(#1840,#1837);
#1836=PROPERTY_DEFINITION_REPRESENTATION(#1841,#1838);
#1837=REPRESENTATION('material name',(#1839),#3456);
#1838=REPRESENTATION('density',(#1834),#3456);
#1839=DESCRIPTIVE_REPRESENTATION_ITEM('Steel','Steel');
#1840=PROPERTY_DEFINITION('material property','material name',#3466);
#1841=PROPERTY_DEFINITION('material property','density of part',#3466);
#1842=AXIS2_PLACEMENT_3D('',#2562,#2038,#2039);
#1843=AXIS2_PLACEMENT_3D('',#2581,#2040,#2041);
#1844=AXIS2_PLACEMENT_3D('',#2583,#2042,#2043);
#1845=AXIS2_PLACEMENT_3D('',#2585,#2044,#2045);
#1846=AXIS2_PLACEMENT_3D('',#2586,#2046,#2047);
#1847=AXIS2_PLACEMENT_3D('',#2604,#2048,#2049);
#1848=AXIS2_PLACEMENT_3D('',#2605,#2050,#2051);
#1849=AXIS2_PLACEMENT_3D('',#2624,#2052,#2053);
#1850=AXIS2_PLACEMENT_3D('',#2626,#2054,#2055);
#1851=AXIS2_PLACEMENT_3D('',#2628,#2056,#2057);
#1852=AXIS2_PLACEMENT_3D('',#2629,#2058,#2059);
#1853=AXIS2_PLACEMENT_3D('',#2647,#2060,#2061);
#1854=AXIS2_PLACEMENT_3D('',#2648,#2062,#2063);
#1855=AXIS2_PLACEMENT_3D('',#2667,#2064,#2065);
#1856=AXIS2_PLACEMENT_3D('',#2669,#2066,#2067);
#1857=AXIS2_PLACEMENT_3D('',#2671,#2068,#2069);
#1858=AXIS2_PLACEMENT_3D('',#2672,#2070,#2071);
#1859=AXIS2_PLACEMENT_3D('',#2690,#2072,#2073);
#1860=AXIS2_PLACEMENT_3D('',#2691,#2074,#2075);
#1861=AXIS2_PLACEMENT_3D('',#2714,#2076,#2077);
#1862=AXIS2_PLACEMENT_3D('',#2716,#2078,#2079);
#1863=AXIS2_PLACEMENT_3D('',#2717,#2080,#2081);
#1864=AXIS2_PLACEMENT_3D('',#2740,#2082,#2083);
#1865=AXIS2_PLACEMENT_3D('',#2742,#2084,#2085);
#1866=AXIS2_PLACEMENT_3D('',#2743,#2086,#2087);
#1867=AXIS2_PLACEMENT_3D('',#2762,#2088,#2089);
#1868=AXIS2_PLACEMENT_3D('',#2764,#2090,#2091);
#1869=AXIS2_PLACEMENT_3D('',#2766,#2092,#2093);
#1870=AXIS2_PLACEMENT_3D('',#2767,#2094,#2095);
#1871=AXIS2_PLACEMENT_3D('',#2785,#2096,#2097);
#1872=AXIS2_PLACEMENT_3D('',#2786,#2098,#2099);
#1873=AXIS2_PLACEMENT_3D('',#2805,#2100,#2101);
#1874=AXIS2_PLACEMENT_3D('',#2807,#2102,#2103);
#1875=AXIS2_PLACEMENT_3D('',#2809,#2104,#2105);
#1876=AXIS2_PLACEMENT_3D('',#2810,#2106,#2107);
#1877=AXIS2_PLACEMENT_3D('',#2828,#2108,#2109);
#1878=AXIS2_PLACEMENT_3D('',#2829,#2110,#2111);
#1879=AXIS2_PLACEMENT_3D('',#2848,#2112,#2113);
#1880=AXIS2_PLACEMENT_3D('',#2850,#2114,#2115);
#1881=AXIS2_PLACEMENT_3D('',#2852,#2116,#2117);
#1882=AXIS2_PLACEMENT_3D('',#2853,#2118,#2119);
#1883=AXIS2_PLACEMENT_3D('',#2871,#2120,#2121);
#1884=AXIS2_PLACEMENT_3D('',#2872,#2122,#2123);
#1885=AXIS2_PLACEMENT_3D('',#2873,#2124,#2125);
#1886=AXIS2_PLACEMENT_3D('',#2876,#2128,#2129);
#1887=AXIS2_PLACEMENT_3D('',#2879,#2132,#2133);
#1888=AXIS2_PLACEMENT_3D('',#2882,#2136,#2137);
#1889=AXIS2_PLACEMENT_3D('',#2885,#2140,#2141);
#1890=AXIS2_PLACEMENT_3D('',#2888,#2144,#2145);
#1891=AXIS2_PLACEMENT_3D('',#2891,#2148,#2149);
#1892=AXIS2_PLACEMENT_3D('',#2894,#2152,#2153);
#1893=AXIS2_PLACEMENT_3D('',#2897,#2156,#2157);
#1894=AXIS2_PLACEMENT_3D('',#2901,#2159,#2160);
#1895=AXIS2_PLACEMENT_3D('',#2903,#2162,#2163);
#1896=AXIS2_PLACEMENT_3D('',#2907,#2166,#2167);
#1897=AXIS2_PLACEMENT_3D('',#2910,#2169,#2170);
#1898=AXIS2_PLACEMENT_3D('',#2911,#2171,#2172);
#1899=AXIS2_PLACEMENT_3D('',#2917,#2176,#2177);
#1900=AXIS2_PLACEMENT_3D('',#2925,#2179,#2180);
#1901=AXIS2_PLACEMENT_3D('',#2926,#2181,#2182);
#1902=AXIS2_PLACEMENT_3D('',#2930,#2185,#2186);
#1903=AXIS2_PLACEMENT_3D('',#2939,#2188,#2189);
#1904=AXIS2_PLACEMENT_3D('',#2944,#2190,#2191);
#1905=AXIS2_PLACEMENT_3D('',#2948,#2194,#2195);
#1906=AXIS2_PLACEMENT_3D('',#2962,#2197,#2198);
#1907=AXIS2_PLACEMENT_3D('',#2963,#2199,#2200);
#1908=AXIS2_PLACEMENT_3D('',#2965,#2201,#2202);
#1909=AXIS2_PLACEMENT_3D('',#2972,#2204,#2205);
#1910=AXIS2_PLACEMENT_3D('',#2988,#2208,#2209);
#1911=AXIS2_PLACEMENT_3D('',#3003,#2212,#2213);
#1912=AXIS2_PLACEMENT_3D('',#3004,#2214,#2215);
#1913=AXIS2_PLACEMENT_3D('',#3006,#2217,#2218);
#1914=AXIS2_PLACEMENT_3D('',#3014,#2220,#2221);
#1915=AXIS2_PLACEMENT_3D('',#3015,#2222,#2223);
#1916=AXIS2_PLACEMENT_3D('',#3019,#2225,#2226);
#1917=AXIS2_PLACEMENT_3D('',#3026,#2228,#2229);
#1918=AXIS2_PLACEMENT_3D('',#3030,#2232,#2233);
#1919=AXIS2_PLACEMENT_3D('',#3032,#2235,#2236);
#1920=AXIS2_PLACEMENT_3D('',#3034,#2237,#2238);
#1921=AXIS2_PLACEMENT_3D('',#3041,#2240,#2241);
#1922=AXIS2_PLACEMENT_3D('',#3049,#2243,#2244);
#1923=AXIS2_PLACEMENT_3D('',#3050,#2245,#2246);
#1924=AXIS2_PLACEMENT_3D('',#3056,#2250,#2251);
#1925=AXIS2_PLACEMENT_3D('',#3061,#2252,#2253);
#1926=AXIS2_PLACEMENT_3D('',#3064,#2255,#2256);
#1927=AXIS2_PLACEMENT_3D('',#3065,#2257,#2258);
#1928=AXIS2_PLACEMENT_3D('',#3075,#2260,#2261);
#1929=AXIS2_PLACEMENT_3D('',#3084,#2263,#2264);
#1930=AXIS2_PLACEMENT_3D('',#3090,#2268,#2269);
#1931=AXIS2_PLACEMENT_3D('',#3092,#2270,#2271);
#1932=AXIS2_PLACEMENT_3D('',#3096,#2273,#2274);
#1933=AXIS2_PLACEMENT_3D('',#3101,#2275,#2276);
#1934=AXIS2_PLACEMENT_3D('',#3110,#2278,#2279);
#1935=AXIS2_PLACEMENT_3D('',#3112,#2281,#2282);
#1936=AXIS2_PLACEMENT_3D('',#3114,#2284,#2285);
#1937=AXIS2_PLACEMENT_3D('',#3120,#2289,#2290);
#1938=AXIS2_PLACEMENT_3D('',#3127,#2291,#2292);
#1939=AXIS2_PLACEMENT_3D('',#3128,#2293,#2294);
#1940=AXIS2_PLACEMENT_3D('',#3130,#2296,#2297);
#1941=AXIS2_PLACEMENT_3D('',#3133,#2300,#2301);
#1942=AXIS2_PLACEMENT_3D('',#3135,#2303,#2304);
#1943=AXIS2_PLACEMENT_3D('',#3137,#2306,#2307);
#1944=AXIS2_PLACEMENT_3D('',#3138,#2308,#2309);
#1945=AXIS2_PLACEMENT_3D('',#3141,#2310,#2311);
#1946=AXIS2_PLACEMENT_3D('',#3145,#2313,#2314);
#1947=AXIS2_PLACEMENT_3D('',#3147,#2316,#2317);
#1948=AXIS2_PLACEMENT_3D('',#3150,#2318,#2319);
#1949=AXIS2_PLACEMENT_3D('',#3153,#2321,#2322);
#1950=AXIS2_PLACEMENT_3D('',#3155,#2324,#2325);
#1951=AXIS2_PLACEMENT_3D('',#3156,#2326,#2327);
#1952=AXIS2_PLACEMENT_3D('',#3157,#2328,#2329);
#1953=AXIS2_PLACEMENT_3D('',#3159,#2330,#2331);
#1954=AXIS2_PLACEMENT_3D('',#3163,#2333,#2334);
#1955=AXIS2_PLACEMENT_3D('',#3165,#2336,#2337);
#1956=AXIS2_PLACEMENT_3D('',#3166,#2338,#2339);
#1957=AXIS2_PLACEMENT_3D('',#3167,#2340,#2341);
#1958=AXIS2_PLACEMENT_3D('',#3170,#2342,#2343);
#1959=AXIS2_PLACEMENT_3D('',#3173,#2345,#2346);
#1960=AXIS2_PLACEMENT_3D('',#3175,#2348,#2349);
#1961=AXIS2_PLACEMENT_3D('',#3176,#2350,#2351);
#1962=AXIS2_PLACEMENT_3D('',#3177,#2352,#2353);
#1963=AXIS2_PLACEMENT_3D('',#3179,#2354,#2355);
#1964=AXIS2_PLACEMENT_3D('',#3183,#2357,#2358);
#1965=AXIS2_PLACEMENT_3D('',#3185,#2360,#2361);
#1966=AXIS2_PLACEMENT_3D('',#3186,#2362,#2363);
#1967=AXIS2_PLACEMENT_3D('',#3187,#2364,#2365);
#1968=AXIS2_PLACEMENT_3D('',#3189,#2366,#2367);
#1969=AXIS2_PLACEMENT_3D('',#3193,#2369,#2370);
#1970=AXIS2_PLACEMENT_3D('',#3195,#2372,#2373);
#1971=AXIS2_PLACEMENT_3D('',#3196,#2374,#2375);
#1972=AXIS2_PLACEMENT_3D('',#3197,#2376,#2377);
#1973=AXIS2_PLACEMENT_3D('',#3199,#2378,#2379);
#1974=AXIS2_PLACEMENT_3D('',#3203,#2381,#2382);
#1975=AXIS2_PLACEMENT_3D('',#3205,#2384,#2385);
#1976=AXIS2_PLACEMENT_3D('',#3206,#2386,#2387);
#1977=AXIS2_PLACEMENT_3D('',#3207,#2388,#2389);
#1978=AXIS2_PLACEMENT_3D('',#3209,#2390,#2391);
#1979=AXIS2_PLACEMENT_3D('',#3212,#2393,#2394);
#1980=AXIS2_PLACEMENT_3D('',#3214,#2396,#2397);
#1981=AXIS2_PLACEMENT_3D('',#3215,#2398,#2399);
#1982=AXIS2_PLACEMENT_3D('',#3216,#2400,#2401);
#1983=AXIS2_PLACEMENT_3D('',#3217,#2402,#2403);
#1984=AXIS2_PLACEMENT_3D('',#3218,#2404,#2405);
#1985=AXIS2_PLACEMENT_3D('',#3222,#2407,#2408);
#1986=AXIS2_PLACEMENT_3D('',#3224,#2410,#2411);
#1987=AXIS2_PLACEMENT_3D('',#3228,#2414,#2415);
#1988=AXIS2_PLACEMENT_3D('',#3231,#2417,#2418);
#1989=AXIS2_PLACEMENT_3D('',#3232,#2419,#2420);
#1990=AXIS2_PLACEMENT_3D('',#3238,#2424,#2425);
#1991=AXIS2_PLACEMENT_3D('',#3246,#2427,#2428);
#1992=AXIS2_PLACEMENT_3D('',#3247,#2429,#2430);
#1993=AXIS2_PLACEMENT_3D('',#3251,#2433,#2434);
#1994=AXIS2_PLACEMENT_3D('',#3260,#2436,#2437);
#1995=AXIS2_PLACEMENT_3D('',#3265,#2438,#2439);
#1996=AXIS2_PLACEMENT_3D('',#3269,#2441,#2442);
#1997=AXIS2_PLACEMENT_3D('',#3271,#2444,#2445);
#1998=AXIS2_PLACEMENT_3D('',#3272,#2446,#2447);
#1999=AXIS2_PLACEMENT_3D('',#3283,#2450,#2451);
#2000=AXIS2_PLACEMENT_3D('',#3291,#2456,#2457);
#2001=AXIS2_PLACEMENT_3D('',#3293,#2458,#2459);
#2002=AXIS2_PLACEMENT_3D('',#3295,#2460,#2461);
#2003=AXIS2_PLACEMENT_3D('',#3305,#2463,#2464);
#2004=AXIS2_PLACEMENT_3D('',#3306,#2465,#2466);
#2005=AXIS2_PLACEMENT_3D('',#3315,#2468,#2469);
#2006=AXIS2_PLACEMENT_3D('',#3322,#2471,#2472);
#2007=AXIS2_PLACEMENT_3D('',#3341,#2475,#2476);
#2008=AXIS2_PLACEMENT_3D('',#3343,#2478,#2479);
#2009=AXIS2_PLACEMENT_3D('',#3350,#2480,#2481);
#2010=AXIS2_PLACEMENT_3D('',#3352,#2482,#2483);
#2011=AXIS2_PLACEMENT_3D('',#3362,#2485,#2486);
#2012=AXIS2_PLACEMENT_3D('',#3363,#2487,#2488);
#2013=AXIS2_PLACEMENT_3D('',#3375,#2490,#2491);
#2014=AXIS2_PLACEMENT_3D('',#3378,#2493,#2494);
#2015=AXIS2_PLACEMENT_3D('',#3379,#2495,#2496);
#2016=AXIS2_PLACEMENT_3D('',#3383,#2498,#2499);
#2017=AXIS2_PLACEMENT_3D('',#3387,#2501,#2502);
#2018=AXIS2_PLACEMENT_3D('',#3391,#2504,#2505);
#2019=AXIS2_PLACEMENT_3D('',#3395,#2507,#2508);
#2020=AXIS2_PLACEMENT_3D('',#3399,#2510,#2511);
#2021=AXIS2_PLACEMENT_3D('',#3401,#2513,#2514);
#2022=AXIS2_PLACEMENT_3D('',#3405,#2517,#2518);
#2023=AXIS2_PLACEMENT_3D('',#3406,#2519,#2520);
#2024=AXIS2_PLACEMENT_3D('',#3407,#2521,#2522);
#2025=AXIS2_PLACEMENT_3D('',#3409,#2524,#2525);
#2026=AXIS2_PLACEMENT_3D('',#3411,#2527,#2528);
#2027=AXIS2_PLACEMENT_3D('',#3418,#2530,#2531);
#2028=AXIS2_PLACEMENT_3D('',#3421,#2534,#2535);
#2029=AXIS2_PLACEMENT_3D('',#3423,#2537,#2538);
#2030=AXIS2_PLACEMENT_3D('',#3430,#2540,#2541);
#2031=AXIS2_PLACEMENT_3D('',#3437,#2543,#2544);
#2032=AXIS2_PLACEMENT_3D('',#3440,#2547,#2548);
#2033=AXIS2_PLACEMENT_3D('',#3444,#2551,#2552);
#2034=AXIS2_PLACEMENT_3D('',#3446,#2554,#2555);
#2035=AXIS2_PLACEMENT_3D('',#3451,#2556,#2557);
#2036=AXIS2_PLACEMENT_3D('',#3452,#2558,#2559);
#2037=AXIS2_PLACEMENT_3D('',#3453,#2560,#2561);
#2038=DIRECTION('axis',(0.,0.,1.));
#2039=DIRECTION('refdir',(1.,0.,0.));
#2040=DIRECTION('center_axis',(0.624943639931214,0.258860131378315,0.736503142757943));
#2041=DIRECTION('ref_axis',(0.762492851663024,0.,-0.64699663922063));
#2042=DIRECTION('center_axis',(-0.394055203119552,-0.788110406239101,0.472866243743458));
#2043=DIRECTION('ref_axis',(0.504535987287511,-0.615533904490759,-0.605443184745008));
#2044=DIRECTION('center_axis',(0.457495710997814,0.457495710997803,0.76249285166303));
#2045=DIRECTION('ref_axis',(0.857492925712545,5.82794238648374E-15,-0.514495755427526));
#2046=DIRECTION('center_axis',(0.539163866017192,0.539163866017192,-0.646996639220631));
#2047=DIRECTION('ref_axis',(0.345164295886996,-0.842200881964271,-0.414197155064395));
#2048=DIRECTION('center_axis',(-0.549009404519139,0.83581617222302,-3.1995951791753E-15));
#2049=DIRECTION('ref_axis',(0.83581617222302,0.549009404519139,0.));
#2050=DIRECTION('center_axis',(0.202803010333598,-0.979219556074954,0.));
#2051=DIRECTION('ref_axis',(0.979219556074954,0.202803010333598,0.));
#2052=DIRECTION('center_axis',(0.500676024874405,-0.230217195984503,0.834460041457347));
#2053=DIRECTION('ref_axis',(0.558180350861379,-0.650944554904122,-0.514495755427528));
#2054=DIRECTION('center_axis',(-0.896881548453676,-0.281165223892892,0.341393621669469));
#2055=DIRECTION('ref_axis',(0.0310935659363902,-0.810086559893647,-0.585485230929899));
#2056=DIRECTION('center_axis',(0.514495755427527,2.27098245800819E-15,0.857492925712544));
#2057=DIRECTION('ref_axis',(0.606339062590834,-0.707106781186547,-0.363803437554499));
#2058=DIRECTION('center_axis',(0.857492925712544,0.,-0.514495755427526));
#2059=DIRECTION('ref_axis',(-0.264705882352941,-0.857492925712545,-0.441176470588235));
#2060=DIRECTION('center_axis',(0.224061009700939,0.974575119696679,0.));
#2061=DIRECTION('ref_axis',(0.974575119696679,-0.224061009700939,0.));
#2062=DIRECTION('center_axis',(-0.593973313633025,-0.804484743604131,0.));
#2063=DIRECTION('ref_axis',(0.804484743604131,-0.593973313633025,0.));
#2064=DIRECTION('center_axis',(0.133417845028086,-0.360550989859993,0.923148234217583));
#2065=DIRECTION('ref_axis',(0.,-0.931475742477235,-0.363803437554517));
#2066=DIRECTION('center_axis',(-0.836242010007091,0.487608693280009,0.250872603002127));
#2067=DIRECTION('ref_axis',(-0.548360557206024,-0.743596286069509,-0.382577132934435));
#2068=DIRECTION('center_axis',(0.514495755427524,-4.74754839947657E-15,
0.857492925712546));
#2069=DIRECTION('ref_axis',(-1.16558847729675E-14,-1.,1.45698559662094E-15));
#2070=DIRECTION('center_axis',(0.606339062590833,-0.707106781186547,-0.3638034375545));
#2071=DIRECTION('ref_axis',(-0.795206225564457,-0.539163866017192,-0.277397520545741));
#2072=DIRECTION('center_axis',(0.864883778307079,0.501972160603823,5.48524655928348E-16));
#2073=DIRECTION('ref_axis',(0.501972160603823,-0.864883778307079,0.));
#2074=DIRECTION('center_axis',(-0.983311182586993,-0.181931630563157,0.));
#2075=DIRECTION('ref_axis',(0.181931630563157,-0.983311182586993,0.));
#2076=DIRECTION('center_axis',(0.979219556074953,-0.202803010333603,7.38702662518569E-16));
#2077=DIRECTION('ref_axis',(-0.202803010333603,-0.979219556074953,0.));
#2078=DIRECTION('center_axis',(-0.835816172223016,0.549009404519145,-2.01767091914561E-15));
#2079=DIRECTION('ref_axis',(-0.549009404519145,-0.835816172223016,0.));
#2080=DIRECTION('center_axis',(-1.03024439546179E-15,-1.50105124518727E-30,
1.));
#2081=DIRECTION('ref_axis',(-0.707106781186552,-0.707106781186543,-7.2849279831047E-16));
#2082=DIRECTION('center_axis',(0.549009404519144,-0.835816172223016,-1.43567075521127E-15));
#2083=DIRECTION('ref_axis',(-0.835816172223016,-0.549009404519144,7.13354394565379E-16));
#2084=DIRECTION('center_axis',(-0.202803010333605,0.979219556074953,1.47740532503715E-16));
#2085=DIRECTION('ref_axis',(-0.979219556074953,-0.202803010333605,7.13354394565379E-16));
#2086=DIRECTION('center_axis',(7.2849279831047E-16,3.01751597151321E-16,
1.));
#2087=DIRECTION('ref_axis',(-1.,0.,7.2849279831047E-16));
#2088=DIRECTION('center_axis',(-0.360550989859992,0.133417845028089,0.923148234217583));
#2089=DIRECTION('ref_axis',(-0.707106781186541,0.606339062590828,-0.363803437554519));
#2090=DIRECTION('center_axis',(-0.707106781186547,0.606339062590833,-0.3638034375545));
#2091=DIRECTION('ref_axis',(-0.539163866017192,-0.795206225564457,-0.277397520545742));
#2092=DIRECTION('center_axis',(6.24677420983763E-16,0.514495755427527,0.857492925712544));
#2093=DIRECTION('ref_axis',(-0.707106781186548,0.606339062590832,-0.3638034375545));
#2094=DIRECTION('center_axis',(0.487608693280009,-0.836242010007091,0.250872603002128));
#2095=DIRECTION('ref_axis',(-0.743596286069509,-0.548360557206024,-0.382577132934436));
#2096=DIRECTION('center_axis',(-0.181931630563157,-0.983311182586993,2.65071765300281E-16));
#2097=DIRECTION('ref_axis',(-0.983311182586993,0.181931630563157,0.));
#2098=DIRECTION('center_axis',(0.501972160603826,0.864883778307078,2.70308796746514E-15));
#2099=DIRECTION('ref_axis',(-0.864883778307078,0.501972160603826,0.));
#2100=DIRECTION('center_axis',(-0.230217195984496,0.500676024874408,0.834460041457347));
#2101=DIRECTION('ref_axis',(-1.45698559662094E-15,0.857492925712544,-0.514495755427527));
#2102=DIRECTION('center_axis',(0.,0.857492925712544,-0.514495755427527));
#2103=DIRECTION('ref_axis',(-0.857492925712545,-0.264705882352941,-0.441176470588235));
#2104=DIRECTION('center_axis',(-3.01037209549924E-15,0.514495755427529,
0.857492925712543));
#2105=DIRECTION('ref_axis',(-1.45698559662093E-14,0.857492925712543,-0.514495755427529));
#2106=DIRECTION('center_axis',(-0.28116522389289,-0.896881548453679,0.341393621669464));
#2107=DIRECTION('ref_axis',(-0.810086559893645,0.0310935659363901,-0.585485230929901));
#2108=DIRECTION('center_axis',(-0.804484743604132,-0.593973313633024,-5.86061342066256E-16));
#2109=DIRECTION('ref_axis',(-0.593973313633024,0.804484743604132,0.));
#2110=DIRECTION('center_axis',(0.974575119696678,0.224061009700941,0.));
#2111=DIRECTION('ref_axis',(-0.224061009700941,0.974575119696678,0.));
#2112=DIRECTION('center_axis',(0.258860131378315,0.624943639931214,0.736503142757943));
#2113=DIRECTION('ref_axis',(0.539163866017193,0.539163866017193,-0.64699663922063));
#2114=DIRECTION('center_axis',(0.539163866017192,0.539163866017192,-0.646996639220631));
#2115=DIRECTION('ref_axis',(-0.842200881964271,0.345164295886996,-0.414197155064395));
#2116=DIRECTION('center_axis',(0.457495710997807,0.457495710997823,0.762492851663022));
#2117=DIRECTION('ref_axis',(0.539163866017179,0.539163866017203,-0.646996639220632));
#2118=DIRECTION('center_axis',(-0.788110406239101,-0.39405520311955,0.472866243743461));
#2119=DIRECTION('ref_axis',(-0.61553390449076,0.504535987287507,-0.60544318474501));
#2120=DIRECTION('center_axis',(-0.979219556074953,0.202803010333603,0.));
#2121=DIRECTION('ref_axis',(0.202803010333603,0.979219556074953,0.));
#2122=DIRECTION('center_axis',(0.835816172223017,-0.549009404519143,0.));
#2123=DIRECTION('ref_axis',(0.549009404519143,0.835816172223017,0.));
#2124=DIRECTION('center_axis',(0.707106781186547,-0.707106781186548,0.));
#2125=DIRECTION('ref_axis',(0.297070429687713,0.297070429687713,-0.907468081868621));
#2126=DIRECTION('',(-0.707106781186547,0.707106781186548,0.));
#2127=DIRECTION('',(0.707106781186547,-0.707106781186548,0.));
#2128=DIRECTION('center_axis',(1.,0.,0.));
#2129=DIRECTION('ref_axis',(0.,0.492698814983594,-0.870199906753478));
#2130=DIRECTION('',(1.,0.,0.));
#2131=DIRECTION('',(-1.,0.,0.));
#2132=DIRECTION('center_axis',(0.65094455490412,0.759125277171481,0.));
#2133=DIRECTION('ref_axis',(-0.42814819154701,0.36713404540818,-0.825773406436202));
#2134=DIRECTION('',(0.65094455490412,0.759125277171481,0.));
#2135=DIRECTION('',(-0.65094455490412,-0.759125277171481,0.));
#2136=DIRECTION('center_axis',(0.,1.,0.));
#2137=DIRECTION('ref_axis',(-0.707106781186548,0.,-0.707106781186547));
#2138=DIRECTION('',(0.,1.,0.));
#2139=DIRECTION('',(0.,-1.,0.));
#2140=DIRECTION('center_axis',(-0.707106781186548,0.707106781186548,0.));
#2141=DIRECTION('ref_axis',(-0.500000000000001,-0.5,-0.707106781186546));
#2142=DIRECTION('',(-0.707106781186548,0.707106781186548,0.));
#2143=DIRECTION('',(0.707106781186548,-0.707106781186548,0.));
#2144=DIRECTION('center_axis',(-1.,0.,0.));
#2145=DIRECTION('ref_axis',(0.,-0.707106781186547,-0.707106781186547));
#2146=DIRECTION('',(-1.,0.,0.));
#2147=DIRECTION('',(1.,0.,0.));
#2148=DIRECTION('center_axis',(-0.759125277171481,-0.65094455490412,0.));
#2149=DIRECTION('ref_axis',(0.36713404540818,-0.428148191547009,-0.825773406436202));
#2150=DIRECTION('',(-0.759125277171481,-0.65094455490412,0.));
#2151=DIRECTION('',(0.759125277171481,0.65094455490412,-2.01951476405393E-17));
#2152=DIRECTION('center_axis',(0.,-1.,0.));
#2153=DIRECTION('ref_axis',(0.492698814983593,0.,-0.870199906753479));
#2154=DIRECTION('',(0.,-1.,0.));
#2155=DIRECTION('',(0.,1.,0.));
#2156=DIRECTION('center_axis',(0.,0.,-1.));
#2157=DIRECTION('ref_axis',(-0.38268343236509,-0.923879532511286,0.));
#2158=DIRECTION('',(0.,0.,1.));
#2159=DIRECTION('center_axis',(0.,0.,1.));
#2160=DIRECTION('ref_axis',(-0.38268343236509,-0.923879532511286,0.));
#2161=DIRECTION('',(0.,0.,-1.));
#2162=DIRECTION('center_axis',(-0.707106781186548,-0.707106781186548,0.));
#2163=DIRECTION('ref_axis',(0.,0.,1.));
#2164=DIRECTION('',(0.,0.,-1.));
#2165=DIRECTION('',(-0.707106781186548,0.707106781186548,0.));
#2166=DIRECTION('center_axis',(0.,0.,1.));
#2167=DIRECTION('ref_axis',(-0.923879532511287,-0.38268343236509,0.));
#2168=DIRECTION('',(0.,0.,1.));
#2169=DIRECTION('center_axis',(0.,0.,1.));
#2170=DIRECTION('ref_axis',(-0.923879532511287,-0.38268343236509,0.));
#2171=DIRECTION('center_axis',(-1.,0.,0.));
#2172=DIRECTION('ref_axis',(0.,0.,1.));
#2173=DIRECTION('',(0.,-0.514495755427527,-0.857492925712544));
#2174=DIRECTION('',(0.,0.,-1.));
#2175=DIRECTION('',(0.,1.,0.));
#2176=DIRECTION('center_axis',(0.,0.514495755427527,0.857492925712544));
#2177=DIRECTION('ref_axis',(-0.923879532511286,0.32814833604046,-0.196889001624276));
#2178=DIRECTION('',(0.,0.514495755427527,0.857492925712544));
#2179=DIRECTION('center_axis',(0.,0.26693358189583,0.963714928210756));
#2180=DIRECTION('ref_axis',(-1.75514846206457E-16,0.963714928210756,-0.26693358189583));
#2181=DIRECTION('center_axis',(-0.707106781186547,0.606339062590833,-0.3638034375545));
#2182=DIRECTION('ref_axis',(-0.457495710997815,0.,0.8892118276421));
#2183=DIRECTION('',(0.,-0.514495755427527,-0.857492925712544));
#2184=DIRECTION('',(-0.693922572902127,-0.693922572902127,0.192205425609647));
#2185=DIRECTION('center_axis',(0.,0.514495755427527,0.857492925712544));
#2186=DIRECTION('ref_axis',(-0.382683432365091,0.792220163339039,-0.475332098003426));
#2187=DIRECTION('',(0.,0.514495755427527,0.857492925712544));
#2188=DIRECTION('center_axis',(0.,-0.266933581895808,-0.963714928210762));
#2189=DIRECTION('ref_axis',(-7.89816807929059E-16,0.963714928210762,-0.266933581895808));
#2190=DIRECTION('center_axis',(0.,-0.857492925712544,0.514495755427527));
#2191=DIRECTION('ref_axis',(0.,-0.514495755427527,-0.857492925712544));
#2192=DIRECTION('',(-0.457495710997814,-0.457495710997814,-0.762492851663023));
#2193=DIRECTION('',(-1.,0.,0.));
#2194=DIRECTION('center_axis',(0.457495710997814,0.457495710997814,0.762492851663023));
#2195=DIRECTION('ref_axis',(0.284543459933271,0.73708492149844,-0.612977028859028));
#2196=DIRECTION('',(0.457495710997814,0.457495710997814,0.762492851663023));
#2197=DIRECTION('center_axis',(0.,0.,-1.));
#2198=DIRECTION('ref_axis',(-1.,0.,0.));
#2199=DIRECTION('center_axis',(-1.,0.,0.));
#2200=DIRECTION('ref_axis',(0.,0.963714928210761,-0.266933581895812));
#2201=DIRECTION('center_axis',(0.940271577683111,0.,0.34042526375302));
#2202=DIRECTION('ref_axis',(0.34042526375302,1.92650926724486E-16,-0.940271577683111));
#2203=DIRECTION('',(1.,0.,0.));
#2204=DIRECTION('center_axis',(-0.457495710997814,-0.457495710997814,-0.762492851663023));
#2205=DIRECTION('ref_axis',(0.737084921498442,0.284543459933269,-0.612977028859026));
#2206=DIRECTION('',(0.457495710997814,0.457495710997814,0.762492851663023));
#2207=DIRECTION('',(-0.457495710997814,-0.457495710997814,-0.762492851663023));
#2208=DIRECTION('center_axis',(0.,1.,0.));
#2209=DIRECTION('ref_axis',(0.960866816266792,0.,-0.277010760435977));
#2210=DIRECTION('',(0.,1.,0.));
#2211=DIRECTION('',(0.,-1.,0.));
#2212=DIRECTION('center_axis',(-0.00721572727672562,-0.938767678598058,
-0.344475222475408));
#2213=DIRECTION('ref_axis',(-0.0196600668981253,0.344550788157006,-0.93856179133286));
#2214=DIRECTION('center_axis',(0.857492925712544,0.,-0.514495755427526));
#2215=DIRECTION('ref_axis',(-0.514495755427526,0.,-0.857492925712544));
#2216=DIRECTION('',(-0.514495755427526,0.,-0.857492925712544));
#2217=DIRECTION('center_axis',(-0.514495755427526,0.,-0.857492925712544));
#2218=DIRECTION('ref_axis',(0.792220163339038,-0.382683432365094,-0.475332098003427));
#2219=DIRECTION('',(0.514495755427526,0.,0.857492925712544));
#2220=DIRECTION('center_axis',(-0.277010760435979,0.,-0.960866816266792));
#2221=DIRECTION('ref_axis',(0.960866816266792,-1.05608583771414E-15,-0.277010760435979));
#2222=DIRECTION('center_axis',(-0.514495755427526,0.,-0.857492925712544));
#2223=DIRECTION('ref_axis',(0.32814833604046,-0.923879532511286,-0.196889001624276));
#2224=DIRECTION('',(0.514495755427526,0.,0.857492925712544));
#2225=DIRECTION('center_axis',(-0.277010760435956,0.,-0.960866816266798));
#2226=DIRECTION('ref_axis',(0.960866816266798,-8.80071531428442E-17,-0.277010760435956));
#2227=DIRECTION('',(-0.514495755427526,0.,-0.857492925712544));
#2228=DIRECTION('center_axis',(0.,1.,0.));
#2229=DIRECTION('ref_axis',(1.,0.,0.));
#2230=DIRECTION('',(-1.,0.,0.));
#2231=DIRECTION('',(0.0209424198833568,0.,0.999780683474845));
#2232=DIRECTION('center_axis',(0.606339062590833,-0.707106781186547,-0.3638034375545));
#2233=DIRECTION('ref_axis',(-0.514495755427526,0.,-0.857492925712544));
#2234=DIRECTION('',(0.690924334491575,0.694944289420228,-0.199188349582973));
#2235=DIRECTION('center_axis',(-0.0209424198833568,0.,-0.999780683474845));
#2236=DIRECTION('ref_axis',(0.382599503564468,-0.923879532511287,-0.00801431712299696));
#2237=DIRECTION('center_axis',(0.,0.,1.));
#2238=DIRECTION('ref_axis',(1.,-1.04697872746443E-15,0.));
#2239=DIRECTION('',(-0.0209424198833568,1.2266347333467E-18,-0.999780683474845));
#2240=DIRECTION('center_axis',(0.,0.,1.));
#2241=DIRECTION('ref_axis',(-0.923879532511287,0.38268343236509,0.));
#2242=DIRECTION('',(0.,0.,1.));
#2243=DIRECTION('center_axis',(0.,0.,1.));
#2244=DIRECTION('ref_axis',(-0.923879532511287,0.38268343236509,0.));
#2245=DIRECTION('center_axis',(-0.707106781186548,0.707106781186547,0.));
#2246=DIRECTION('ref_axis',(0.,0.,1.));
#2247=DIRECTION('',(0.693922572902127,0.693922572902127,-0.192205425609647));
#2248=DIRECTION('',(0.,0.,-1.));
#2249=DIRECTION('',(0.707106781186547,0.707106781186548,0.));
#2250=DIRECTION('center_axis',(-0.693922572902127,-0.693922572902127,0.192205425609647));
#2251=DIRECTION('ref_axis',(-0.720049625245992,0.668743542528199,-0.185231237943122));
#2252=DIRECTION('center_axis',(0.,0.,-1.));
#2253=DIRECTION('ref_axis',(-0.382683432365091,0.923879532511286,0.));
#2254=DIRECTION('',(0.,0.,1.));
#2255=DIRECTION('center_axis',(0.,0.,1.));
#2256=DIRECTION('ref_axis',(-0.382683432365091,0.923879532511286,0.));
#2257=DIRECTION('center_axis',(0.0209424198833568,0.,0.999780683474845));
#2258=DIRECTION('ref_axis',(0.382599503564468,0.923879532511287,-0.00801431712299696));
#2259=DIRECTION('',(0.0209424198833568,0.,0.999780683474845));
#2260=DIRECTION('center_axis',(0.,0.,1.));
#2261=DIRECTION('ref_axis',(1.,1.04697872746443E-15,0.));
#2262=DIRECTION('',(-0.0209424198833568,0.,-0.999780683474845));
#2263=DIRECTION('center_axis',(0.706951700984384,0.707106781186548,-0.0148085271139776));
#2264=DIRECTION('ref_axis',(-0.0209424198833568,0.,-0.999780683474845));
#2265=DIRECTION('',(0.707185696839709,-0.707027844488185,0.000131543626270532));
#2266=DIRECTION('',(-0.0209424198833568,-4.9065389333868E-18,-0.999780683474845));
#2267=DIRECTION('',(0.707184325538619,-0.707029228329698,0.));
#2268=DIRECTION('center_axis',(-0.707185696839709,0.707027844488185,-0.000131543626270533));
#2269=DIRECTION('ref_axis',(0.66193089654905,0.662013274443983,-0.351547881025794));
#2270=DIRECTION('center_axis',(0.839775715009617,-0.402427820336454,0.3644565788943));
#2271=DIRECTION('ref_axis',(0.063867629214518,0.739833883382374,0.669751260497413));
#2272=DIRECTION('',(-0.707185696839709,0.707027844488185,-0.000131543626270517));
#2273=DIRECTION('center_axis',(0.396592247675141,-0.84025239386309,-0.369716788489955));
#2274=DIRECTION('ref_axis',(0.742978407940213,0.0572559183730665,0.666861938594402));
#2275=DIRECTION('center_axis',(-0.0209424198833568,2.4532694666934E-18,
-0.999780683474845));
#2276=DIRECTION('ref_axis',(0.923676910462557,-0.382683432365086,-0.0193482730914895));
#2277=DIRECTION('',(0.0209424198833568,-2.4532694666934E-18,0.999780683474845));
#2278=DIRECTION('center_axis',(0.,0.,1.));
#2279=DIRECTION('ref_axis',(1.,-1.16032555491602E-13,0.));
#2280=DIRECTION('',(-0.0209424198833568,2.4532694666934E-18,-0.999780683474845));
#2281=DIRECTION('center_axis',(0.690924334491575,0.694944289420228,-0.199188349582973));
#2282=DIRECTION('ref_axis',(0.667748906858003,-0.719063581752139,-0.192507046072937));
#2283=DIRECTION('',(-0.690924334491575,-0.694944289420228,0.199188349582973));
#2284=DIRECTION('center_axis',(0.999780683474845,0.,-0.0209424198833568));
#2285=DIRECTION('ref_axis',(-0.0209424198833568,0.,-0.999780683474845));
#2286=DIRECTION('',(0.,-1.,0.));
#2287=DIRECTION('',(0.0209424198833568,4.9065389333868E-18,0.999780683474845));
#2288=DIRECTION('',(-0.0135477830899368,-0.762569508760765,-0.646764409875585));
#2289=DIRECTION('center_axis',(-0.0209424198833568,-4.9065389333868E-18,
-0.999780683474845));
#2290=DIRECTION('ref_axis',(0.923676910462556,0.382683432365087,-0.0193482730914895));
#2291=DIRECTION('center_axis',(0.,0.,1.));
#2292=DIRECTION('ref_axis',(1.,-1.2322484414114E-13,0.));
#2293=DIRECTION('center_axis',(-0.0135477830899368,-0.762569508760765,-0.646764409875585));
#2294=DIRECTION('ref_axis',(0.873330929672266,0.30596845124141,-0.379046691217201));
#2295=DIRECTION('',(0.0135477830899368,0.762569508760765,0.646764409875585));
#2296=DIRECTION('center_axis',(0.768221279597376,0.,0.64018439966448));
#2297=DIRECTION('ref_axis',(0.307300559734066,0.877258190619271,-0.368760671680879));
#2298=DIRECTION('',(-0.768221279597376,0.,-0.64018439966448));
#2299=DIRECTION('',(0.768221279597376,0.,0.64018439966448));
#2300=DIRECTION('center_axis',(0.,1.,0.));
#2301=DIRECTION('ref_axis',(0.,0.,1.));
#2302=DIRECTION('',(1.,0.,0.));
#2303=DIRECTION('center_axis',(0.706951700984384,-0.707106781186548,-0.0148085271139776));
#2304=DIRECTION('ref_axis',(-0.0209424198833568,0.,-0.999780683474845));
#2305=DIRECTION('',(-0.70718432553862,-0.707029228329698,0.));
#2306=DIRECTION('center_axis',(0.539163866017192,0.539163866017192,-0.646996639220631));
#2307=DIRECTION('ref_axis',(-0.768221279597376,0.,-0.64018439966448));
#2308=DIRECTION('center_axis',(-0.707106781186547,0.707106781186548,0.));
#2309=DIRECTION('ref_axis',(0.297070429687708,0.297070429687712,-0.907468081868623));
#2310=DIRECTION('center_axis',(-0.70710678118655,0.707106781186545,0.));
#2311=DIRECTION('ref_axis',(0.53916386601719,0.539163866017193,-0.646996639220631));
#2312=DIRECTION('',(-0.707106781186547,0.707106781186548,0.));
#2313=DIRECTION('center_axis',(0.707106781186552,-0.707106781186543,0.));
#2314=DIRECTION('ref_axis',(0.,0.,-1.));
#2315=DIRECTION('',(0.707106781186547,-0.707106781186548,0.));
#2316=DIRECTION('center_axis',(1.,0.,0.));
#2317=DIRECTION('ref_axis',(0.,0.492698814983592,-0.870199906753479));
#2318=DIRECTION('center_axis',(1.,0.,0.));
#2319=DIRECTION('ref_axis',(0.,0.,-1.));
#2320=DIRECTION('',(1.,0.,0.));
#2321=DIRECTION('center_axis',(-1.,0.,0.));
#2322=DIRECTION('ref_axis',(0.,0.857492925712543,-0.514495755427528));
#2323=DIRECTION('',(-1.,0.,0.));
#2324=DIRECTION('center_axis',(0.128559344853726,-0.847257289057507,-0.51539070712393));
#2325=DIRECTION('ref_axis',(0.20505719992175,0.531182723870914,-0.822068402641367));
#2326=DIRECTION('center_axis',(-0.457495710997814,-0.457495710997814,-0.762492851663023));
#2327=DIRECTION('ref_axis',(0.284543459933274,0.73708492149844,-0.612977028859026));
#2328=DIRECTION('center_axis',(-0.65094455490412,-0.759125277171481,0.));
#2329=DIRECTION('ref_axis',(-0.428148191547009,0.36713404540818,-0.825773406436203));
#2330=DIRECTION('center_axis',(-0.65094455490412,-0.75912527717148,0.));
#2331=DIRECTION('ref_axis',(-0.707106781186547,0.606339062590833,-0.3638034375545));
#2332=DIRECTION('',(-0.65094455490412,-0.759125277171481,0.));
#2333=DIRECTION('center_axis',(0.650944554904121,0.75912527717148,0.));
#2334=DIRECTION('ref_axis',(0.,0.,-1.));
#2335=DIRECTION('',(0.65094455490412,0.759125277171481,0.));
#2336=DIRECTION('center_axis',(-0.207615572383998,-0.807930491269105,-0.551492606823815));
#2337=DIRECTION('ref_axis',(-0.28465174223213,0.589277796355558,-0.756125032231145));
#2338=DIRECTION('center_axis',(0.,-0.514495755427527,-0.857492925712544));
#2339=DIRECTION('ref_axis',(-0.382683432365089,0.792220163339041,-0.475332098003425));
#2340=DIRECTION('center_axis',(0.,1.,0.));
#2341=DIRECTION('ref_axis',(-0.707106781186548,0.,-0.707106781186547));
#2342=DIRECTION('center_axis',(0.,1.,0.));
#2343=DIRECTION('ref_axis',(0.,0.,-1.));
#2344=DIRECTION('',(0.,1.,0.));
#2345=DIRECTION('center_axis',(0.,-1.,0.));
#2346=DIRECTION('ref_axis',(-1.,0.,8.74191357972563E-16));
#2347=DIRECTION('',(0.,-1.,0.));
#2348=DIRECTION('center_axis',(0.566753158055715,-0.201302333493777,-0.798916909549319));
#2349=DIRECTION('ref_axis',(-0.752839217166848,0.267397347517587,-0.601441411640541));
#2350=DIRECTION('center_axis',(0.,-0.514495755427527,-0.857492925712544));
#2351=DIRECTION('ref_axis',(-0.923879532511287,0.32814833604046,-0.196889001624275));
#2352=DIRECTION('center_axis',(0.707106781186548,-0.707106781186548,0.));
#2353=DIRECTION('ref_axis',(-0.500000000000002,-0.500000000000001,-0.707106781186545));
#2354=DIRECTION('center_axis',(0.707106781186551,-0.707106781186545,0.));
#2355=DIRECTION('ref_axis',(-0.707106781186545,-0.707106781186551,0.));
#2356=DIRECTION('',(0.707106781186548,-0.707106781186548,0.));
#2357=DIRECTION('center_axis',(-0.707106781186547,0.707106781186548,0.));
#2358=DIRECTION('ref_axis',(0.,0.,-1.));
#2359=DIRECTION('',(-0.707106781186548,0.707106781186548,0.));
#2360=DIRECTION('center_axis',(0.439732612032305,0.182143211721527,-0.879465224064609));
#2361=DIRECTION('ref_axis',(-0.812519920068745,-0.336556770590777,-0.475963149477969));
#2362=DIRECTION('center_axis',(0.,0.,-1.));
#2363=DIRECTION('ref_axis',(-0.923879532511287,-0.38268343236509,0.));
#2364=DIRECTION('center_axis',(1.,0.,0.));
#2365=DIRECTION('ref_axis',(0.,-0.707106781186548,-0.707106781186548));
#2366=DIRECTION('center_axis',(1.,-8.74191357972564E-16,0.));
#2367=DIRECTION('ref_axis',(-8.74191357972564E-16,-1.,0.));
#2368=DIRECTION('',(1.,0.,0.));
#2369=DIRECTION('center_axis',(-1.,0.,0.));
#2370=DIRECTION('ref_axis',(0.,0.,-1.));
#2371=DIRECTION('',(-1.,0.,0.));
#2372=DIRECTION('center_axis',(-0.941663177664662,0.290400099340398,0.170112439679111));
#2373=DIRECTION('ref_axis',(-0.336556770590776,-0.812519920068745,-0.475963149477969));
#2374=DIRECTION('center_axis',(0.,0.,-1.));
#2375=DIRECTION('ref_axis',(-0.38268343236509,-0.923879532511286,0.));
#2376=DIRECTION('center_axis',(0.759125277171481,0.65094455490412,0.));
#2377=DIRECTION('ref_axis',(0.367134045408181,-0.428148191547008,-0.825773406436203));
#2378=DIRECTION('center_axis',(0.759125277171478,0.650944554904123,0.));
#2379=DIRECTION('ref_axis',(0.606339062590836,-0.707106781186545,-0.363803437554498));
#2380=DIRECTION('',(0.759125277171481,0.65094455490412,0.));
#2381=DIRECTION('center_axis',(-0.759125277171477,-0.650944554904124,0.));
#2382=DIRECTION('ref_axis',(0.,0.,-1.));
#2383=DIRECTION('',(-0.759125277171481,-0.65094455490412,2.01951476405393E-17));
#2384=DIRECTION('center_axis',(-0.963586352404681,-0.208914550600741,-0.166901324161109));
#2385=DIRECTION('ref_axis',(0.267397347517587,-0.752839217166847,-0.601441411640542));
#2386=DIRECTION('center_axis',(-0.514495755427526,0.,-0.857492925712544));
#2387=DIRECTION('ref_axis',(0.328148336040457,-0.923879532511288,-0.196889001624275));
#2388=DIRECTION('center_axis',(0.,1.,0.));
#2389=DIRECTION('ref_axis',(0.492698814983589,0.,-0.870199906753481));
#2390=DIRECTION('center_axis',(0.,1.,0.));
#2391=DIRECTION('ref_axis',(0.857492925712545,0.,-0.514495755427526));
#2392=DIRECTION('',(0.,1.,0.));
#2393=DIRECTION('center_axis',(0.,-1.,0.));
#2394=DIRECTION('ref_axis',(0.,0.,-1.));
#2395=DIRECTION('',(0.,-1.,0.));
#2396=DIRECTION('center_axis',(-0.174977600524708,-0.958630995557838,0.224520497216634));
#2397=DIRECTION('ref_axis',(0.589277796355557,-0.284651742232132,-0.756125032231145));
#2398=DIRECTION('center_axis',(-0.514495755427526,0.,-0.857492925712544));
#2399=DIRECTION('ref_axis',(0.792220163339041,-0.382683432365089,-0.475332098003425));
#2400=DIRECTION('center_axis',(0.111287706781419,-0.97874999093755,-0.172230954125788));
#2401=DIRECTION('ref_axis',(0.531182723870917,0.205057199921746,-0.822068402641365));
#2402=DIRECTION('center_axis',(-0.457495710997814,-0.457495710997814,-0.762492851663023));
#2403=DIRECTION('ref_axis',(0.737084921498443,0.284543459933268,-0.612977028859026));
#2404=DIRECTION('center_axis',(0.,0.,-1.));
#2405=DIRECTION('ref_axis',(-0.923879532511287,-0.38268343236509,0.));
#2406=DIRECTION('',(0.,0.,1.));
#2407=DIRECTION('center_axis',(0.,0.,-1.));
#2408=DIRECTION('ref_axis',(-0.923879532511287,-0.38268343236509,0.));
#2409=DIRECTION('',(0.,0.,-1.));
#2410=DIRECTION('center_axis',(-0.707106781186548,-0.707106781186548,0.));
#2411=DIRECTION('ref_axis',(0.,0.,1.));
#2412=DIRECTION('',(0.,0.,-1.));
#2413=DIRECTION('',(-0.707106781186548,0.707106781186548,0.));
#2414=DIRECTION('center_axis',(0.,0.,1.));
#2415=DIRECTION('ref_axis',(-0.38268343236509,-0.923879532511287,0.));
#2416=DIRECTION('',(0.,0.,1.));
#2417=DIRECTION('center_axis',(0.,0.,-1.));
#2418=DIRECTION('ref_axis',(-0.38268343236509,-0.923879532511287,0.));
#2419=DIRECTION('center_axis',(0.,1.,0.));
#2420=DIRECTION('ref_axis',(1.,0.,0.));
#2421=DIRECTION('',(-0.514495755427526,0.,-0.857492925712544));
#2422=DIRECTION('',(-0.0209424198833568,0.,-0.999780683474845));
#2423=DIRECTION('',(-1.,0.,0.));
#2424=DIRECTION('center_axis',(-0.514495755427526,0.,-0.857492925712544));
#2425=DIRECTION('ref_axis',(0.328148336040459,-0.923879532511287,-0.196889001624276));
#2426=DIRECTION('',(0.514495755427526,0.,0.857492925712544));
#2427=DIRECTION('center_axis',(-0.277010760435983,0.,-0.960866816266791));
#2428=DIRECTION('ref_axis',(0.960866816266791,-2.32338884297111E-15,-0.277010760435983));
#2429=DIRECTION('center_axis',(0.606339062590833,-0.707106781186547,-0.3638034375545));
#2430=DIRECTION('ref_axis',(-0.514495755427526,0.,-0.857492925712544));
#2431=DIRECTION('',(-0.514495755427526,0.,-0.857492925712544));
#2432=DIRECTION('',(0.690924334491575,0.694944289420228,-0.199188349582973));
#2433=DIRECTION('center_axis',(0.514495755427526,0.,0.857492925712544));
#2434=DIRECTION('ref_axis',(0.792220163339041,-0.38268343236509,-0.475332098003425));
#2435=DIRECTION('',(0.514495755427526,0.,0.857492925712544));
#2436=DIRECTION('center_axis',(-0.27701076043598,0.,-0.960866816266791));
#2437=DIRECTION('ref_axis',(0.960866816266791,-3.69630043199948E-16,-0.27701076043598));
#2438=DIRECTION('center_axis',(0.857492925712544,0.,-0.514495755427526));
#2439=DIRECTION('ref_axis',(-0.514495755427526,0.,-0.857492925712544));
#2440=DIRECTION('',(-0.457495710997814,-0.457495710997814,-0.762492851663023));
#2441=DIRECTION('center_axis',(-0.857492925712544,0.,0.514495755427526));
#2442=DIRECTION('ref_axis',(0.305083188780418,0.805220772307642,0.508471981300697));
#2443=DIRECTION('',(0.,1.,0.));
#2444=DIRECTION('center_axis',(0.,0.,-1.));
#2445=DIRECTION('ref_axis',(-1.,0.,0.));
#2446=DIRECTION('center_axis',(0.457495710997814,0.457495710997814,0.762492851663023));
#2447=DIRECTION('ref_axis',(0.284543459933271,0.737084921498442,-0.612977028859026));
#2448=DIRECTION('',(0.457495710997814,0.457495710997814,0.762492851663023));
#2449=DIRECTION('',(-0.457495710997814,-0.457495710997814,-0.762492851663023));
#2450=DIRECTION('center_axis',(0.539163866017192,0.539163866017192,-0.646996639220631));
#2451=DIRECTION('ref_axis',(-0.768221279597376,0.,-0.64018439966448));
#2452=DIRECTION('',(-0.768221279597376,0.,-0.64018439966448));
#2453=DIRECTION('',(-0.707185696839709,0.707027844488185,-0.000131543626270517));
#2454=DIRECTION('',(0.0135477830899368,0.762569508760765,0.646764409875585));
#2455=DIRECTION('',(0.457495710997814,0.457495710997814,0.762492851663023));
#2456=DIRECTION('center_axis',(0.768221279597376,0.,0.64018439966448));
#2457=DIRECTION('ref_axis',(0.307300559734066,0.877258190619271,-0.368760671680879));
#2458=DIRECTION('center_axis',(0.,-0.857492925712544,0.514495755427527));
#2459=DIRECTION('ref_axis',(0.813621194629577,0.29912543920205,0.498542398670084));
#2460=DIRECTION('center_axis',(-0.940271577683109,0.,-0.340425263753025));
#2461=DIRECTION('ref_axis',(0.340425263753025,0.,-0.940271577683109));
#2462=DIRECTION('',(0.768221279597376,0.,0.64018439966448));
#2463=DIRECTION('center_axis',(0.839775715009617,-0.402427820336447,0.364456578894307));
#2464=DIRECTION('ref_axis',(-0.0638676292145113,-0.73983388338238,-0.669751260497407));
#2465=DIRECTION('center_axis',(0.,-0.514495755427527,-0.857492925712544));
#2466=DIRECTION('ref_axis',(-0.382683432365089,0.79222016333904,-0.475332098003426));
#2467=DIRECTION('',(0.,0.514495755427527,0.857492925712544));
#2468=DIRECTION('center_axis',(0.,-0.266933581895817,-0.963714928210759));
#2469=DIRECTION('ref_axis',(2.63272269309687E-16,0.963714928210759,-0.266933581895817));
#2470=DIRECTION('',(0.,-0.514495755427527,-0.857492925712544));
#2471=DIRECTION('center_axis',(-0.693922572902127,-0.693922572902127,0.192205425609647));
#2472=DIRECTION('ref_axis',(-0.720049625245992,0.668743542528199,-0.185231237943122));
#2473=DIRECTION('',(-0.693922572902127,-0.693922572902127,0.192205425609647));
#2474=DIRECTION('',(0.693922572902127,0.693922572902127,-0.192205425609647));
#2475=DIRECTION('center_axis',(-0.707106781186547,0.606339062590833,-0.3638034375545));
#2476=DIRECTION('ref_axis',(-0.457495710997815,0.,0.8892118276421));
#2477=DIRECTION('',(0.,-0.514495755427527,-0.857492925712544));
#2478=DIRECTION('center_axis',(-0.457495710997814,-0.457495710997814,-0.762492851663023));
#2479=DIRECTION('ref_axis',(0.737084921498441,0.284543459933268,-0.612977028859028));
#2480=DIRECTION('center_axis',(-0.0135477830899368,-0.762569508760765,-0.646764409875585));
#2481=DIRECTION('ref_axis',(0.873330929672266,0.30596845124141,-0.379046691217201));
#2482=DIRECTION('center_axis',(0.39659224767514,-0.840252393863089,-0.369716788489959));
#2483=DIRECTION('ref_axis',(0.742978407940216,0.0572559183730656,0.666861938594398));
#2484=DIRECTION('',(-0.0135477830899368,-0.762569508760765,-0.646764409875585));
#2485=DIRECTION('center_axis',(0.00721572727665503,0.93876767859805,0.34447522247543));
#2486=DIRECTION('ref_axis',(0.0196600668983179,-0.344550788157027,0.938561791332848));
#2487=DIRECTION('center_axis',(0.690924334491575,0.694944289420228,-0.199188349582973));
#2488=DIRECTION('ref_axis',(0.667748906858003,-0.719063581752139,-0.192507046072937));
#2489=DIRECTION('',(-0.690924334491575,-0.694944289420228,0.199188349582973));
#2490=DIRECTION('center_axis',(-0.0209424198833568,0.,-0.999780683474845));
#2491=DIRECTION('ref_axis',(0.382599503564468,-0.923879532511287,-0.00801431712299318));
#2492=DIRECTION('',(0.0209424198833568,-1.2266347333467E-18,0.999780683474845));
#2493=DIRECTION('center_axis',(0.,0.,-1.));
#2494=DIRECTION('ref_axis',(1.,1.72396427680578E-13,0.));
#2495=DIRECTION('center_axis',(0.,0.,1.));
#2496=DIRECTION('ref_axis',(1.,0.,0.));
#2497=DIRECTION('',(-0.70718432553862,-0.707029228329698,0.));
#2498=DIRECTION('center_axis',(0.,0.,-1.));
#2499=DIRECTION('ref_axis',(1.,-1.72724177543089E-13,0.));
#2500=DIRECTION('',(0.,1.,0.));
#2501=DIRECTION('center_axis',(0.,0.,-1.));
#2502=DIRECTION('ref_axis',(1.,1.70976178276366E-13,0.));
#2503=DIRECTION('',(0.707184325538619,-0.707029228329698,0.));
#2504=DIRECTION('center_axis',(0.,0.,-1.));
#2505=DIRECTION('ref_axis',(1.,-1.653498056366E-13,0.));
#2506=DIRECTION('',(1.,0.,0.));
#2507=DIRECTION('center_axis',(0.,0.,-1.));
#2508=DIRECTION('ref_axis',(-0.382683432365088,0.923879532511287,0.));
#2509=DIRECTION('',(0.707106781186547,0.707106781186548,0.));
#2510=DIRECTION('center_axis',(0.,0.,-1.));
#2511=DIRECTION('ref_axis',(-0.923879532511286,0.382683432365091,0.));
#2512=DIRECTION('',(0.,1.,0.));
#2513=DIRECTION('center_axis',(-1.,0.,0.));
#2514=DIRECTION('ref_axis',(0.,0.,1.));
#2515=DIRECTION('',(0.,0.,1.));
#2516=DIRECTION('',(0.,0.514495755427527,0.857492925712544));
#2517=DIRECTION('center_axis',(0.,0.514495755427527,0.857492925712544));
#2518=DIRECTION('ref_axis',(-0.923879532511287,0.328148336040459,-0.196889001624276));
#2519=DIRECTION('center_axis',(0.,-0.266933581895801,-0.963714928210764));
#2520=DIRECTION('ref_axis',(-1.63228806972005E-15,0.963714928210764,-0.266933581895801));
#2521=DIRECTION('center_axis',(0.,0.,1.));
#2522=DIRECTION('ref_axis',(-0.923879532511286,0.382683432365091,0.));
#2523=DIRECTION('',(0.,0.,-1.));
#2524=DIRECTION('center_axis',(-0.707106781186548,0.707106781186547,0.));
#2525=DIRECTION('ref_axis',(0.,0.,1.));
#2526=DIRECTION('',(0.,0.,1.));
#2527=DIRECTION('center_axis',(0.,0.,-1.));
#2528=DIRECTION('ref_axis',(-0.382683432365088,0.923879532511287,0.));
#2529=DIRECTION('',(0.,0.,-1.));
#2530=DIRECTION('center_axis',(-1.,0.,0.));
#2531=DIRECTION('ref_axis',(0.,0.963714928210761,-0.266933581895812));
#2532=DIRECTION('',(1.,0.,0.));
#2533=DIRECTION('',(-1.,0.,0.));
#2534=DIRECTION('center_axis',(0.,1.,0.));
#2535=DIRECTION('ref_axis',(0.,0.,1.));
#2536=DIRECTION('',(0.0209424198833568,0.,0.999780683474845));
#2537=DIRECTION('center_axis',(0.0209424198833568,0.,0.999780683474845));
#2538=DIRECTION('ref_axis',(0.382599503564462,0.92387953251129,-0.0080143171229932));
#2539=DIRECTION('',(-0.0209424198833568,0.,-0.999780683474845));
#2540=DIRECTION('center_axis',(-0.707185696839709,0.707027844488185,-0.000131543626270533));
#2541=DIRECTION('ref_axis',(0.66193089654905,0.662013274443983,-0.351547881025794));
#2542=DIRECTION('',(0.707185696839709,-0.707027844488185,0.000131543626270532));
#2543=DIRECTION('center_axis',(-0.0209424198833568,-4.9065389333868E-18,
-0.999780683474845));
#2544=DIRECTION('ref_axis',(0.923676910462556,0.382683432365088,-0.0193482730914909));
#2545=DIRECTION('',(0.0209424198833568,4.9065389333868E-18,0.999780683474845));
#2546=DIRECTION('',(-0.0209424198833568,-4.9065389333868E-18,-0.999780683474845));
#2547=DIRECTION('center_axis',(0.999780683474845,0.,-0.0209424198833568));
#2548=DIRECTION('ref_axis',(-0.0209424198833568,0.,-0.999780683474845));
#2549=DIRECTION('',(0.0209424198833568,-2.4532694666934E-18,0.999780683474845));
#2550=DIRECTION('',(0.,-1.,0.));
#2551=DIRECTION('center_axis',(0.706951700984384,-0.707106781186548,-0.0148085271139776));
#2552=DIRECTION('ref_axis',(-0.0209424198833568,0.,-0.999780683474845));
#2553=DIRECTION('',(-0.0209424198833568,2.4532694666934E-18,-0.999780683474845));
#2554=DIRECTION('center_axis',(0.0209424198833568,-2.4532694666934E-18,
0.999780683474845));
#2555=DIRECTION('ref_axis',(0.923676910462555,-0.382683432365089,-0.0193482730914909));
#2556=DIRECTION('center_axis',(0.,1.,0.));
#2557=DIRECTION('ref_axis',(0.960866816266792,0.,-0.277010760435977));
#2558=DIRECTION('center_axis',(0.706951700984384,0.707106781186548,-0.0148085271139776));
#2559=DIRECTION('ref_axis',(-0.0209424198833568,0.,-0.999780683474845));
#2560=DIRECTION('center_axis',(0.,-0.857492925712544,0.514495755427527));
#2561=DIRECTION('ref_axis',(0.,-0.514495755427527,-0.857492925712544));
#2562=CARTESIAN_POINT('',(0.,0.,0.));
#2563=CARTESIAN_POINT('Ctrl Pts',(5.25400709436882,2.73383963615,0.226390846872844));
#2564=CARTESIAN_POINT('Ctrl Pts',(5.249741128059,2.73170665299509,0.21928090302314));
#2565=CARTESIAN_POINT('Ctrl Pts',(5.24489368684642,2.73007380679618,0.212519958347804));
#2566=CARTESIAN_POINT('Ctrl Pts',(5.23952908308367,2.72896276097853,0.206197712182776));
#2567=CARTESIAN_POINT('Ctrl Pts',(5.25011231584763,2.7485532438967,0.219899549337534));
#2568=CARTESIAN_POINT('Ctrl Pts',(5.24611677021199,2.74633685192573,0.214052718731387));
#2569=CARTESIAN_POINT('Ctrl Pts',(5.24174421265233,2.74464505868795,0.208476802039748));
#2570=CARTESIAN_POINT('Ctrl Pts',(5.23700983352847,2.74349199859278,0.203228748109467));
#2571=CARTESIAN_POINT('Ctrl Pts',(5.24145077250073,2.76322357025982,0.21629427952781));
#2572=CARTESIAN_POINT('Ctrl Pts',(5.23826170270163,2.76093155320697,0.211735743721145));
#2573=CARTESIAN_POINT('Ctrl Pts',(5.23477525919654,2.75918376015407,0.207360956745445));
#2574=CARTESIAN_POINT('Ctrl Pts',(5.23100375837598,2.75799194668255,0.203228748109467));
#2575=CARTESIAN_POINT('Ctrl Pts',(5.22975042002003,2.77492392274051,0.21629427952781));
#2576=CARTESIAN_POINT('Ctrl Pts',(5.22761743686512,2.7727909395856,0.212739307602958));
#2577=CARTESIAN_POINT('Ctrl Pts',(5.22519371625883,2.77115809338669,0.20935883526529));
#2578=CARTESIAN_POINT('Ctrl Pts',(5.22251141437746,2.77004704756904,0.206197712182776));
#2579=CARTESIAN_POINT('',(5.23952908308367,2.72896276097853,0.206197712182776));
#2580=CARTESIAN_POINT('',(5.22251141437746,2.77004704756904,0.206197712182776));
#2581=CARTESIAN_POINT('Origin',(5.18142712778695,2.72896276097853,0.255498856091388));
#2582=CARTESIAN_POINT('',(5.25400709436882,2.73383963615,0.226390846872845));
#2583=CARTESIAN_POINT('Origin',(5.12332517249023,2.84622608896559,0.3048));
#2584=CARTESIAN_POINT('',(5.22975042002003,2.77492392274051,0.21629427952781));
#2585=CARTESIAN_POINT('Origin',(5.18866613342952,2.73383963615,0.265595423436422));
#2586=CARTESIAN_POINT('Origin',(5.16440945908074,2.8873103755561,0.255498856091388));
#2587=CARTESIAN_POINT('Ctrl Pts',(5.23952908308367,2.72896276097853,0.206197712182776));
#2588=CARTESIAN_POINT('Ctrl Pts',(5.2110278493767,2.72305996220564,0.172608686138808));
#2589=CARTESIAN_POINT('Ctrl Pts',(5.16737676716513,2.71401952707349,0.1524));
#2590=CARTESIAN_POINT('Ctrl Pts',(5.12332517249023,2.70489614309424,0.1524));
#2591=CARTESIAN_POINT('Ctrl Pts',(5.23700983352847,2.74349199859278,0.203228748109467));
#2592=CARTESIAN_POINT('Ctrl Pts',(5.20746161787345,2.73357757202442,0.170187510448378));
#2593=CARTESIAN_POINT('Ctrl Pts',(5.16522636493876,2.71921105729294,0.1524));
#2594=CARTESIAN_POINT('Ctrl Pts',(5.12332517249023,2.70489614309424,0.1524));
#2595=CARTESIAN_POINT('Ctrl Pts',(5.23100375837598,2.75799194668255,0.203228748109467));
#2596=CARTESIAN_POINT('Ctrl Pts',(5.20309945645629,2.74410876127899,0.170187510448378));
#2597=CARTESIAN_POINT('Ctrl Pts',(5.1630759627124,2.72440258751239,0.1524));
#2598=CARTESIAN_POINT('Ctrl Pts',(5.12332517249023,2.70489614309424,0.1524));
#2599=CARTESIAN_POINT('Ctrl Pts',(5.22251141437746,2.77004704756904,0.206197712182776));
#2600=CARTESIAN_POINT('Ctrl Pts',(5.19818408971079,2.75406754098296,0.172608686138808));
#2601=CARTESIAN_POINT('Ctrl Pts',(5.16092556048603,2.72959411773184,0.1524));
#2602=CARTESIAN_POINT('Ctrl Pts',(5.12332517249023,2.70489614309424,0.1524));
#2603=CARTESIAN_POINT('',(5.12332517249023,2.70489614309423,0.1524));
#2604=CARTESIAN_POINT('Origin',(5.12332517249023,2.70489614309423,0.3048));
#2605=CARTESIAN_POINT('Origin',(5.12332517249023,2.70489614309423,0.3048));
#2606=CARTESIAN_POINT('Ctrl Pts',(5.2417588227721,0.670727683632074,0.249356356116694));
#2607=CARTESIAN_POINT('Ctrl Pts',(5.23836195887999,0.671906668748043,0.241403381131184));
#2608=CARTESIAN_POINT('Ctrl Pts',(5.23482559769774,0.673848449190857,0.233712153781285));
#2609=CARTESIAN_POINT('Ctrl Pts',(5.23119947616516,0.676525714905921,0.226390846872844));
#2610=CARTESIAN_POINT('Ctrl Pts',(5.25385474946044,0.684833836960727,0.242098800103692));
#2611=CARTESIAN_POINT('Ctrl Pts',(5.25037724486413,0.685933632885143,0.235390854949422));
#2612=CARTESIAN_POINT('Ctrl Pts',(5.24693010016858,0.687649242782768,0.228908243622352));
#2613=CARTESIAN_POINT('Ctrl Pts',(5.24351359243234,0.689988952998443,0.22271671784612));
#2614=CARTESIAN_POINT('Ctrl Pts',(5.26089674714198,0.704660107008194,0.237873601494769));
#2615=CARTESIAN_POINT('Ctrl Pts',(5.2577537204205,0.7052197163734,0.232652192481786));
#2616=CARTESIAN_POINT('Ctrl Pts',(5.25472392752568,0.706335915470686,0.227577340107504));
#2617=CARTESIAN_POINT('Ctrl Pts',(5.25180261695279,0.708015911537466,0.22271671784612));
#2618=CARTESIAN_POINT('Ctrl Pts',(5.26089674714198,0.724609220358489,0.237873601494769));
#2619=CARTESIAN_POINT('Ctrl Pts',(5.25851085464632,0.724609220358489,0.233897114002014));
#2620=CARTESIAN_POINT('Ctrl Pts',(5.25620348644135,0.725117761015389,0.230051500327065));
#2621=CARTESIAN_POINT('Ctrl Pts',(5.25400709436882,0.726127689989615,0.226390846872845));
#2622=CARTESIAN_POINT('',(5.23119947616516,0.676525714905921,0.226390846872845));
#2623=CARTESIAN_POINT('',(5.25400709436882,0.726127689989615,0.226390846872845));
#2624=CARTESIAN_POINT('Origin',(5.18866613342952,0.726127689989615,0.265595423436422));
#2625=CARTESIAN_POINT('',(5.2417588227721,0.670727683632074,0.249356356116694));
#2626=CARTESIAN_POINT('Origin',(5.21218887936767,0.832372293811319,0.3048));
#2627=CARTESIAN_POINT('',(5.26089674714198,0.724609220358489,0.237873601494769));
#2628=CARTESIAN_POINT('Origin',(5.19555578620268,0.724609220358489,0.277078178058347));
#2629=CARTESIAN_POINT('Origin',(5.27752984030697,0.832372293811319,0.265595423436422));
#2630=CARTESIAN_POINT('Ctrl Pts',(5.23119947616516,0.676525714905921,0.226390846872845));
#2631=CARTESIAN_POINT('Ctrl Pts',(5.20896923962834,0.692938912749133,0.181506972223058));
#2632=CARTESIAN_POINT('Ctrl Pts',(5.16653298577597,0.724270771456535,0.1524));
#2633=CARTESIAN_POINT('Ctrl Pts',(5.12332517249023,0.756172293811319,0.1524));
#2634=CARTESIAN_POINT('Ctrl Pts',(5.24351359243234,0.689988952998442,0.22271671784612));
#2635=CARTESIAN_POINT('Ctrl Pts',(5.21655708877408,0.705032406684433,0.177402551877573));
#2636=CARTESIAN_POINT('Ctrl Pts',(5.16957809560987,0.730893271919292,0.1524));
#2637=CARTESIAN_POINT('Ctrl Pts',(5.12332517249023,0.756172293811319,0.1524));
#2638=CARTESIAN_POINT('Ctrl Pts',(5.25180261695279,0.708015911537466,0.22271671784612));
#2639=CARTESIAN_POINT('Ctrl Pts',(5.2228355617282,0.718686820584766,0.177402551877573));
#2640=CARTESIAN_POINT('Ctrl Pts',(5.17262320544377,0.737515772382048,0.1524));
#2641=CARTESIAN_POINT('Ctrl Pts',(5.12332517249023,0.756172293811319,0.1524));
#2642=CARTESIAN_POINT('Ctrl Pts',(5.25400709436882,0.726127689989615,0.226390846872845));
#2643=CARTESIAN_POINT('Ctrl Pts',(5.22707676957895,0.732319142697612,0.181506972223058));
#2644=CARTESIAN_POINT('Ctrl Pts',(5.17566831527766,0.744138272844804,0.1524));
#2645=CARTESIAN_POINT('Ctrl Pts',(5.12332517249023,0.756172293811319,0.1524));
#2646=CARTESIAN_POINT('',(5.12332517249023,0.756172293811319,0.1524));
#2647=CARTESIAN_POINT('Origin',(5.12332517249023,0.756172293811319,0.3048));
#2648=CARTESIAN_POINT('Origin',(5.12332517249023,0.756172293811319,0.3048));
#2649=CARTESIAN_POINT('Ctrl Pts',(4.63374769870566,0.1524,0.3048));
#2650=CARTESIAN_POINT('Ctrl Pts',(4.62807311682497,0.1524,0.285884727064357));
#2651=CARTESIAN_POINT('Ctrl Pts',(4.62447712511749,0.1559616555302,0.26697547401858));
#2652=CARTESIAN_POINT('Ctrl Pts',(4.62320392507516,0.162843096846469,0.249356356116692));
#2653=CARTESIAN_POINT('Ctrl Pts',(4.65085392227777,0.1524,0.294536265856731));
#2654=CARTESIAN_POINT('Ctrl Pts',(4.64487280278527,0.153701147347318,0.278274316226137));
#2655=CARTESIAN_POINT('Ctrl Pts',(4.64111282253706,0.157489610518119,0.262290643122978));
#2656=CARTESIAN_POINT('Ctrl Pts',(4.63977639586953,0.163654745529817,0.247278225505739));
#2657=CARTESIAN_POINT('Ctrl Pts',(4.66785480858674,0.160612309944932,0.284335734071349));
#2658=CARTESIAN_POINT('Ctrl Pts',(4.66160804506718,0.161785137447886,0.27171492857777));
#2659=CARTESIAN_POINT('Ctrl Pts',(4.6576916739723,0.164855096065054,0.259139663687201));
#2660=CARTESIAN_POINT('Ctrl Pts',(4.65629804186848,0.169768395103634,0.247278225505739));
#2661=CARTESIAN_POINT('Ctrl Pts',(4.67995073527508,0.174718463273585,0.277078178058347));
#2662=CARTESIAN_POINT('Ctrl Pts',(4.67427615339439,0.174718463273585,0.267620541590525));
#2663=CARTESIAN_POINT('Ctrl Pts',(4.67068016168691,0.176499291038685,0.258165915067637));
#2664=CARTESIAN_POINT('Ctrl Pts',(4.66940696164458,0.17994001169682,0.249356356116693));
#2665=CARTESIAN_POINT('',(4.62320392507516,0.162843096846469,0.249356356116692));
#2666=CARTESIAN_POINT('',(4.66940696164458,0.17994001169682,0.249356356116692));
#2667=CARTESIAN_POINT('Origin',(4.62320392507516,0.233821548423235,0.277078178058346));
#2668=CARTESIAN_POINT('',(4.63374769870566,0.1524,0.3048));
#2669=CARTESIAN_POINT('Origin',(4.7226114055831,0.3048,0.3048));
#2670=CARTESIAN_POINT('',(4.67995073527508,0.174718463273585,0.277078178058347));
#2671=CARTESIAN_POINT('Origin',(4.63374769870566,0.2286,0.3048));
#2672=CARTESIAN_POINT('Origin',(4.76881444215252,0.250918463273585,0.277078178058347));
#2673=CARTESIAN_POINT('Ctrl Pts',(4.62320392507516,0.162843096846469,0.249356356116691));
#2674=CARTESIAN_POINT('Ctrl Pts',(4.6191059709082,0.184991879582209,0.192647013339665));
#2675=CARTESIAN_POINT('Ctrl Pts',(4.60820334470049,0.243918819534463,0.1524));
#2676=CARTESIAN_POINT('Ctrl Pts',(4.59693914611427,0.3048,0.1524));
#2677=CARTESIAN_POINT('Ctrl Pts',(4.63977639586953,0.163654745529817,0.247278225505738));
#2678=CARTESIAN_POINT('Ctrl Pts',(4.63268392751393,0.187348339008906,0.18913601840605));
#2679=CARTESIAN_POINT('Ctrl Pts',(4.61480839018718,0.246362942446148,0.1524));
#2680=CARTESIAN_POINT('Ctrl Pts',(4.59693914611427,0.3048,0.1524));
#2681=CARTESIAN_POINT('Ctrl Pts',(4.65629804186848,0.169768395103635,0.247278225505738));
#2682=CARTESIAN_POINT('Ctrl Pts',(4.64625889821343,0.192371604477544,0.18913601840605));
#2683=CARTESIAN_POINT('Ctrl Pts',(4.62141343567388,0.248807065357833,0.1524));
#2684=CARTESIAN_POINT('Ctrl Pts',(4.59693914611427,0.3048,0.1524));
#2685=CARTESIAN_POINT('Ctrl Pts',(4.66940696164458,0.179940011696821,0.249356356116691));
#2686=CARTESIAN_POINT('Ctrl Pts',(4.65810019271783,0.19942125348133,0.192647013339665));
#2687=CARTESIAN_POINT('Ctrl Pts',(4.62801848116058,0.251251188269518,0.1524));
#2688=CARTESIAN_POINT('Ctrl Pts',(4.59693914611427,0.3048,0.1524));
#2689=CARTESIAN_POINT('',(4.59693914611427,0.3048,0.1524));
#2690=CARTESIAN_POINT('Origin',(4.59693914611427,0.3048,0.3048));
#2691=CARTESIAN_POINT('Origin',(4.59693914611427,0.3048,0.3048));
#2692=CARTESIAN_POINT('Ctrl Pts',(0.670727683632075,0.174718463273586,0.304799999999999));
#2693=CARTESIAN_POINT('Ctrl Pts',(0.670727683632075,0.174718463273586,0.259202026627896));
#2694=CARTESIAN_POINT('Ctrl Pts',(0.692148481926963,0.207329652607355,0.180179897384268));
#2695=CARTESIAN_POINT('Ctrl Pts',(0.736998568123608,0.275609771418044,0.1524));
#2696=CARTESIAN_POINT('Ctrl Pts',(0.75617229381132,0.304799999999999,0.1524));
#2697=CARTESIAN_POINT('Ctrl Pts',(0.684833836960728,0.160612309944932,0.304799999999999));
#2698=CARTESIAN_POINT('Ctrl Pts',(0.684833836960728,0.160612309944933,0.256702003395142));
#2699=CARTESIAN_POINT('Ctrl Pts',(0.705251686899142,0.2011728325835,0.176112189074114));
#2700=CARTESIAN_POINT('Ctrl Pts',(0.741028897646081,0.273940354269003,0.1524));
#2701=CARTESIAN_POINT('Ctrl Pts',(0.75617229381132,0.304799999999999,0.1524));
#2702=CARTESIAN_POINT('Ctrl Pts',(0.704660107008195,0.1524,0.304799999999999));
#2703=CARTESIAN_POINT('Ctrl Pts',(0.704660107008195,0.1524,0.256702003395141));
#2704=CARTESIAN_POINT('Ctrl Pts',(0.718903127465695,0.195518220754903,0.176112189074114));
#2705=CARTESIAN_POINT('Ctrl Pts',(0.745059227168553,0.272270937119962,0.1524));
#2706=CARTESIAN_POINT('Ctrl Pts',(0.75617229381132,0.304799999999999,0.1524));
#2707=CARTESIAN_POINT('Ctrl Pts',(0.724609220358491,0.1524,0.304799999999999));
#2708=CARTESIAN_POINT('Ctrl Pts',(0.724609220358491,0.1524,0.259202026627896));
#2709=CARTESIAN_POINT('Ctrl Pts',(0.732522021746214,0.190606384853211,0.180179897384268));
#2710=CARTESIAN_POINT('Ctrl Pts',(0.749089556691026,0.270601519970922,0.1524));
#2711=CARTESIAN_POINT('Ctrl Pts',(0.75617229381132,0.304799999999999,0.1524));
#2712=CARTESIAN_POINT('',(0.724609220358491,0.1524,0.3048));
#2713=CARTESIAN_POINT('',(0.75617229381132,0.3048,0.1524));
#2714=CARTESIAN_POINT('Origin',(0.75617229381132,0.3048,0.3048));
#2715=CARTESIAN_POINT('',(0.670727683632075,0.174718463273585,0.3048));
#2716=CARTESIAN_POINT('Origin',(0.75617229381132,0.3048,0.3048));
#2717=CARTESIAN_POINT('Origin',(0.724609220358491,0.2286,0.3048));
#2718=CARTESIAN_POINT('Ctrl Pts',(0.1524,0.72460922035849,0.3048));
#2719=CARTESIAN_POINT('Ctrl Pts',(0.1524,0.72460922035849,0.270601519970923));
#2720=CARTESIAN_POINT('Ctrl Pts',(0.180179897384268,0.730362625487439,0.190606384853211));
#2721=CARTESIAN_POINT('Ctrl Pts',(0.259202026627896,0.746728644317594,0.1524));
#2722=CARTESIAN_POINT('Ctrl Pts',(0.3048,0.75617229381132,0.1524));
#2723=CARTESIAN_POINT('Ctrl Pts',(0.1524,0.704660107008195,0.3048));
#2724=CARTESIAN_POINT('Ctrl Pts',(0.1524,0.704660107008195,0.268726502546357));
#2725=CARTESIAN_POINT('Ctrl Pts',(0.184438147144581,0.715206083422402,0.185752853883962));
#2726=CARTESIAN_POINT('Ctrl Pts',(0.261427916159951,0.741354871620964,0.1524));
#2727=CARTESIAN_POINT('Ctrl Pts',(0.3048,0.75617229381132,0.1524));
#2728=CARTESIAN_POINT('Ctrl Pts',(0.160612309944932,0.684833836960729,0.3048));
#2729=CARTESIAN_POINT('Ctrl Pts',(0.160612309944932,0.684833836960729,0.268726502546357));
#2730=CARTESIAN_POINT('Ctrl Pts',(0.190723832484236,0.700031096626595,0.185752853883962));
#2731=CARTESIAN_POINT('Ctrl Pts',(0.263653805692005,0.735981098924335,0.1524));
#2732=CARTESIAN_POINT('Ctrl Pts',(0.3048,0.75617229381132,0.1524));
#2733=CARTESIAN_POINT('Ctrl Pts',(0.174718463273585,0.670727683632076,0.3048));
#2734=CARTESIAN_POINT('Ctrl Pts',(0.174718463273585,0.670727683632076,0.270601519970923));
#2735=CARTESIAN_POINT('Ctrl Pts',(0.19843008887626,0.686302765671565,0.190606384853211));
#2736=CARTESIAN_POINT('Ctrl Pts',(0.265879695224059,0.730607326227705,0.1524));
#2737=CARTESIAN_POINT('Ctrl Pts',(0.3048,0.75617229381132,0.1524));
#2738=CARTESIAN_POINT('',(0.174718463273585,0.670727683632075,0.3048));
#2739=CARTESIAN_POINT('',(0.3048,0.75617229381132,0.1524));
#2740=CARTESIAN_POINT('Origin',(0.3048,0.75617229381132,0.3048));
#2741=CARTESIAN_POINT('',(0.1524,0.72460922035849,0.3048));
#2742=CARTESIAN_POINT('Origin',(0.3048,0.75617229381132,0.3048));
#2743=CARTESIAN_POINT('Origin',(0.2286,0.72460922035849,0.3048));
#2744=CARTESIAN_POINT('Ctrl Pts',(0.174718463273585,3.29565073527508,0.277078178058347));
#2745=CARTESIAN_POINT('Ctrl Pts',(0.174718463273585,3.28997615339439,0.267620541590525));
#2746=CARTESIAN_POINT('Ctrl Pts',(0.176499291038685,3.28638016168691,0.258165915067637));
#2747=CARTESIAN_POINT('Ctrl Pts',(0.17994001169682,3.28510696164458,0.249356356116693));
#2748=CARTESIAN_POINT('Ctrl Pts',(0.160612309944932,3.28355480858674,0.284335734071349));
#2749=CARTESIAN_POINT('Ctrl Pts',(0.161785137447886,3.27730804506718,0.27171492857777));
#2750=CARTESIAN_POINT('Ctrl Pts',(0.164855096065054,3.2733916739723,0.259139663687201));
#2751=CARTESIAN_POINT('Ctrl Pts',(0.169768395103635,3.27199804186848,0.247278225505739));
#2752=CARTESIAN_POINT('Ctrl Pts',(0.1524,3.26655392227777,0.294536265856731));
#2753=CARTESIAN_POINT('Ctrl Pts',(0.153701147347318,3.26057280278527,0.278274316226137));
#2754=CARTESIAN_POINT('Ctrl Pts',(0.157489610518119,3.25681282253706,0.262290643122978));
#2755=CARTESIAN_POINT('Ctrl Pts',(0.163654745529817,3.25547639586953,0.247278225505738));
#2756=CARTESIAN_POINT('Ctrl Pts',(0.1524,3.24944769870566,0.3048));
#2757=CARTESIAN_POINT('Ctrl Pts',(0.1524,3.24377311682497,0.285884727064356));
#2758=CARTESIAN_POINT('Ctrl Pts',(0.1559616555302,3.24017712511749,0.26697547401858));
#2759=CARTESIAN_POINT('Ctrl Pts',(0.16284309684647,3.23890392507516,0.249356356116691));
#2760=CARTESIAN_POINT('',(0.179940011696821,3.28510696164458,0.249356356116692));
#2761=CARTESIAN_POINT('',(0.16284309684647,3.23890392507516,0.249356356116692));
#2762=CARTESIAN_POINT('Origin',(0.233821548423235,3.23890392507516,0.277078178058346));
#2763=CARTESIAN_POINT('',(0.174718463273585,3.29565073527508,0.277078178058347));
#2764=CARTESIAN_POINT('Origin',(0.250918463273585,3.38451444215252,0.277078178058347));
#2765=CARTESIAN_POINT('',(0.1524,3.24944769870566,0.3048));
#2766=CARTESIAN_POINT('Origin',(0.2286,3.24944769870566,0.3048));
#2767=CARTESIAN_POINT('Origin',(0.3048,3.3383114055831,0.3048));
#2768=CARTESIAN_POINT('Ctrl Pts',(0.17994001169682,3.28510696164458,0.249356356116691));
#2769=CARTESIAN_POINT('Ctrl Pts',(0.19942125348133,3.27380019271783,0.192647013339664));
#2770=CARTESIAN_POINT('Ctrl Pts',(0.251251188269517,3.24371848116058,0.1524));
#2771=CARTESIAN_POINT('Ctrl Pts',(0.3048,3.21263914611427,0.1524));
#2772=CARTESIAN_POINT('Ctrl Pts',(0.169768395103635,3.27199804186848,0.247278225505738));
#2773=CARTESIAN_POINT('Ctrl Pts',(0.192371604477544,3.26195889821343,0.18913601840605));
#2774=CARTESIAN_POINT('Ctrl Pts',(0.248807065357832,3.23711343567388,0.1524));
#2775=CARTESIAN_POINT('Ctrl Pts',(0.3048,3.21263914611427,0.1524));
#2776=CARTESIAN_POINT('Ctrl Pts',(0.163654745529818,3.25547639586952,0.247278225505738));
#2777=CARTESIAN_POINT('Ctrl Pts',(0.187348339008906,3.24838392751392,0.18913601840605));
#2778=CARTESIAN_POINT('Ctrl Pts',(0.246362942446148,3.23050839018718,0.1524));
#2779=CARTESIAN_POINT('Ctrl Pts',(0.3048,3.21263914611427,0.1524));
#2780=CARTESIAN_POINT('Ctrl Pts',(0.16284309684647,3.23890392507516,0.249356356116691));
#2781=CARTESIAN_POINT('Ctrl Pts',(0.184991879582209,3.2348059709082,0.192647013339665));
#2782=CARTESIAN_POINT('Ctrl Pts',(0.243918819534463,3.22390334470049,0.1524));
#2783=CARTESIAN_POINT('Ctrl Pts',(0.3048,3.21263914611427,0.1524));
#2784=CARTESIAN_POINT('',(0.3048,3.21263914611427,0.1524));
#2785=CARTESIAN_POINT('Origin',(0.3048,3.21263914611427,0.3048));
#2786=CARTESIAN_POINT('Origin',(0.3048,3.21263914611427,0.3048));
#2787=CARTESIAN_POINT('Ctrl Pts',(0.724609220358491,3.87659674714198,0.237873601494769));
#2788=CARTESIAN_POINT('Ctrl Pts',(0.724609220358491,3.87421085464632,0.233897114002014));
#2789=CARTESIAN_POINT('Ctrl Pts',(0.725117761015391,3.87190348644135,0.230051500327065));
#2790=CARTESIAN_POINT('Ctrl Pts',(0.726127689989617,3.86970709436882,0.226390846872845));
#2791=CARTESIAN_POINT('Ctrl Pts',(0.704660107008195,3.87659674714198,0.237873601494769));
#2792=CARTESIAN_POINT('Ctrl Pts',(0.705219716373401,3.8734537204205,0.232652192481786));
#2793=CARTESIAN_POINT('Ctrl Pts',(0.706335915470687,3.87042392752568,0.227577340107504));
#2794=CARTESIAN_POINT('Ctrl Pts',(0.708015911537468,3.86750261695279,0.22271671784612));
#2795=CARTESIAN_POINT('Ctrl Pts',(0.684833836960728,3.86955474946044,0.242098800103692));
#2796=CARTESIAN_POINT('Ctrl Pts',(0.685933632885145,3.86607724486413,0.235390854949422));
#2797=CARTESIAN_POINT('Ctrl Pts',(0.687649242782769,3.86263010016859,0.228908243622352));
#2798=CARTESIAN_POINT('Ctrl Pts',(0.689988952998444,3.85921359243234,0.22271671784612));
#2799=CARTESIAN_POINT('Ctrl Pts',(0.670727683632076,3.8574588227721,0.249356356116694));
#2800=CARTESIAN_POINT('Ctrl Pts',(0.671906668748044,3.85406195887999,0.241403381131184));
#2801=CARTESIAN_POINT('Ctrl Pts',(0.673848449190858,3.85052559769774,0.233712153781285));
#2802=CARTESIAN_POINT('Ctrl Pts',(0.676525714905923,3.84689947616516,0.226390846872844));
#2803=CARTESIAN_POINT('',(0.726127689989616,3.86970709436882,0.226390846872845));
#2804=CARTESIAN_POINT('',(0.676525714905923,3.84689947616516,0.226390846872845));
#2805=CARTESIAN_POINT('Origin',(0.726127689989616,3.80436613342953,0.265595423436422));
#2806=CARTESIAN_POINT('',(0.72460922035849,3.87659674714198,0.237873601494769));
#2807=CARTESIAN_POINT('Origin',(0.832372293811321,3.89322984030697,0.265595423436422));
#2808=CARTESIAN_POINT('',(0.670727683632076,3.8574588227721,0.249356356116694));
#2809=CARTESIAN_POINT('Origin',(0.724609220358491,3.81125578620268,0.277078178058347));
#2810=CARTESIAN_POINT('Origin',(0.832372293811321,3.82788887936767,0.3048));
#2811=CARTESIAN_POINT('Ctrl Pts',(0.726127689989616,3.86970709436882,0.226390846872844));
#2812=CARTESIAN_POINT('Ctrl Pts',(0.732319142697614,3.84277676957895,0.181506972223058));
#2813=CARTESIAN_POINT('Ctrl Pts',(0.744138272844806,3.79136831527766,0.1524));
#2814=CARTESIAN_POINT('Ctrl Pts',(0.75617229381132,3.73902517249023,0.1524));
#2815=CARTESIAN_POINT('Ctrl Pts',(0.708015911537468,3.86750261695279,0.22271671784612));
#2816=CARTESIAN_POINT('Ctrl Pts',(0.718686820584768,3.8385355617282,0.177402551877573));
#2817=CARTESIAN_POINT('Ctrl Pts',(0.73751577238205,3.78832320544377,0.1524));
#2818=CARTESIAN_POINT('Ctrl Pts',(0.75617229381132,3.73902517249023,0.1524));
#2819=CARTESIAN_POINT('Ctrl Pts',(0.689988952998444,3.85921359243234,0.22271671784612));
#2820=CARTESIAN_POINT('Ctrl Pts',(0.705032406684435,3.83225708877409,0.177402551877573));
#2821=CARTESIAN_POINT('Ctrl Pts',(0.730893271919293,3.78527809560987,0.1524));
#2822=CARTESIAN_POINT('Ctrl Pts',(0.75617229381132,3.73902517249023,0.1524));
#2823=CARTESIAN_POINT('Ctrl Pts',(0.676525714905923,3.84689947616516,0.226390846872844));
#2824=CARTESIAN_POINT('Ctrl Pts',(0.692938912749135,3.82466923962834,0.181506972223058));
#2825=CARTESIAN_POINT('Ctrl Pts',(0.724270771456537,3.78223298577597,0.1524));
#2826=CARTESIAN_POINT('Ctrl Pts',(0.75617229381132,3.73902517249023,0.1524));
#2827=CARTESIAN_POINT('',(0.75617229381132,3.73902517249023,0.1524));
#2828=CARTESIAN_POINT('Origin',(0.75617229381132,3.73902517249023,0.3048));
#2829=CARTESIAN_POINT('Origin',(0.75617229381132,3.73902517249023,0.3048));
#2830=CARTESIAN_POINT('Ctrl Pts',(4.15922392274051,3.84545042002004,0.21629427952781));
#2831=CARTESIAN_POINT('Ctrl Pts',(4.1570909395856,3.84331743686512,0.212739307602958));
#2832=CARTESIAN_POINT('Ctrl Pts',(4.15545809338669,3.84089371625884,0.20935883526529));
#2833=CARTESIAN_POINT('Ctrl Pts',(4.15434704756904,3.83821141437746,0.206197712182776));
#2834=CARTESIAN_POINT('Ctrl Pts',(4.14752357025982,3.85715077250073,0.21629427952781));
#2835=CARTESIAN_POINT('Ctrl Pts',(4.14523155320697,3.85396170270164,0.211735743721146));
#2836=CARTESIAN_POINT('Ctrl Pts',(4.14348376015406,3.85047525919654,0.207360956745445));
#2837=CARTESIAN_POINT('Ctrl Pts',(4.14229194668255,3.84670375837598,0.203228748109467));
#2838=CARTESIAN_POINT('Ctrl Pts',(4.1328532438967,3.86581231584764,0.219899549337534));
#2839=CARTESIAN_POINT('Ctrl Pts',(4.13063685192573,3.86181677021199,0.214052718731387));
#2840=CARTESIAN_POINT('Ctrl Pts',(4.12894505868795,3.85744421265233,0.208476802039748));
#2841=CARTESIAN_POINT('Ctrl Pts',(4.12779199859278,3.85270983352847,0.203228748109467));
#2842=CARTESIAN_POINT('Ctrl Pts',(4.11813963615,3.86970709436882,0.226390846872844));
#2843=CARTESIAN_POINT('Ctrl Pts',(4.11600665299509,3.865441128059,0.219280903023141));
#2844=CARTESIAN_POINT('Ctrl Pts',(4.11437380679618,3.86059368684642,0.212519958347804));
#2845=CARTESIAN_POINT('Ctrl Pts',(4.11326276097853,3.85522908308367,0.206197712182776));
#2846=CARTESIAN_POINT('',(4.15434704756904,3.83821141437746,0.206197712182776));
#2847=CARTESIAN_POINT('',(4.11326276097853,3.85522908308367,0.206197712182776));
#2848=CARTESIAN_POINT('Origin',(4.11326276097853,3.79712712778695,0.255498856091388));
#2849=CARTESIAN_POINT('',(4.15922392274051,3.84545042002004,0.21629427952781));
#2850=CARTESIAN_POINT('Origin',(4.2716103755561,3.78010945908074,0.255498856091388));
#2851=CARTESIAN_POINT('',(4.11813963615,3.86970709436882,0.226390846872844));
#2852=CARTESIAN_POINT('Origin',(4.11813963615,3.80436613342953,0.265595423436422));
#2853=CARTESIAN_POINT('Origin',(4.23052608896559,3.73902517249023,0.3048));
#2854=CARTESIAN_POINT('Ctrl Pts',(4.15434704756904,3.83821141437746,0.206197712182776));
#2855=CARTESIAN_POINT('Ctrl Pts',(4.13836754098296,3.81388408971079,0.172608686138807));
#2856=CARTESIAN_POINT('Ctrl Pts',(4.11389411773184,3.77662556048603,0.1524));
#2857=CARTESIAN_POINT('Ctrl Pts',(4.08919614309423,3.73902517249023,0.1524));
#2858=CARTESIAN_POINT('Ctrl Pts',(4.14229194668255,3.84670375837598,0.203228748109467));
#2859=CARTESIAN_POINT('Ctrl Pts',(4.12840876127899,3.8187994564563,0.170187510448378));
#2860=CARTESIAN_POINT('Ctrl Pts',(4.10870258751239,3.7787759627124,0.1524));
#2861=CARTESIAN_POINT('Ctrl Pts',(4.08919614309423,3.73902517249023,0.1524));
#2862=CARTESIAN_POINT('Ctrl Pts',(4.12779199859278,3.85270983352847,0.203228748109467));
#2863=CARTESIAN_POINT('Ctrl Pts',(4.11787757202442,3.82316161787345,0.170187510448378));
#2864=CARTESIAN_POINT('Ctrl Pts',(4.10351105729294,3.78092636493876,0.1524));
#2865=CARTESIAN_POINT('Ctrl Pts',(4.08919614309423,3.73902517249023,0.1524));
#2866=CARTESIAN_POINT('Ctrl Pts',(4.11326276097853,3.85522908308368,0.206197712182776));
#2867=CARTESIAN_POINT('Ctrl Pts',(4.10735996220564,3.8267278493767,0.172608686138807));
#2868=CARTESIAN_POINT('Ctrl Pts',(4.09831952707349,3.78307676716513,0.1524));
#2869=CARTESIAN_POINT('Ctrl Pts',(4.08919614309423,3.73902517249023,0.1524));
#2870=CARTESIAN_POINT('',(4.08919614309423,3.73902517249023,0.1524));
#2871=CARTESIAN_POINT('Origin',(4.08919614309423,3.73902517249023,0.3048));
#2872=CARTESIAN_POINT('Origin',(4.08919614309423,3.73902517249023,0.3048));
#2873=CARTESIAN_POINT('Origin',(5.58416065779223,2.24406065779223,0.3048));
#2874=CARTESIAN_POINT('',(5.66632923097325,2.32622923097325,0.206197712182776));
#2875=CARTESIAN_POINT('',(5.58416065779223,2.24406065779223,0.1524));
#2876=CARTESIAN_POINT('Origin',(2.64795,3.73902517249023,0.3048));
#2877=CARTESIAN_POINT('',(2.64795,3.73902517249023,0.1524));
#2878=CARTESIAN_POINT('',(2.64795,3.86970709436882,0.226390846872845));
#2879=CARTESIAN_POINT('Origin',(0.607045672038279,3.56511514093035,0.3048));
#2880=CARTESIAN_POINT('',(0.607045672038279,3.56511514093035,0.1524));
#2881=CARTESIAN_POINT('',(0.499282598585449,3.65752121406919,0.249356356116694));
#2882=CARTESIAN_POINT('Origin',(0.3048,0.,0.3048));
#2883=CARTESIAN_POINT('',(0.3048,0.,0.1524));
#2884=CARTESIAN_POINT('',(0.1524,0.,0.3048));
#2885=CARTESIAN_POINT('Origin',(1.85446114690566,-0.79348885309434,0.3048));
#2886=CARTESIAN_POINT('',(1.85446114690566,-0.79348885309434,0.1524));
#2887=CARTESIAN_POINT('',(1.74669807345283,-0.90125192654717,0.3048));
#2888=CARTESIAN_POINT('Origin',(4.1038950106936,0.3048,0.3048));
#2889=CARTESIAN_POINT('',(4.1038950106936,0.3048,0.1524));
#2890=CARTESIAN_POINT('',(4.1038950106936,0.1524,0.3048));
#2891=CARTESIAN_POINT('Origin',(4.93539534768193,0.595023798507803,0.3048));
#2892=CARTESIAN_POINT('',(4.93539534768193,0.595023798507803,0.1524));
#2893=CARTESIAN_POINT('',(5.02780142082077,0.487260725054973,0.249356356116694));
#2894=CARTESIAN_POINT('Origin',(5.12332517249023,0.,0.3048));
#2895=CARTESIAN_POINT('',(5.12332517249023,0.,0.1524));
#2896=CARTESIAN_POINT('',(5.25400709436882,0.,0.226390846872845));
#2897=CARTESIAN_POINT('Origin',(0.72460922035849,0.2286,1.28778));
#2898=CARTESIAN_POINT('',(0.670727683632075,0.174718463273585,3.43408));
#2899=CARTESIAN_POINT('',(0.670727683632075,0.174718463273585,1.28778));
#2900=CARTESIAN_POINT('',(0.72460922035849,0.1524,3.43408));
#2901=CARTESIAN_POINT('Origin',(0.72460922035849,0.2286,3.43408));
#2902=CARTESIAN_POINT('',(0.72460922035849,0.1524,1.28778));
#2903=CARTESIAN_POINT('Origin',(0.42272307345283,0.42272307345283,0.85852));
#2904=CARTESIAN_POINT('',(0.174718463273585,0.670727683632075,3.43408));
#2905=CARTESIAN_POINT('',(0.174718463273585,0.670727683632075,0.42926));
#2906=CARTESIAN_POINT('',(0.42272307345283,0.42272307345283,3.43408));
#2907=CARTESIAN_POINT('Origin',(0.2286,0.72460922035849,0.42926));
#2908=CARTESIAN_POINT('',(0.1524,0.72460922035849,3.43408));
#2909=CARTESIAN_POINT('',(0.1524,0.72460922035849,0.42926));
#2910=CARTESIAN_POINT('Origin',(0.2286,0.72460922035849,3.43408));
#2911=CARTESIAN_POINT('Origin',(0.1524,0.,0.));
#2912=CARTESIAN_POINT('',(0.1524,3.65943077964151,0.988105134893085));
#2913=CARTESIAN_POINT('',(0.1524,2.63179507257769,-0.724621043546614));
#2914=CARTESIAN_POINT('',(0.1524,3.65943077964151,3.43408));
#2915=CARTESIAN_POINT('',(0.1524,3.65943077964151,0.42926));
#2916=CARTESIAN_POINT('',(0.1524,0.,3.43408));
#2917=CARTESIAN_POINT('Origin',(0.2286,2.63179507257769,-0.724621043546614));
#2918=CARTESIAN_POINT('',(0.174718463273585,3.7030743161586,0.956117479530881));
#2919=CARTESIAN_POINT('',(0.174718463273585,2.67799810914711,-0.752342865488267));
#2920=CARTESIAN_POINT('',(0.16428408284078,3.70029522384387,0.976786339112472));
#2921=CARTESIAN_POINT('Ctrl Pts',(0.164284082840783,3.70029522384387,0.976786339112472));
#2922=CARTESIAN_POINT('Ctrl Pts',(0.167364172635583,3.70160769770904,0.969551549261256));
#2923=CARTESIAN_POINT('Ctrl Pts',(0.170921244009745,3.70252801347052,0.96258744267129));
#2924=CARTESIAN_POINT('Ctrl Pts',(0.174718463273585,3.7030743161586,0.956117479530881));
#2925=CARTESIAN_POINT('Origin',(0.2286,3.65943077964151,0.988105134893086));
#2926=CARTESIAN_POINT('Origin',(0.42272307345283,3.26762619027285,-0.251663714163711));
#2927=CARTESIAN_POINT('',(0.670727683632075,4.19908353651709,0.818730879025007));
#2928=CARTESIAN_POINT('',(0.670727683632075,3.85725427139859,0.249015437160844));
#2929=CARTESIAN_POINT('',(0.338527890459703,3.86688374334472,0.910744894892939));
#2930=CARTESIAN_POINT('Origin',(0.72460922035849,3.81105123482917,0.276737259102497));
#2931=CARTESIAN_POINT('',(0.72460922035849,4.21716128125239,0.805481158345464));
#2932=CARTESIAN_POINT('',(0.72460922035849,3.87639219576847,0.23753268253892));
#2933=CARTESIAN_POINT('',(0.701194663360099,4.2279534369446,0.830633475598219));
#2934=CARTESIAN_POINT('Ctrl Pts',(0.701194662905614,4.22795343673145,0.830633475267399));
#2935=CARTESIAN_POINT('Ctrl Pts',(0.709067390197837,4.22541133649881,0.821455686790345));
#2936=CARTESIAN_POINT('Ctrl Pts',(0.717113599044985,4.22161434386838,0.812902929372114));
#2937=CARTESIAN_POINT('Ctrl Pts',(0.72460922035849,4.21716128125239,0.805481158345464));
#2938=CARTESIAN_POINT('',(0.683744777980206,4.21975591780526,0.832904054357654));
#2939=CARTESIAN_POINT('Origin',(0.72460922035849,4.15544,0.850718534387209));
#2940=CARTESIAN_POINT('Ctrl Pts',(0.670727683632075,4.19908353651709,0.818730879025007));
#2941=CARTESIAN_POINT('Ctrl Pts',(0.674493972652939,4.20607426177834,0.823061737759514));
#2942=CARTESIAN_POINT('Ctrl Pts',(0.678863234838605,4.21309442247268,0.827829968833532));
#2943=CARTESIAN_POINT('Ctrl Pts',(0.683744776239841,4.21975591727345,0.832904056730157));
#2944=CARTESIAN_POINT('Origin',(0.,4.25335807812141,0.865809153127155));
#2945=CARTESIAN_POINT('',(4.46559382303357,4.21716128125239,0.805481158345464));
#2946=CARTESIAN_POINT('',(3.63198967620204,3.38355713442087,-0.583859086373746));
#2947=CARTESIAN_POINT('',(1.4559450106936,4.21716128125239,0.805481158345464));
#2948=CARTESIAN_POINT('Origin',(3.63198967620204,3.31821617348157,-0.544654509810169));
#2949=CARTESIAN_POINT('',(4.49859255150782,4.18481904878735,0.781908660806659));
#2950=CARTESIAN_POINT('',(3.67307396279255,3.35930046007208,-0.593955653718781));
#2951=CARTESIAN_POINT('',(4.47325002544982,4.21969620886285,0.809959322669821));
#2952=CARTESIAN_POINT('Ctrl Pts',(4.47325002544982,4.21969620886285,0.809959322669821));
#2953=CARTESIAN_POINT('Ctrl Pts',(4.47485888768068,4.21833750576794,0.807982321194724));
#2954=CARTESIAN_POINT('Ctrl Pts',(4.47645579824738,4.21686720409132,0.806064317262147));
#2955=CARTESIAN_POINT('Ctrl Pts',(4.48599222680756,4.20731748804195,0.794835990099346));
#2956=CARTESIAN_POINT('Ctrl Pts',(4.49327267951486,4.19653116819905,0.787235533655618));
#2957=CARTESIAN_POINT('Ctrl Pts',(4.49859255150782,4.18481904878735,0.78190866080666));
#2958=CARTESIAN_POINT('Ctrl Pts',(4.46559382303357,4.21716128125239,0.805481158345464));
#2959=CARTESIAN_POINT('Ctrl Pts',(4.46810991831725,4.21803100882069,0.806930704292621));
#2960=CARTESIAN_POINT('Ctrl Pts',(4.47066475015002,4.2188779042778,0.808424294026532));
#2961=CARTESIAN_POINT('Ctrl Pts',(4.47325002544982,4.21969620886285,0.809959322669821));
#2962=CARTESIAN_POINT('Origin',(5.2959,0.,0.1524));
#2963=CARTESIAN_POINT('Origin',(1.4559450106936,4.13004,0.8577539270969));
#2964=CARTESIAN_POINT('',(4.45594599201498,4.23164,0.8577539270969));
#2965=CARTESIAN_POINT('Origin',(4.45594599201498,4.13004,0.857753927096901));
#2966=CARTESIAN_POINT('',(0.724609220358489,4.23164,0.8577539270969));
#2967=CARTESIAN_POINT('',(1.4559450106936,4.23164,0.8577539270969));
#2968=CARTESIAN_POINT('Ctrl Pts',(0.724609220358489,4.23164,0.8577539270969));
#2969=CARTESIAN_POINT('Ctrl Pts',(0.717086112746714,4.23164,0.849066990687299));
#2970=CARTESIAN_POINT('Ctrl Pts',(0.709060223834636,4.23049322285596,0.839802909223034));
#2971=CARTESIAN_POINT('Ctrl Pts',(0.701194663399337,4.2279534368404,0.830633475660738));
#2972=CARTESIAN_POINT('Origin',(4.84738477813273,2.39255828085321,-0.303206835391565));
#2973=CARTESIAN_POINT('',(5.60293056241266,3.08276310419384,0.807929960279238));
#2974=CARTESIAN_POINT('',(4.91272573907203,2.39255828085321,-0.342411411955143));
#2975=CARTESIAN_POINT('',(5.60534713483226,3.09004622358029,0.812186765437173));
#2976=CARTESIAN_POINT('Ctrl Pts',(5.60534713483226,3.09004622358029,0.812186765437173));
#2977=CARTESIAN_POINT('Ctrl Pts',(5.60456673364686,3.08759171405736,0.810731510936079));
#2978=CARTESIAN_POINT('Ctrl Pts',(5.60375976882306,3.08516197300572,0.809311970963247));
#2979=CARTESIAN_POINT('Ctrl Pts',(5.60293056241266,3.08276310419384,0.807929960279239));
#2980=CARTESIAN_POINT('',(5.57036888593461,3.11554238865509,0.783991722718774));
#2981=CARTESIAN_POINT('Ctrl Pts',(5.57036888593461,3.11554238865509,0.783991722718775));
#2982=CARTESIAN_POINT('Ctrl Pts',(5.57955366867877,3.1113615261507,0.788161656251916));
#2983=CARTESIAN_POINT('Ctrl Pts',(5.58842667996309,3.10585062754065,0.793853604792928));
#2984=CARTESIAN_POINT('Ctrl Pts',(5.59931545726283,3.0966117507066,0.804292476263429));
#2985=CARTESIAN_POINT('Ctrl Pts',(5.60258517230393,3.0933303193401,0.808141782865467));
#2986=CARTESIAN_POINT('Ctrl Pts',(5.60534713483226,3.09004622358029,0.812186765437173));
#2987=CARTESIAN_POINT('',(4.88846906472324,2.43364256744372,-0.352507979300177));
#2988=CARTESIAN_POINT('Origin',(5.51580928116026,0.,0.860202729030675));
#2989=CARTESIAN_POINT('',(5.60293056241266,0.724609220358489,0.807929960279238));
#2990=CARTESIAN_POINT('',(5.60293056241266,0.,0.807929960279238));
#2991=CARTESIAN_POINT('',(5.61343335002998,0.702075803504447,0.832058436362848));
#2992=CARTESIAN_POINT('Ctrl Pts',(5.60293056241266,0.724609220358489,0.807929960279239));
#2993=CARTESIAN_POINT('Ctrl Pts',(5.60723318761072,0.717366822952526,0.815101002276014));
#2994=CARTESIAN_POINT('Ctrl Pts',(5.61090162698706,0.70965838981847,0.823276652911188));
#2995=CARTESIAN_POINT('Ctrl Pts',(5.61343334972902,0.702075802862641,0.832058435895448));
#2996=CARTESIAN_POINT('',(5.61738699860131,0.724609220358489,0.858074979170526));
#2997=CARTESIAN_POINT('Ctrl Pts',(5.61343334988828,0.7020758035556,0.832058436447867));
#2998=CARTESIAN_POINT('Ctrl Pts',(5.61596507249897,0.709658390288035,0.840840219163458));
#2999=CARTESIAN_POINT('Ctrl Pts',(5.61721186133379,0.717366823173137,0.849714013341665));
#3000=CARTESIAN_POINT('Ctrl Pts',(5.61738699860131,0.724609220358489,0.858074979170526));
#3001=CARTESIAN_POINT('',(5.61738699860131,3.07311527317525,0.858074979170526));
#3002=CARTESIAN_POINT('',(5.61738699860131,0.,0.858074979170526));
#3003=CARTESIAN_POINT('Origin',(5.51580928116026,3.07311527317525,0.860202729030675));
#3004=CARTESIAN_POINT('Origin',(5.63765807812141,0.,0.865809153127155));
#3005=CARTESIAN_POINT('',(5.55116212365438,0.724609220358489,0.72164922901545));
#3006=CARTESIAN_POINT('Origin',(5.48582116271509,0.724609220358489,0.760853805579028));
#3007=CARTESIAN_POINT('',(5.58480978342852,0.670727683632074,0.821107957210717));
#3008=CARTESIAN_POINT('',(5.53202419928451,0.670727683632074,0.733131983637375));
#3009=CARTESIAN_POINT('',(5.60466231782664,0.683205373723969,0.834587056240132));
#3010=CARTESIAN_POINT('Ctrl Pts',(5.60466231713093,0.683205371420768,0.834587059395105));
#3011=CARTESIAN_POINT('Ctrl Pts',(5.5982502217225,0.678541011213253,0.829768024614307));
#3012=CARTESIAN_POINT('Ctrl Pts',(5.5915172358933,0.674355122649263,0.825236570515122));
#3013=CARTESIAN_POINT('Ctrl Pts',(5.58480978342851,0.670727683632074,0.821107957210717));
#3014=CARTESIAN_POINT('Origin',(5.54106235304424,0.724609220358489,0.85292245612761));
#3015=CARTESIAN_POINT('Origin',(4.88750485623545,0.2286,0.727728595882978));
#3016=CARTESIAN_POINT('',(5.04792233348413,0.1524,0.995091057964122));
#3017=CARTESIAN_POINT('',(4.88750485623545,0.1524,0.727728595882978));
#3018=CARTESIAN_POINT('',(5.08908667899298,0.164629996989344,0.983223683152967));
#3019=CARTESIAN_POINT('Origin',(5.04792233348413,0.2286,0.995091057964123));
#3020=CARTESIAN_POINT('',(5.09166976386841,0.174718463273585,0.963276559047233));
#3021=CARTESIAN_POINT('Ctrl Pts',(5.09166976386841,0.174718463273585,0.963276559047233));
#3022=CARTESIAN_POINT('Ctrl Pts',(5.09116251541379,0.171078183695507,0.969506576657382));
#3023=CARTESIAN_POINT('Ctrl Pts',(5.09030833860914,0.167636365491771,0.976231688534404));
#3024=CARTESIAN_POINT('Ctrl Pts',(5.08908667899297,0.164629996989335,0.983223683152961));
#3025=CARTESIAN_POINT('',(4.93370789280487,0.174718463273585,0.700006773941325));
#3026=CARTESIAN_POINT('Origin',(2.91189002138721,0.1524,1.71704));
#3027=CARTESIAN_POINT('',(5.09901186877846,0.1524,3.43408));
#3028=CARTESIAN_POINT('',(1.4559450106936,0.1524,3.43408));
#3029=CARTESIAN_POINT('',(5.07140859315671,0.1524,2.11631338463433));
#3030=CARTESIAN_POINT('Origin',(5.23286604604469,0.42272307345283,0.71656937878935));
#3031=CARTESIAN_POINT('',(5.22137279167272,0.305176132794579,0.925884140290894));
#3032=CARTESIAN_POINT('Origin',(5.07140859315671,0.2286,2.11631338463433));
#3033=CARTESIAN_POINT('',(5.15290522520854,0.174718463273585,3.43408));
#3034=CARTESIAN_POINT('Origin',(5.09901186877846,0.2286,3.43408));
#3035=CARTESIAN_POINT('',(5.1018920079292,0.174718463273585,0.99873444194799));
#3036=CARTESIAN_POINT('',(5.12527831277172,0.174718463273585,2.11518497486824));
#3037=CARTESIAN_POINT('Ctrl Pts',(5.08908667899298,0.164629996989346,0.983223683152968));
#3038=CARTESIAN_POINT('Ctrl Pts',(5.09384297527457,0.16763636549178,0.988492277523887));
#3039=CARTESIAN_POINT('Ctrl Pts',(5.09814611370589,0.171078183695511,0.993730573755758));
#3040=CARTESIAN_POINT('Ctrl Pts',(5.1018920079292,0.174718463273585,0.99873444194799));
#3041=CARTESIAN_POINT('Origin',(0.2286,3.65943077964151,0.42926));
#3042=CARTESIAN_POINT('',(0.174718463273585,3.71331231636792,0.993079908786418));
#3043=CARTESIAN_POINT('Ctrl Pts',(0.174718463273585,3.71331231636792,0.993079908786418));
#3044=CARTESIAN_POINT('Ctrl Pts',(0.170937487892929,3.70953134098727,0.987835562417681));
#3045=CARTESIAN_POINT('Ctrl Pts',(0.167371443509915,3.70515437308505,0.98232790864368));
#3046=CARTESIAN_POINT('Ctrl Pts',(0.164284082840765,3.70029522384385,0.976786339112494));
#3047=CARTESIAN_POINT('',(0.174718463273585,3.71331231636792,3.43408));
#3048=CARTESIAN_POINT('',(0.174718463273585,3.71331231636792,0.42926));
#3049=CARTESIAN_POINT('Origin',(0.2286,3.65943077964151,3.43408));
#3050=CARTESIAN_POINT('Origin',(0.42272307345283,3.96131692654717,0.85852));
#3051=CARTESIAN_POINT('',(0.670727683632074,4.20932153672641,0.855693308280544));
#3052=CARTESIAN_POINT('',(0.338527890459703,3.87712174355404,0.947707324148476));
#3053=CARTESIAN_POINT('',(0.670727683632074,4.20932153672641,3.43408));
#3054=CARTESIAN_POINT('',(0.670727683632074,4.20932153672641,1.28778));
#3055=CARTESIAN_POINT('',(-0.67328692654717,2.86530692654717,3.43408));
#3056=CARTESIAN_POINT('Origin',(0.410369939428256,3.80527969458549,0.947707324148476));
#3057=CARTESIAN_POINT('Ctrl Pts',(0.6837447777218,4.219755918154,0.832904054148407));
#3058=CARTESIAN_POINT('Ctrl Pts',(0.678868184579579,4.21665747430927,0.840674474663008));
#3059=CARTESIAN_POINT('Ctrl Pts',(0.674501046332344,4.21309489942668,0.848369199044507));
#3060=CARTESIAN_POINT('Ctrl Pts',(0.670727683632074,4.20932153672641,0.855693308280544));
#3061=CARTESIAN_POINT('Origin',(0.724609220358489,4.15544,1.28778));
#3062=CARTESIAN_POINT('',(0.724609220358489,4.23164,3.43408));
#3063=CARTESIAN_POINT('',(0.724609220358489,4.23164,1.28778));
#3064=CARTESIAN_POINT('Origin',(0.724609220358489,4.15544,3.43408));
#3065=CARTESIAN_POINT('Origin',(4.52212708609427,4.15544,2.12781919200308));
#3066=CARTESIAN_POINT('',(4.54990098978741,4.20932153672641,0.880889541334019));
#3067=CARTESIAN_POINT('',(4.53701238992261,4.21942397159179,0.862434382284871));
#3068=CARTESIAN_POINT('Ctrl Pts',(4.54990098978741,4.20932153672641,0.880889541334019));
#3069=CARTESIAN_POINT('Ctrl Pts',(4.54613762116036,4.21295965966611,0.874948474393488));
#3070=CARTESIAN_POINT('Ctrl Pts',(4.54180933405463,4.21640725806071,0.868715545585283));
#3071=CARTESIAN_POINT('Ctrl Pts',(4.53701238992261,4.21942397159179,0.862434382284871));
#3072=CARTESIAN_POINT('',(4.6033827058391,4.20932153672641,3.43408));
#3073=CARTESIAN_POINT('',(4.57599680570928,4.20932153672641,2.126690782237));
#3074=CARTESIAN_POINT('',(4.54948934940902,4.23164,3.43408));
#3075=CARTESIAN_POINT('Origin',(4.54948934940902,4.15544,3.43408));
#3076=CARTESIAN_POINT('',(4.4962261352581,4.23164,0.891320713132832));
#3077=CARTESIAN_POINT('',(4.52212708609427,4.23164,2.12781919200308));
#3078=CARTESIAN_POINT('Ctrl Pts',(4.53701238992261,4.21942397159179,0.862434382284871));
#3079=CARTESIAN_POINT('Ctrl Pts',(4.53329446148402,4.2218657540645,0.865217997385375));
#3080=CARTESIAN_POINT('Ctrl Pts',(4.52934296518808,4.2239814841136,0.868098159702965));
#3081=CARTESIAN_POINT('Ctrl Pts',(4.5158264196249,4.22972988822374,0.877779927922894));
#3082=CARTESIAN_POINT('Ctrl Pts',(4.50566024601534,4.23164,0.884800070084824));
#3083=CARTESIAN_POINT('Ctrl Pts',(4.4962261352581,4.23164,0.891320713132832));
#3084=CARTESIAN_POINT('Origin',(5.10789482725559,3.68661592654717,2.56005795717649));
#3085=CARTESIAN_POINT('',(5.59554561059926,3.16391031636792,0.881084041711822));
#3086=CARTESIAN_POINT('',(5.08103720798474,3.67830387451996,0.880988337993083));
#3087=CARTESIAN_POINT('',(5.64902325244883,3.16391031636792,3.43408));
#3088=CARTESIAN_POINT('',(5.63979284880191,3.16391031636792,2.99342513211599));
#3089=CARTESIAN_POINT('',(4.76144705584473,4.05129185284478,3.43408));
#3090=CARTESIAN_POINT('Origin',(5.00921091516473,3.60646182555141,0.882492884347863));
#3091=CARTESIAN_POINT('',(4.54029489446648,4.18481904878735,0.816660613272211));
#3092=CARTESIAN_POINT('Origin',(4.48551584567913,4.13004,0.882395471817027));
#3093=CARTESIAN_POINT('',(5.57105721785486,3.15428680394458,0.816852345393558));
#3094=CARTESIAN_POINT('',(5.06398996395208,3.66124087433875,0.816758025803047));
#3095=CARTESIAN_POINT('',(5.60562961205155,3.15081347547981,0.861831682542648));
#3096=CARTESIAN_POINT('Origin',(5.51627816906752,3.09950775515723,0.882587203938374));
#3097=CARTESIAN_POINT('Ctrl Pts',(5.60562961205155,3.15081347547981,0.861831682542648));
#3098=CARTESIAN_POINT('Ctrl Pts',(5.60266030470902,3.15571504578422,0.868379945662386));
#3099=CARTESIAN_POINT('Ctrl Pts',(5.59921079210987,3.16011621357884,0.874889670952438));
#3100=CARTESIAN_POINT('Ctrl Pts',(5.59554561059926,3.16391031636792,0.881084041711822));
#3101=CARTESIAN_POINT('Origin',(5.5859231291869,0.724609220358489,2.99455354188208));
#3102=CARTESIAN_POINT('',(5.5950320274893,0.670727683632075,0.856565840111474));
#3103=CARTESIAN_POINT('Ctrl Pts',(5.5950320274893,0.670727683632074,0.856565840111474));
#3104=CARTESIAN_POINT('Ctrl Pts',(5.59851866461755,0.67436180021428,0.849487186740877));
#3105=CARTESIAN_POINT('Ctrl Pts',(5.60180262147935,0.678545844854327,0.842072172628195));
#3106=CARTESIAN_POINT('Ctrl Pts',(5.60466231826724,0.683205373391405,0.834587055975773));
#3107=CARTESIAN_POINT('',(5.64902325244883,0.670727683632075,3.43408));
#3108=CARTESIAN_POINT('',(5.63979284880191,0.670727683632075,2.99342513211599));
#3109=CARTESIAN_POINT('',(5.67134661160398,0.724609220358489,3.43408));
#3110=CARTESIAN_POINT('Origin',(5.59512989601876,0.724609220358489,3.43408));
#3111=CARTESIAN_POINT('',(5.66210641726768,0.724609220358489,2.99295772948697));
#3112=CARTESIAN_POINT('Origin',(5.15976874291349,0.377018181763132,0.962846569546431));
#3113=CARTESIAN_POINT('',(5.2315950357335,0.305176132794578,0.961342023191651));
#3114=CARTESIAN_POINT('Origin',(5.67141346661285,0.,3.43727162479022));
#3115=CARTESIAN_POINT('',(5.67134661160398,3.11002877964151,3.43408));
#3116=CARTESIAN_POINT('',(5.67134661160398,0.,3.43408));
#3117=CARTESIAN_POINT('',(5.61804280265976,3.11002877964151,0.889382737941118));
#3118=CARTESIAN_POINT('',(5.66210641726768,3.11002877964151,2.99295772948697));
#3119=CARTESIAN_POINT('',(5.60594960350877,2.4293340213408,0.312059440064699));
#3120=CARTESIAN_POINT('Origin',(5.5859231291869,3.11002877964151,2.99455354188208));
#3121=CARTESIAN_POINT('Ctrl Pts',(5.61804280265976,3.11002877964151,0.889382737941118));
#3122=CARTESIAN_POINT('Ctrl Pts',(5.61788633264218,3.12124885890058,0.881912937317099));
#3123=CARTESIAN_POINT('Ctrl Pts',(5.61509924448912,3.13324454039995,0.873991164506014));
#3124=CARTESIAN_POINT('Ctrl Pts',(5.60835127957403,3.14637517372632,0.864942300445374));
#3125=CARTESIAN_POINT('Ctrl Pts',(5.60704710833249,3.1486278451198,0.863373992626101));
#3126=CARTESIAN_POINT('Ctrl Pts',(5.60562961205155,3.15081347547981,0.861831682542648));
#3127=CARTESIAN_POINT('Origin',(5.59512989601876,3.11002877964151,3.43408));
#3128=CARTESIAN_POINT('Origin',(5.50437188606772,2.4293340213408,0.314187189924848));
#3129=CARTESIAN_POINT('',(5.55915093485507,2.48411307012814,0.248452331380032));
#3130=CARTESIAN_POINT('Origin',(3.83264036676127,4.13004,0.338332572718805));
#3131=CARTESIAN_POINT('',(3.88741941554861,4.18481904878735,0.272597714173989));
#3132=CARTESIAN_POINT('',(3.83264036676127,4.23164,0.338332572718805));
#3133=CARTESIAN_POINT('Origin',(2.91189002138721,4.23164,1.71704));
#3134=CARTESIAN_POINT('',(1.4559450106936,4.23164,3.43408));
#3135=CARTESIAN_POINT('Origin',(5.38253558078681,0.42272307345283,2.55430505349212));
#3136=CARTESIAN_POINT('',(3.94013807560143,-1.03778270645645,3.43408));
#3137=CARTESIAN_POINT('Origin',(4.2807715137579,2.8964715137579,-0.473231816509479));
#3138=CARTESIAN_POINT('Origin',(5.64236559464215,2.30226559464215,0.127));
#3139=CARTESIAN_POINT('',(5.29246763285511,2.78911117839754,0.0448314268189799));
#3140=CARTESIAN_POINT('',(5.22399382187093,2.72063736741336,0.));
#3141=CARTESIAN_POINT('Origin',(5.22399382187093,2.72063736741336,0.127));
#3142=CARTESIAN_POINT('',(4.10493736741336,3.83969382187093,0.));
#3143=CARTESIAN_POINT('',(5.64236559464215,2.30226559464215,0.));
#3144=CARTESIAN_POINT('',(4.17341117839755,3.90816763285511,0.0448314268189801));
#3145=CARTESIAN_POINT('Origin',(4.10493736741336,3.83969382187093,0.127));
#3146=CARTESIAN_POINT('',(5.71083940562633,2.37073940562633,0.04483142681898));
#3147=CARTESIAN_POINT('Origin',(2.64795,3.83969382187093,0.127));
#3148=CARTESIAN_POINT('',(0.682525122421383,3.83969382187093,0.));
#3149=CARTESIAN_POINT('',(0.682525122421383,3.94859542343642,0.061659039060704));
#3150=CARTESIAN_POINT('Origin',(0.682525122421383,3.83969382187093,0.127));
#3151=CARTESIAN_POINT('',(4.10493736741336,3.94859542343642,0.061659039060704));
#3152=CARTESIAN_POINT('',(2.64795,3.94859542343642,0.0616590390607042));
#3153=CARTESIAN_POINT('Origin',(4.10493736741336,3.83969382187093,0.127));
#3154=CARTESIAN_POINT('',(2.64795,3.83969382187093,0.));
#3155=CARTESIAN_POINT('Origin',(4.10493736741336,3.83969382187093,0.127));
#3156=CARTESIAN_POINT('Origin',(4.10493736741336,3.83969382187093,0.127));
#3157=CARTESIAN_POINT('Origin',(0.514859670571374,3.64416398503795,0.127));
#3158=CARTESIAN_POINT('',(0.592722561210692,3.91669888281996,0.0807969634305786));
#3159=CARTESIAN_POINT('Origin',(0.682525122421383,3.83969382187093,0.127));
#3160=CARTESIAN_POINT('',(0.127,3.1918457688275,0.));
#3161=CARTESIAN_POINT('',(0.514859670571374,3.64416398503795,0.));
#3162=CARTESIAN_POINT('',(0.0371974387893083,3.26885082977654,0.0807969634305786));
#3163=CARTESIAN_POINT('Origin',(0.127,3.1918457688275,0.127));
#3164=CARTESIAN_POINT('',(0.425057109360683,3.72116904598698,0.0807969634305785));
#3165=CARTESIAN_POINT('Origin',(0.682525122421383,3.83969382187093,0.127));
#3166=CARTESIAN_POINT('Origin',(0.682525122421383,3.83969382187093,0.127));
#3167=CARTESIAN_POINT('Origin',(0.127,0.,0.127));
#3168=CARTESIAN_POINT('',(0.127,0.682525122421383,0.));
#3169=CARTESIAN_POINT('',(0.,0.682525122421383,0.127));
#3170=CARTESIAN_POINT('Origin',(0.127,0.682525122421383,0.127));
#3171=CARTESIAN_POINT('',(0.,3.1918457688275,0.127));
#3172=CARTESIAN_POINT('',(0.,0.,0.127));
#3173=CARTESIAN_POINT('Origin',(0.127,3.1918457688275,0.127));
#3174=CARTESIAN_POINT('',(0.127,0.,0.));
#3175=CARTESIAN_POINT('Origin',(0.127,3.1918457688275,0.127));
#3176=CARTESIAN_POINT('Origin',(0.127,3.1918457688275,0.126999999999999));
#3177=CARTESIAN_POINT('Origin',(1.72873756121069,-0.919212438789308,0.127));
#3178=CARTESIAN_POINT('',(0.0371974387893086,0.592722561210692,0.127));
#3179=CARTESIAN_POINT('Origin',(0.127,0.682525122421384,0.127));
#3180=CARTESIAN_POINT('',(0.682525122421384,0.127,0.));
#3181=CARTESIAN_POINT('',(1.72873756121069,-0.919212438789308,0.));
#3182=CARTESIAN_POINT('',(0.592722561210692,0.0371974387893085,0.127));
#3183=CARTESIAN_POINT('Origin',(0.682525122421384,0.127,0.127));
#3184=CARTESIAN_POINT('',(1.638935,-1.009015,0.127));
#3185=CARTESIAN_POINT('Origin',(0.127,0.682525122421383,0.127));
#3186=CARTESIAN_POINT('Origin',(0.127,0.682525122421383,0.127));
#3187=CARTESIAN_POINT('Origin',(4.1038950106936,0.127,0.127));
#3188=CARTESIAN_POINT('',(0.682525122421383,0.,0.127));
#3189=CARTESIAN_POINT('Origin',(0.682525122421383,0.127,0.127));
#3190=CARTESIAN_POINT('',(4.5761457688275,0.127,0.));
#3191=CARTESIAN_POINT('',(4.1038950106936,0.127,0.));
#3192=CARTESIAN_POINT('',(4.5761457688275,0.,0.127));
#3193=CARTESIAN_POINT('Origin',(4.5761457688275,0.127,0.127));
#3194=CARTESIAN_POINT('',(4.1038950106936,0.,0.127));
#3195=CARTESIAN_POINT('Origin',(0.682525122421383,0.127,0.127));
#3196=CARTESIAN_POINT('Origin',(0.682525122421383,0.127,0.127));
#3197=CARTESIAN_POINT('Origin',(5.01444419178953,0.502837797040899,0.127));
#3198=CARTESIAN_POINT('',(4.65315082977654,0.0371974387893082,0.080796963430579));
#3199=CARTESIAN_POINT('Origin',(4.5761457688275,0.126999999999999,0.127));
#3200=CARTESIAN_POINT('',(5.22399382187093,0.682525122421382,0.));
#3201=CARTESIAN_POINT('',(5.01444419178953,0.502837797040899,0.));
#3202=CARTESIAN_POINT('',(5.30099888281996,0.592722561210692,0.080796963430579));
#3203=CARTESIAN_POINT('Origin',(5.22399382187093,0.682525122421382,0.127));
#3204=CARTESIAN_POINT('',(5.09144925273856,0.413035235830208,0.0807969634305788));
#3205=CARTESIAN_POINT('Origin',(4.5761457688275,0.127,0.127));
#3206=CARTESIAN_POINT('Origin',(4.5761457688275,0.127,0.127));
#3207=CARTESIAN_POINT('Origin',(5.22399382187093,0.,0.127));
#3208=CARTESIAN_POINT('',(5.33289542343642,0.682525122421383,0.0616590390607039));
#3209=CARTESIAN_POINT('Origin',(5.22399382187093,0.682525122421383,0.127));
#3210=CARTESIAN_POINT('',(5.22399382187093,0.,0.));
#3211=CARTESIAN_POINT('',(5.33289542343642,2.72063736741336,0.061659039060704));
#3212=CARTESIAN_POINT('Origin',(5.22399382187093,2.72063736741336,0.127));
#3213=CARTESIAN_POINT('',(5.33289542343642,0.,0.0616590390607041));
#3214=CARTESIAN_POINT('Origin',(5.22399382187093,0.682525122421383,0.127));
#3215=CARTESIAN_POINT('Origin',(5.22399382187093,0.682525122421383,0.127));
#3216=CARTESIAN_POINT('Origin',(5.22399382187093,2.72063736741336,0.127));
#3217=CARTESIAN_POINT('Origin',(5.22399382187093,2.72063736741336,0.126999999999999));
#3218=CARTESIAN_POINT('Origin',(0.127,0.682525122421383,0.42926));
#3219=CARTESIAN_POINT('',(0.0371974387893086,0.592722561210691,3.43408));
#3220=CARTESIAN_POINT('',(0.0371974387893086,0.592722561210692,0.42926));
#3221=CARTESIAN_POINT('',(0.,0.682525122421383,3.43408));
#3222=CARTESIAN_POINT('Origin',(0.127,0.682525122421383,3.43408));
#3223=CARTESIAN_POINT('',(0.,0.682525122421383,0.42926));
#3224=CARTESIAN_POINT('Origin',(0.31496,0.31496,0.85852));
#3225=CARTESIAN_POINT('',(0.592722561210692,0.0371974387893085,3.43408));
#3226=CARTESIAN_POINT('',(0.592722561210692,0.0371974387893085,1.28778));
#3227=CARTESIAN_POINT('',(0.31496,0.31496,3.43408));
#3228=CARTESIAN_POINT('Origin',(0.682525122421383,0.127,1.28778));
#3229=CARTESIAN_POINT('',(0.682525122421383,0.,3.43408));
#3230=CARTESIAN_POINT('',(0.682525122421383,0.,1.28778));
#3231=CARTESIAN_POINT('Origin',(0.682525122421383,0.127,3.43408));
#3232=CARTESIAN_POINT('Origin',(2.91189002138721,0.,1.71704));
#3233=CARTESIAN_POINT('',(5.08976299294783,0.,0.983028706867212));
#3234=CARTESIAN_POINT('',(4.92359167250151,0.,0.70607650612334));
#3235=CARTESIAN_POINT('',(5.14110519847837,0.,3.43408));
#3236=CARTESIAN_POINT('',(5.1134834613557,0.,2.11543204178491));
#3237=CARTESIAN_POINT('',(5.82378004277442,0.,3.43408));
#3238=CARTESIAN_POINT('Origin',(4.92359167250151,0.127,0.70607650612334));
#3239=CARTESIAN_POINT('',(5.15449002297116,0.0371974387893081,0.916362285421606));
#3240=CARTESIAN_POINT('',(5.00059673345054,0.0371974387893082,0.659873469553919));
#3241=CARTESIAN_POINT('',(5.15324283801765,0.017217116346372,0.964727939417006));
#3242=CARTESIAN_POINT('Ctrl Pts',(5.15449002297116,0.0371974387893085,0.916362285421606));
#3243=CARTESIAN_POINT('Ctrl Pts',(5.15487929413182,0.0298227650185191,0.931344860021925));
#3244=CARTESIAN_POINT('Ctrl Pts',(5.1544891446909,0.0229270762464418,0.947722825237992));
#3245=CARTESIAN_POINT('Ctrl Pts',(5.15324283801763,0.0172171163463573,0.964727939416999));
#3246=CARTESIAN_POINT('Origin',(5.08976299294783,0.127,0.983028706867212));
#3247=CARTESIAN_POINT('Origin',(5.32527211918353,0.31496,0.661125734906044));
#3248=CARTESIAN_POINT('',(5.70680167060346,0.592722561210691,0.757134943069732));
#3249=CARTESIAN_POINT('',(5.64994750491652,0.592722561210692,0.66237800025817));
#3250=CARTESIAN_POINT('',(5.31377886481156,0.197413059341749,0.870440496407588));
#3251=CARTESIAN_POINT('Origin',(5.57294244396748,0.682525122421383,0.708581036827591));
#3252=CARTESIAN_POINT('',(5.73361248429125,0.682525122421383,0.729520807152083));
#3253=CARTESIAN_POINT('',(5.68184404553298,0.682525122421383,0.643240075888296));
#3254=CARTESIAN_POINT('',(5.75986945249247,0.636792753440127,0.789841995880732));
#3255=CARTESIAN_POINT('Ctrl Pts',(5.73361248429125,0.682525122421383,0.729520807152083));
#3256=CARTESIAN_POINT('Ctrl Pts',(5.7442795067559,0.66786470231052,0.7472991779265));
#3257=CARTESIAN_POINT('Ctrl Pts',(5.75353324282455,0.652012091593522,0.767863594749088));
#3258=CARTESIAN_POINT('Ctrl Pts',(5.75986945249213,0.636792753439341,0.789841995880286));
#3259=CARTESIAN_POINT('',(5.75122247749401,0.618675938034093,0.792334853321343));
#3260=CARTESIAN_POINT('Origin',(5.64207464058013,0.682525122421383,0.823801364515337));
#3261=CARTESIAN_POINT('Ctrl Pts',(5.75122247716428,0.618675937084671,0.792334854436534));
#3262=CARTESIAN_POINT('Ctrl Pts',(5.7369665599583,0.608813677414434,0.779723464837187));
#3263=CARTESIAN_POINT('Ctrl Pts',(5.72180053097056,0.600070564757871,0.767851091945986));
#3264=CARTESIAN_POINT('Ctrl Pts',(5.70680167060346,0.592722561210691,0.757134943069732));
#3265=CARTESIAN_POINT('Origin',(5.76834,0.,0.7874));
#3266=CARTESIAN_POINT('',(5.73238050239107,3.12012244636801,0.727467503985117));
#3267=CARTESIAN_POINT('',(5.03533040707459,2.42307235105153,-0.434282654875677));
#3268=CARTESIAN_POINT('',(5.73361248429125,3.11939410934452,0.729520807152083));
#3269=CARTESIAN_POINT('Origin',(5.50509391573465,2.46997519523335,0.348656526224412));
#3270=CARTESIAN_POINT('',(5.73361248429125,0.,0.729520807152083));
#3271=CARTESIAN_POINT('Origin',(5.2959,0.,0.));
#3272=CARTESIAN_POINT('Origin',(3.66250374640037,3.39726020085794,-0.610389368354985));
#3273=CARTESIAN_POINT('',(4.50360303501413,4.34726109103719,0.726101818395313));
#3274=CARTESIAN_POINT('',(3.66250374640037,3.50616180242343,-0.675730329294281));
#3275=CARTESIAN_POINT('',(4.5322311675108,4.26698762196837,0.642864742007735));
#3276=CARTESIAN_POINT('Ctrl Pts',(4.50360303501412,4.34726109103719,0.726101818395313));
#3277=CARTESIAN_POINT('Ctrl Pts',(4.50820344500676,4.33929390359492,0.7128231726582));
#3278=CARTESIAN_POINT('Ctrl Pts',(4.51276781865273,4.33004780331405,0.700302521940228));
#3279=CARTESIAN_POINT('Ctrl Pts',(4.52322119547021,4.30423684576555,0.671288065646219));
#3280=CARTESIAN_POINT('Ctrl Pts',(4.52861335794287,4.28629649040067,0.65594062439472));
#3281=CARTESIAN_POINT('Ctrl Pts',(4.5322311675108,4.26698762196837,0.642864742007736));
#3282=CARTESIAN_POINT('',(3.73097755738455,3.46573401184212,-0.692557941536005));
#3283=CARTESIAN_POINT('Origin',(4.36294008693892,2.97864008693892,-0.571834104326703));
#3284=CARTESIAN_POINT('',(4.6224634676475,4.26698762196837,0.718058325454987));
#3285=CARTESIAN_POINT('',(3.96958798872963,4.26698762196837,0.173995426356765));
#3286=CARTESIAN_POINT('',(5.65322579103588,3.2364553771256,0.718250057576334));
#3287=CARTESIAN_POINT('',(5.1461585371331,3.74340944751977,0.718155737985823));
#3288=CARTESIAN_POINT('',(5.65165968306365,3.14830322860608,0.643484843833202));
#3289=CARTESIAN_POINT('',(5.64131950803609,2.56628164330916,0.149850043562808));
#3290=CARTESIAN_POINT('',(4.99490261649328,2.49154616203572,-0.451110267117401));
#3291=CARTESIAN_POINT('Origin',(3.83264036676127,4.13004,0.338332572718805));
#3292=CARTESIAN_POINT('',(4.5032593733605,4.34784320313099,0.727072005218309));
#3293=CARTESIAN_POINT('Origin',(3.8635212794987,4.13004,0.364066666666666));
#3294=CARTESIAN_POINT('',(4.45594599201498,4.38404,0.8577539270969));
#3295=CARTESIAN_POINT('Origin',(4.45594599201498,4.13004,0.8577539270969));
#3296=CARTESIAN_POINT('',(4.53906729357397,4.38404,0.927021678396054));
#3297=CARTESIAN_POINT('',(3.83264036676127,4.38404,0.338332572718805));
#3298=CARTESIAN_POINT('',(4.61082430861874,4.36068867120804,0.848340490338113));
#3299=CARTESIAN_POINT('Ctrl Pts',(4.61082430861874,4.36068867120804,0.848340490338115));
#3300=CARTESIAN_POINT('Ctrl Pts',(4.60321685071156,4.36621110045247,0.857586611907389));
#3301=CARTESIAN_POINT('Ctrl Pts',(4.5948657845394,4.37091829974834,0.867164124476819));
#3302=CARTESIAN_POINT('Ctrl Pts',(4.57079274189962,4.38100186329128,0.893813366835209));
#3303=CARTESIAN_POINT('Ctrl Pts',(4.55428040668308,4.38404,0.911085302333707));
#3304=CARTESIAN_POINT('Ctrl Pts',(4.53906729357397,4.38404,0.927021678396054));
#3305=CARTESIAN_POINT('Origin',(4.48551584567913,4.13004,0.882395471817027));
#3306=CARTESIAN_POINT('Origin',(0.682525122421383,3.89817251608157,0.22446449035106));
#3307=CARTESIAN_POINT('',(0.592722561210692,4.32124756068738,0.75504475987627));
#3308=CARTESIAN_POINT('',(0.592722561210692,3.9751775770306,0.178261453781639));
#3309=CARTESIAN_POINT('',(0.619813325783906,4.3674765453035,0.791987810908515));
#3310=CARTESIAN_POINT('Ctrl Pts',(0.592722561210692,4.32124756068738,0.75504475987627));
#3311=CARTESIAN_POINT('Ctrl Pts',(0.600350962316883,4.33687465978626,0.766262978412809));
#3312=CARTESIAN_POINT('Ctrl Pts',(0.609485864609655,4.35268611002506,0.778735598926856));
#3313=CARTESIAN_POINT('Ctrl Pts',(0.619813325418249,4.36747654517606,0.791987811335699));
#3314=CARTESIAN_POINT('',(0.63502748553294,4.3748235917726,0.789952797308248));
#3315=CARTESIAN_POINT('Origin',(0.682525122421383,4.25704,0.822576963548451));
#3316=CARTESIAN_POINT('',(0.682525122421383,4.34784320313099,0.727072005218309));
#3317=CARTESIAN_POINT('Ctrl Pts',(0.635027485520328,4.37482359176712,0.789952797301102));
#3318=CARTESIAN_POINT('Ctrl Pts',(0.65078277057273,4.3684700853291,0.767014623101096));
#3319=CARTESIAN_POINT('Ctrl Pts',(0.6672969500989,4.35892332600817,0.745538876680281));
#3320=CARTESIAN_POINT('Ctrl Pts',(0.682525122421383,4.34784320313099,0.727072005218309));
#3321=CARTESIAN_POINT('',(0.682525122421383,4.00707411764706,0.159123529411765));
#3322=CARTESIAN_POINT('Origin',(0.410369939428256,3.80527969458549,0.947707324148476));
#3323=CARTESIAN_POINT('',(0.0371974387893083,3.765722438266,0.908916310913007));
#3324=CARTESIAN_POINT('',(0.230764817006873,3.95928981648356,0.855301251009633));
#3325=CARTESIAN_POINT('',(0.0165634547773264,3.76422667454921,0.959078352411239));
#3326=CARTESIAN_POINT('Ctrl Pts',(0.0165634547773243,3.7642266745492,0.959078352411238));
#3327=CARTESIAN_POINT('Ctrl Pts',(0.0223987948950555,3.76562122120323,0.941429383308503));
#3328=CARTESIAN_POINT('Ctrl Pts',(0.0295385147461001,3.76609421679306,0.924422214345523));
#3329=CARTESIAN_POINT('Ctrl Pts',(0.0371974387893086,3.765722438266,0.908916310913007));
#3330=CARTESIAN_POINT('',(0.0371974387893088,3.79131743878931,1.00132238405185));
#3331=CARTESIAN_POINT('Ctrl Pts',(0.0371974387893086,3.79131743878931,1.00132238405185));
#3332=CARTESIAN_POINT('Ctrl Pts',(0.0295385147461016,3.7836585147461,0.987834903077553));
#3333=CARTESIAN_POINT('Ctrl Pts',(0.0223987948950571,3.77450280813064,0.973494730228707));
#3334=CARTESIAN_POINT('Ctrl Pts',(0.016563454777327,3.76422667454921,0.959078352411239));
#3335=CARTESIAN_POINT('',(0.592722561210691,4.34684256121069,0.847450833015113));
#3336=CARTESIAN_POINT('',(0.230764817006873,3.98488481700687,0.947707324148476));
#3337=CARTESIAN_POINT('Ctrl Pts',(0.619813325731768,4.36747654538223,0.791987810861277));
#3338=CARTESIAN_POINT('Ctrl Pts',(0.60949291379552,4.36161606167315,0.810948155345404));
#3339=CARTESIAN_POINT('Ctrl Pts',(0.600367849433644,4.35448784943364,0.829752120436002));
#3340=CARTESIAN_POINT('Ctrl Pts',(0.592722561210691,4.34684256121069,0.847450833015113));
#3341=CARTESIAN_POINT('Origin',(0.31496,3.36003226341169,-0.307107358047017));
#3342=CARTESIAN_POINT('',(0.0371974387893083,2.74488694979279,-0.792476169875673));
#3343=CARTESIAN_POINT('Origin',(4.9264288055091,2.42307235105153,-0.368941693936381));
#3344=CARTESIAN_POINT('Ctrl Pts',(5.65165968306365,3.14830322860608,0.643484843833202));
#3345=CARTESIAN_POINT('Ctrl Pts',(5.67044862290867,3.14487518280176,0.656285588867128));
#3346=CARTESIAN_POINT('Ctrl Pts',(5.68915464531495,3.13945479263493,0.672184707539287));
#3347=CARTESIAN_POINT('Ctrl Pts',(5.7154220890856,3.12897554018505,0.701941826161577));
#3348=CARTESIAN_POINT('Ctrl Pts',(5.72463491924174,3.12448764980031,0.714558198736227));
#3349=CARTESIAN_POINT('Ctrl Pts',(5.73238050239107,3.12012244636801,0.727467503985117));
#3350=CARTESIAN_POINT('Origin',(5.50437188606772,2.4293340213408,0.314187189924848));
#3351=CARTESIAN_POINT('',(5.74705791865069,3.22430681570692,0.846512970392963));
#3352=CARTESIAN_POINT('Origin',(5.51627816906752,3.09950775515723,0.882587203938374));
#3353=CARTESIAN_POINT('',(5.77115704342611,3.15211287757862,0.92188424860247));
#3354=CARTESIAN_POINT('Ctrl Pts',(5.77115704342611,3.15211287757862,0.92188424860247));
#3355=CARTESIAN_POINT('Ctrl Pts',(5.77082268772436,3.1679797741566,0.905922274108814));
#3356=CARTESIAN_POINT('Ctrl Pts',(5.76729622046483,3.18519172678954,0.888699710314881));
#3357=CARTESIAN_POINT('Ctrl Pts',(5.75666722198829,3.2092908660266,0.863250138864659));
#3358=CARTESIAN_POINT('Ctrl Pts',(5.75221298125834,3.21709743151157,0.85475403729666));
#3359=CARTESIAN_POINT('Ctrl Pts',(5.74705791865069,3.22430681570692,0.846512970392964));
#3360=CARTESIAN_POINT('',(5.76975357476287,3.07311527317525,0.854883354380303));
#3361=CARTESIAN_POINT('',(5.75831617967033,2.4293340213408,0.308867815274475));
#3362=CARTESIAN_POINT('Origin',(5.51580928116026,3.07311527317523,0.860202729030663));
#3363=CARTESIAN_POINT('Origin',(5.15976874291349,0.377018181763132,0.962846569546431));
#3364=CARTESIAN_POINT('',(5.73235728075542,0.592722561210692,0.845779650321625));
#3365=CARTESIAN_POINT('Ctrl Pts',(5.73235728075542,0.592722561210691,0.845779650321625));
#3366=CARTESIAN_POINT('Ctrl Pts',(5.7393482216955,0.600069092284788,0.828727019112827));
#3367=CARTESIAN_POINT('Ctrl Pts',(5.74586782763078,0.608813409528574,0.810600279073118));
#3368=CARTESIAN_POINT('Ctrl Pts',(5.75122247768901,0.618675937901836,0.792334853204345));
#3369=CARTESIAN_POINT('',(5.18004563312312,0.0371974387893085,1.0050069926735));
#3370=CARTESIAN_POINT('',(5.33933447496352,0.197413059341748,0.959085203659481));
#3371=CARTESIAN_POINT('Ctrl Pts',(5.15324283801765,0.0172171163463754,0.964727939417007));
#3372=CARTESIAN_POINT('Ctrl Pts',(5.16333416834782,0.0229179112917512,0.97843777922963));
#3373=CARTESIAN_POINT('Ctrl Pts',(5.17236802579556,0.0297925770391987,0.992063801160697));
#3374=CARTESIAN_POINT('Ctrl Pts',(5.18004563312312,0.0371974387893084,1.0050069926735));
#3375=CARTESIAN_POINT('Origin',(5.1134834613557,0.127,2.11543204178491));
#3376=CARTESIAN_POINT('',(5.23092745919517,0.0371974387893081,3.43408));
#3377=CARTESIAN_POINT('',(5.20326632738071,0.0371974387893085,2.11355135884144));
#3378=CARTESIAN_POINT('Origin',(5.14110519847837,0.127,3.43408));
#3379=CARTESIAN_POINT('Origin',(0.,0.,3.43408));
#3380=CARTESIAN_POINT('',(5.78657444418251,0.592722561210691,3.43408));
#3381=CARTESIAN_POINT('',(4.04790114646201,-1.14556941672377,3.43408));
#3382=CARTESIAN_POINT('',(5.82378004277442,0.682525122421383,3.43408));
#3383=CARTESIAN_POINT('Origin',(5.69675218346572,0.682525122421383,3.43408));
#3384=CARTESIAN_POINT('',(5.82378004277442,3.15211287757862,3.43408));
#3385=CARTESIAN_POINT('',(5.82378004277442,0.,3.43408));
#3386=CARTESIAN_POINT('',(5.78657444418251,3.24191543878931,3.43408));
#3387=CARTESIAN_POINT('Origin',(5.69675218346572,3.15211287757862,3.43408));
#3388=CARTESIAN_POINT('',(4.68140493982572,4.34684256121069,3.43408));
#3389=CARTESIAN_POINT('',(4.8692101267053,4.1590785631121,3.43408));
#3390=CARTESIAN_POINT('',(4.59158267910893,4.38404,3.43408));
#3391=CARTESIAN_POINT('Origin',(4.59158267910893,4.25704,3.43408));
#3392=CARTESIAN_POINT('',(0.682525122421382,4.38404,3.43408));
#3393=CARTESIAN_POINT('',(5.82378004277442,4.38404,3.43408));
#3394=CARTESIAN_POINT('',(0.592722561210691,4.34684256121069,3.43408));
#3395=CARTESIAN_POINT('Origin',(0.682525122421383,4.25704,3.43408));
#3396=CARTESIAN_POINT('',(0.0371974387893087,3.79131743878931,3.43408));
#3397=CARTESIAN_POINT('',(-0.78105,2.97307,3.43408));
#3398=CARTESIAN_POINT('',(0.,3.70151487757862,3.43408));
#3399=CARTESIAN_POINT('Origin',(0.127,3.70151487757862,3.43408));
#3400=CARTESIAN_POINT('',(0.,0.,3.43408));
#3401=CARTESIAN_POINT('Origin',(0.,0.,0.));
#3402=CARTESIAN_POINT('',(0.,3.70151487757862,0.976448514585189));
#3403=CARTESIAN_POINT('',(0.,3.70151487757862,0.42926));
#3404=CARTESIAN_POINT('',(0.,2.66788188884375,-0.746273133306252));
#3405=CARTESIAN_POINT('Origin',(0.127,2.66788188884375,-0.746273133306252));
#3406=CARTESIAN_POINT('Origin',(0.127,3.70151487757862,0.97644851458519));
#3407=CARTESIAN_POINT('Origin',(0.127,3.70151487757862,0.42926));
#3408=CARTESIAN_POINT('',(0.0371974387893087,3.79131743878931,0.42926));
#3409=CARTESIAN_POINT('Origin',(0.31496,4.06908,0.85852));
#3410=CARTESIAN_POINT('',(0.592722561210691,4.34684256121069,1.28778));
#3411=CARTESIAN_POINT('Origin',(0.682525122421383,4.25704,1.28778));
#3412=CARTESIAN_POINT('',(0.682525122421383,4.38404,0.8577539270969));
#3413=CARTESIAN_POINT('',(0.682525122421383,4.38404,1.28778));
#3414=CARTESIAN_POINT('Ctrl Pts',(0.682525122421383,4.38404,0.8577539270969));
#3415=CARTESIAN_POINT('Ctrl Pts',(0.667296950103418,4.38404,0.83621803927468));
#3416=CARTESIAN_POINT('Ctrl Pts',(0.650782770582524,4.38117709820481,0.812890971503165));
#3417=CARTESIAN_POINT('Ctrl Pts',(0.63502748553435,4.3748235917696,0.789952797310047));
#3418=CARTESIAN_POINT('Origin',(1.4559450106936,4.13004,0.8577539270969));
#3419=CARTESIAN_POINT('',(1.4559450106936,4.38404,0.8577539270969));
#3420=CARTESIAN_POINT('',(1.4559450106936,4.34784320313099,0.727072005218309));
#3421=CARTESIAN_POINT('Origin',(2.91189002138721,4.38404,1.71704));
#3422=CARTESIAN_POINT('',(4.56420195429325,4.38404,2.12693784915367));
#3423=CARTESIAN_POINT('Origin',(4.56420195429325,4.25704,2.12693784915367));
#3424=CARTESIAN_POINT('',(4.62787583417049,4.34684256121069,0.878627185288939));
#3425=CARTESIAN_POINT('',(4.65398482031827,4.34684256121069,2.12505716621019));
#3426=CARTESIAN_POINT('Ctrl Pts',(4.62787583417049,4.34684256121069,0.878627185288939));
#3427=CARTESIAN_POINT('Ctrl Pts',(4.62276912345851,4.35174290483982,0.868826641801108));
#3428=CARTESIAN_POINT('Ctrl Pts',(4.61706194445075,4.35642607631333,0.858660633989638));
#3429=CARTESIAN_POINT('Ctrl Pts',(4.61082430861874,4.36068867120804,0.848340490338113));
#3430=CARTESIAN_POINT('Origin',(5.00921091516473,3.60646182555141,0.882492884347863));
#3431=CARTESIAN_POINT('',(5.73304964467622,3.24191543878931,0.878832758692562));
#3432=CARTESIAN_POINT('',(5.18877664721476,3.78606694797279,0.878731518460913));
#3433=CARTESIAN_POINT('Ctrl Pts',(5.74705791865069,3.22430681570692,0.846512970392963));
#3434=CARTESIAN_POINT('Ctrl Pts',(5.74279820903546,3.23080484563691,0.85754591354415));
#3435=CARTESIAN_POINT('Ctrl Pts',(5.73804239916469,3.23670561026118,0.868415193080018));
#3436=CARTESIAN_POINT('Ctrl Pts',(5.73304964467622,3.24191543878931,0.878832758692562));
#3437=CARTESIAN_POINT('Origin',(5.68750084662794,3.15211287757862,2.99242579202193));
#3438=CARTESIAN_POINT('',(5.77728371265296,3.24191543878931,2.99054510907845));
#3439=CARTESIAN_POINT('',(5.81447299342925,3.15211287757862,2.98976610469674));
#3440=CARTESIAN_POINT('Origin',(5.82378004277442,0.,3.43408));
#3441=CARTESIAN_POINT('',(5.76975357476287,0.682525122421383,0.854883354380303));
#3442=CARTESIAN_POINT('',(5.81447299342925,0.682525122421383,2.98976610469674));
#3443=CARTESIAN_POINT('',(5.76975357476287,0.,0.854883354380303));
#3444=CARTESIAN_POINT('Origin',(5.49027502001683,0.31496,2.55204823395995));
#3445=CARTESIAN_POINT('',(5.77728371265296,0.592722561210692,2.99054510907845));
#3446=CARTESIAN_POINT('Origin',(5.68750084662794,0.682525122421383,2.99242579202193));
#3447=CARTESIAN_POINT('Ctrl Pts',(5.75986945249229,0.636792753440208,0.789841995880841));
#3448=CARTESIAN_POINT('Ctrl Pts',(5.7662035241443,0.652006956161273,0.811812980880768));
#3449=CARTESIAN_POINT('Ctrl Pts',(5.76932081178638,0.667913170362981,0.834223465655523));
#3450=CARTESIAN_POINT('Ctrl Pts',(5.76975357476287,0.682525122421383,0.854883354380302));
#3451=CARTESIAN_POINT('Origin',(5.51580928116026,0.,0.860202729030675));
#3452=CARTESIAN_POINT('Origin',(5.21563426648561,3.794379,2.55780113764432));
#3453=CARTESIAN_POINT('Origin',(0.,4.38404,0.7874));
#3454=UNCERTAINTY_MEASURE_WITH_UNIT(LENGTH_MEASURE(0.001),#3458,
'DISTANCE_ACCURACY_VALUE',
'Maximum model space distance between geometric entities at asserted c
onnectivities');
#3455=UNCERTAINTY_MEASURE_WITH_UNIT(LENGTH_MEASURE(0.001),#3458,
'DISTANCE_ACCURACY_VALUE',
'Maximum model space distance between geometric entities at asserted c
onnectivities');
#3456=(
GEOMETRIC_REPRESENTATION_CONTEXT(3)
GLOBAL_UNCERTAINTY_ASSIGNED_CONTEXT((#3454))
GLOBAL_UNIT_ASSIGNED_CONTEXT((#3458,#3460,#3461))
REPRESENTATION_CONTEXT('','3D')
);
#3457=(
GEOMETRIC_REPRESENTATION_CONTEXT(3)
GLOBAL_UNCERTAINTY_ASSIGNED_CONTEXT((#3455))
GLOBAL_UNIT_ASSIGNED_CONTEXT((#3458,#3460,#3461))
REPRESENTATION_CONTEXT('','3D')
);
#3458=(
LENGTH_UNIT()
NAMED_UNIT(*)
SI_UNIT(.CENTI.,.METRE.)
);
#3459=(
LENGTH_UNIT()
NAMED_UNIT(*)
SI_UNIT($,.METRE.)
);
#3460=(
NAMED_UNIT(*)
PLANE_ANGLE_UNIT()
SI_UNIT($,.RADIAN.)
);
#3461=(
NAMED_UNIT(*)
SI_UNIT($,.STERADIAN.)
SOLID_ANGLE_UNIT()
);
#3462=SHAPE_DEFINITION_REPRESENTATION(#3463,#3464);
#3463=PRODUCT_DEFINITION_SHAPE('',$,#3466);
#3464=SHAPE_REPRESENTATION('',(#1842),#3456);
#3465=PRODUCT_DEFINITION_CONTEXT('part definition',#3470,'design');
#3466=PRODUCT_DEFINITION('2026-07-26-15-44-18-443',
'MKE Packout Insert - Wide Bin Corner (UR-LL)',#3467,#3465);
#3467=PRODUCT_DEFINITION_FORMATION('',$,#3472);
#3468=PRODUCT_RELATED_PRODUCT_CATEGORY(
'MKE Packout Insert - Wide Bin Corner (UR-LL)',
'MKE Packout Insert - Wide Bin Corner (UR-LL)',(#3472));
#3469=APPLICATION_PROTOCOL_DEFINITION('international standard',
'automotive_design',2009,#3470);
#3470=APPLICATION_CONTEXT(
'Core Data for Automotive Mechanical Design Process');
#3471=PRODUCT_CONTEXT('part definition',#3470,'mechanical');
#3472=PRODUCT('2026-07-26-15-44-18-443',
'MKE Packout Insert - Wide Bin Corner (UR-LL)',$,(#3471));
#3473=PRESENTATION_STYLE_ASSIGNMENT((#3474));
#3474=SURFACE_STYLE_USAGE(.BOTH.,#3475);
#3475=SURFACE_SIDE_STYLE('',(#3476));
#3476=SURFACE_STYLE_FILL_AREA(#3477);
#3477=FILL_AREA_STYLE('Steel - Satin',(#3478));
#3478=FILL_AREA_STYLE_COLOUR('Steel - Satin',#3479);
#3479=COLOUR_RGB('Steel - Satin',0.627450980392157,0.627450980392157,0.627450980392157);
ENDSEC;
END-ISO-10303-21;
