ISO-10303-21;
HEADER;
/* Generated by software containing ST-Developer
 * from STEP Tools, Inc. (www.steptools.com) 
 */

FILE_DESCRIPTION(
/* description */ (''),
/* implementation_level */ '2;1');

FILE_NAME(
/* name */ 'lego-tray-middle-short.step',
/* time_stamp */ '2026-07-27T08:04:23-05:00',
/* author */ (''),
/* organization */ (''),
/* preprocessor_version */ 'ST-DEVELOPER v20.1',
/* originating_system */ 'Autodesk Translation Framework v15.8.0.0',
/* authorisation */ '');

FILE_SCHEMA (('AUTOMOTIVE_DESIGN { 1 0 10303 214 3 1 1 }'));
ENDSEC;

DATA;
#10=MECHANICAL_DESIGN_GEOMETRIC_PRESENTATION_REPRESENTATION('',(#33,#34,
#35),#3000);
#11=ITEM_DEFINED_TRANSFORMATION($,$,#1746,#1926);
#12=ITEM_DEFINED_TRANSFORMATION($,$,#1769,#1927);
#13=(
REPRESENTATION_RELATIONSHIP($,$,#3017,#3016)
REPRESENTATION_RELATIONSHIP_WITH_TRANSFORMATION(#11)
SHAPE_REPRESENTATION_RELATIONSHIP()
);
#14=(
REPRESENTATION_RELATIONSHIP($,$,#3018,#3016)
REPRESENTATION_RELATIONSHIP_WITH_TRANSFORMATION(#12)
SHAPE_REPRESENTATION_RELATIONSHIP()
);
#15=CONTEXT_DEPENDENT_SHAPE_REPRESENTATION(#13,#3014);
#16=CONTEXT_DEPENDENT_SHAPE_REPRESENTATION(#14,#3015);
#17=NEXT_ASSEMBLY_USAGE_OCCURRENCE('Component1:1','Component1:1',
'Component1:1',#3020,#3021,'Component1:1');
#18=NEXT_ASSEMBLY_USAGE_OCCURRENCE('Component2:1','Component2:1',
'Component2:1',#3020,#3022,'Component2:1');
#19=(
BOUNDED_SURFACE()
B_SPLINE_SURFACE(2,2,((#2918,#2919,#2920),(#2921,#2922,#2923),(#2924,#2925,
#2926)),.UNSPECIFIED.,.F.,.F.,.F.)
B_SPLINE_SURFACE_WITH_KNOTS((3,3),(3,3),(-1.5707963267949,0.),(-1.5707963267949,
0.),.UNSPECIFIED.)
GEOMETRIC_REPRESENTATION_ITEM()
RATIONAL_B_SPLINE_SURFACE(((1.,0.707106781186548,1.),(0.707106781186547,
0.499999999999999,0.707106781186547),(1.,0.707106781186548,1.)))
REPRESENTATION_ITEM('')
SURFACE()
);
#20=(
BOUNDED_SURFACE()
B_SPLINE_SURFACE(2,2,((#2937,#2938,#2939),(#2940,#2941,#2942),(#2943,#2944,
#2945)),.UNSPECIFIED.,.F.,.F.,.F.)
B_SPLINE_SURFACE_WITH_KNOTS((3,3),(3,3),(-1.5707963267949,0.),(0.,1.5707963267949),
 .UNSPECIFIED.)
GEOMETRIC_REPRESENTATION_ITEM()
RATIONAL_B_SPLINE_SURFACE(((1.,0.707106781186548,1.),(0.707106781186548,
0.5,0.707106781186548),(1.,0.707106781186548,1.)))
REPRESENTATION_ITEM('')
SURFACE()
);
#21=(
BOUNDED_SURFACE()
B_SPLINE_SURFACE(2,2,((#2954,#2955,#2956),(#2957,#2958,#2959),(#2960,#2961,
#2962)),.UNSPECIFIED.,.F.,.F.,.F.)
B_SPLINE_SURFACE_WITH_KNOTS((3,3),(3,3),(-1.5707963267949,0.),(1.5707963267949,
3.14159265358979),.UNSPECIFIED.)
GEOMETRIC_REPRESENTATION_ITEM()
RATIONAL_B_SPLINE_SURFACE(((1.,0.707106781186547,1.),(0.707106781186538,
0.499999999999993,0.707106781186538),(1.,0.707106781186547,1.)))
REPRESENTATION_ITEM('')
SURFACE()
);
#22=(
BOUNDED_SURFACE()
B_SPLINE_SURFACE(2,2,((#2971,#2972,#2973),(#2974,#2975,#2976),(#2977,#2978,
#2979)),.UNSPECIFIED.,.F.,.F.,.F.)
B_SPLINE_SURFACE_WITH_KNOTS((3,3),(3,3),(-1.5707963267949,0.),(-3.14159265358979,
-1.5707963267949),.UNSPECIFIED.)
GEOMETRIC_REPRESENTATION_ITEM()
RATIONAL_B_SPLINE_SURFACE(((1.,0.707106781186547,1.),(0.707106781186542,
0.499999999999996,0.707106781186542),(1.,0.707106781186547,1.)))
REPRESENTATION_ITEM('')
SURFACE()
);
#23=TOROIDAL_SURFACE('',#1871,0.125,0.065);
#24=TOROIDAL_SURFACE('',#1878,0.125,0.065);
#25=TOROIDAL_SURFACE('',#1884,0.125,0.065);
#26=TOROIDAL_SURFACE('',#1890,0.125,0.065);
#27=SHAPE_REPRESENTATION_RELATIONSHIP('SRR','None',#3017,#30);
#28=SHAPE_REPRESENTATION_RELATIONSHIP('SRR','None',#3018,#31);
#29=SHAPE_REPRESENTATION_RELATIONSHIP('SRR','None',#3016,#32);
#30=ADVANCED_BREP_SHAPE_REPRESENTATION('',(#36),#2998);
#31=ADVANCED_BREP_SHAPE_REPRESENTATION('',(#37),#2999);
#32=ADVANCED_BREP_SHAPE_REPRESENTATION('',(#38),#2997);
#33=STYLED_ITEM('',(#3036),#36);
#34=STYLED_ITEM('',(#3036),#37);
#35=STYLED_ITEM('',(#3036),#38);
#36=MANIFOLD_SOLID_BREP('Body1',#1719);
#37=MANIFOLD_SOLID_BREP('Body1',#1720);
#38=MANIFOLD_SOLID_BREP('Body1',#1721);
#39=CYLINDRICAL_SURFACE('',#1757,0.0625);
#40=CYLINDRICAL_SURFACE('',#1760,0.0625);
#41=CYLINDRICAL_SURFACE('',#1765,0.0625);
#42=CYLINDRICAL_SURFACE('',#1766,0.0625);
#43=CYLINDRICAL_SURFACE('',#1780,0.0625);
#44=CYLINDRICAL_SURFACE('',#1783,0.0625);
#45=CYLINDRICAL_SURFACE('',#1788,0.0625);
#46=CYLINDRICAL_SURFACE('',#1789,0.0625);
#47=CYLINDRICAL_SURFACE('',#1792,0.25);
#48=CYLINDRICAL_SURFACE('',#1802,0.25);
#49=CYLINDRICAL_SURFACE('',#1805,0.25);
#50=CYLINDRICAL_SURFACE('',#1807,0.25);
#51=CYLINDRICAL_SURFACE('',#1812,0.25);
#52=CYLINDRICAL_SURFACE('',#1816,0.25);
#53=CYLINDRICAL_SURFACE('',#1823,0.25);
#54=CYLINDRICAL_SURFACE('',#1825,0.25);
#55=CYLINDRICAL_SURFACE('',#1828,0.25);
#56=CYLINDRICAL_SURFACE('',#1836,0.25);
#57=CYLINDRICAL_SURFACE('',#1839,0.25);
#58=CYLINDRICAL_SURFACE('',#1841,0.25);
#59=CYLINDRICAL_SURFACE('',#1844,0.25);
#60=CYLINDRICAL_SURFACE('',#1848,0.25);
#61=CYLINDRICAL_SURFACE('',#1855,0.25);
#62=CYLINDRICAL_SURFACE('',#1857,0.25);
#63=CYLINDRICAL_SURFACE('',#1876,0.065);
#64=CYLINDRICAL_SURFACE('',#1882,0.065);
#65=CYLINDRICAL_SURFACE('',#1888,0.065);
#66=CYLINDRICAL_SURFACE('',#1894,0.065);
#67=CYLINDRICAL_SURFACE('',#1895,0.19);
#68=CYLINDRICAL_SURFACE('',#1897,0.19);
#69=CYLINDRICAL_SURFACE('',#1899,0.19);
#70=CYLINDRICAL_SURFACE('',#1900,0.19);
#71=CYLINDRICAL_SURFACE('',#1905,0.125);
#72=CYLINDRICAL_SURFACE('',#1910,0.125);
#73=CYLINDRICAL_SURFACE('',#1915,0.125);
#74=CYLINDRICAL_SURFACE('',#1920,0.125);
#75=CYLINDRICAL_SURFACE('',#1921,0.25);
#76=CYLINDRICAL_SURFACE('',#1922,0.25);
#77=CYLINDRICAL_SURFACE('',#1924,0.25);
#78=CYLINDRICAL_SURFACE('',#1925,0.25);
#79=CIRCLE('',#1753,0.0625);
#80=CIRCLE('',#1754,0.0625);
#81=CIRCLE('',#1755,0.0625);
#82=CIRCLE('',#1756,0.0625);
#83=CIRCLE('',#1758,0.0625);
#84=CIRCLE('',#1761,0.0625);
#85=CIRCLE('',#1763,0.0625);
#86=CIRCLE('',#1764,0.0625);
#87=CIRCLE('',#1776,0.0625);
#88=CIRCLE('',#1777,0.0625);
#89=CIRCLE('',#1778,0.0625);
#90=CIRCLE('',#1779,0.0625);
#91=CIRCLE('',#1781,0.0625);
#92=CIRCLE('',#1784,0.0625);
#93=CIRCLE('',#1786,0.0625);
#94=CIRCLE('',#1787,0.0625);
#95=CIRCLE('',#1793,0.25);
#96=CIRCLE('',#1794,0.25);
#97=CIRCLE('',#1796,0.19);
#98=CIRCLE('',#1797,0.25);
#99=CIRCLE('',#1799,0.25);
#100=CIRCLE('',#1800,0.25);
#101=CIRCLE('',#1801,0.25);
#102=CIRCLE('',#1803,0.25);
#103=CIRCLE('',#1806,0.25);
#104=CIRCLE('',#1808,0.25);
#105=CIRCLE('',#1810,0.25);
#106=CIRCLE('',#1811,0.19);
#107=CIRCLE('',#1813,0.25);
#108=CIRCLE('',#1814,0.25);
#109=CIRCLE('',#1817,0.25);
#110=CIRCLE('',#1818,0.25);
#111=CIRCLE('',#1821,0.25);
#112=CIRCLE('',#1822,0.25);
#113=CIRCLE('',#1824,0.25);
#114=CIRCLE('',#1826,0.25);
#115=CIRCLE('',#1829,0.25);
#116=CIRCLE('',#1830,0.25);
#117=CIRCLE('',#1833,0.25);
#118=CIRCLE('',#1834,0.25);
#119=CIRCLE('',#1835,0.25);
#120=CIRCLE('',#1837,0.25);
#121=CIRCLE('',#1840,0.25);
#122=CIRCLE('',#1842,0.25);
#123=CIRCLE('',#1845,0.25);
#124=CIRCLE('',#1846,0.25);
#125=CIRCLE('',#1849,0.25);
#126=CIRCLE('',#1850,0.25);
#127=CIRCLE('',#1853,0.25);
#128=CIRCLE('',#1854,0.25);
#129=CIRCLE('',#1856,0.25);
#130=CIRCLE('',#1858,0.25);
#131=CIRCLE('',#1865,0.25);
#132=CIRCLE('',#1866,0.19);
#133=CIRCLE('',#1868,0.25);
#134=CIRCLE('',#1869,0.19);
#135=CIRCLE('',#1872,0.0649999999999996);
#136=CIRCLE('',#1873,0.19);
#137=CIRCLE('',#1874,0.065);
#138=CIRCLE('',#1875,0.125);
#139=CIRCLE('',#1877,0.065);
#140=CIRCLE('',#1879,0.065);
#141=CIRCLE('',#1880,0.125);
#142=CIRCLE('',#1881,0.19);
#143=CIRCLE('',#1883,0.065);
#144=CIRCLE('',#1885,0.065);
#145=CIRCLE('',#1886,0.125);
#146=CIRCLE('',#1887,0.19);
#147=CIRCLE('',#1889,0.065);
#148=CIRCLE('',#1891,0.065);
#149=CIRCLE('',#1892,0.125);
#150=CIRCLE('',#1893,0.19);
#151=CIRCLE('',#1901,0.125);
#152=CIRCLE('',#1902,0.125);
#153=CIRCLE('',#1903,0.125);
#154=CIRCLE('',#1904,0.25);
#155=CIRCLE('',#1906,0.125);
#156=CIRCLE('',#1907,0.125);
#157=CIRCLE('',#1908,0.25);
#158=CIRCLE('',#1909,0.125);
#159=CIRCLE('',#1911,0.125);
#160=CIRCLE('',#1912,0.125);
#161=CIRCLE('',#1913,0.25);
#162=CIRCLE('',#1914,0.125);
#163=CIRCLE('',#1916,0.125);
#164=CIRCLE('',#1917,0.125);
#165=CIRCLE('',#1918,0.25);
#166=CIRCLE('',#1919,0.125);
#167=FACE_OUTER_BOUND('',#261,.T.);
#168=FACE_OUTER_BOUND('',#262,.T.);
#169=FACE_OUTER_BOUND('',#263,.T.);
#170=FACE_OUTER_BOUND('',#264,.T.);
#171=FACE_OUTER_BOUND('',#265,.T.);
#172=FACE_OUTER_BOUND('',#266,.T.);
#173=FACE_OUTER_BOUND('',#267,.T.);
#174=FACE_OUTER_BOUND('',#268,.T.);
#175=FACE_OUTER_BOUND('',#269,.T.);
#176=FACE_OUTER_BOUND('',#270,.T.);
#177=FACE_OUTER_BOUND('',#271,.T.);
#178=FACE_OUTER_BOUND('',#272,.T.);
#179=FACE_OUTER_BOUND('',#273,.T.);
#180=FACE_OUTER_BOUND('',#274,.T.);
#181=FACE_OUTER_BOUND('',#275,.T.);
#182=FACE_OUTER_BOUND('',#276,.T.);
#183=FACE_OUTER_BOUND('',#277,.T.);
#184=FACE_OUTER_BOUND('',#278,.T.);
#185=FACE_OUTER_BOUND('',#279,.T.);
#186=FACE_OUTER_BOUND('',#280,.T.);
#187=FACE_OUTER_BOUND('',#281,.T.);
#188=FACE_OUTER_BOUND('',#282,.T.);
#189=FACE_OUTER_BOUND('',#283,.T.);
#190=FACE_OUTER_BOUND('',#284,.T.);
#191=FACE_OUTER_BOUND('',#285,.T.);
#192=FACE_OUTER_BOUND('',#286,.T.);
#193=FACE_OUTER_BOUND('',#287,.T.);
#194=FACE_OUTER_BOUND('',#288,.T.);
#195=FACE_OUTER_BOUND('',#289,.T.);
#196=FACE_OUTER_BOUND('',#290,.T.);
#197=FACE_OUTER_BOUND('',#291,.T.);
#198=FACE_OUTER_BOUND('',#292,.T.);
#199=FACE_OUTER_BOUND('',#293,.T.);
#200=FACE_OUTER_BOUND('',#294,.T.);
#201=FACE_OUTER_BOUND('',#295,.T.);
#202=FACE_OUTER_BOUND('',#296,.T.);
#203=FACE_OUTER_BOUND('',#297,.T.);
#204=FACE_OUTER_BOUND('',#298,.T.);
#205=FACE_OUTER_BOUND('',#299,.T.);
#206=FACE_OUTER_BOUND('',#300,.T.);
#207=FACE_OUTER_BOUND('',#301,.T.);
#208=FACE_OUTER_BOUND('',#302,.T.);
#209=FACE_OUTER_BOUND('',#303,.T.);
#210=FACE_OUTER_BOUND('',#304,.T.);
#211=FACE_OUTER_BOUND('',#305,.T.);
#212=FACE_OUTER_BOUND('',#306,.T.);
#213=FACE_OUTER_BOUND('',#307,.T.);
#214=FACE_OUTER_BOUND('',#308,.T.);
#215=FACE_OUTER_BOUND('',#309,.T.);
#216=FACE_OUTER_BOUND('',#310,.T.);
#217=FACE_OUTER_BOUND('',#311,.T.);
#218=FACE_OUTER_BOUND('',#312,.T.);
#219=FACE_OUTER_BOUND('',#313,.T.);
#220=FACE_OUTER_BOUND('',#314,.T.);
#221=FACE_OUTER_BOUND('',#315,.T.);
#222=FACE_OUTER_BOUND('',#316,.T.);
#223=FACE_OUTER_BOUND('',#317,.T.);
#224=FACE_OUTER_BOUND('',#318,.T.);
#225=FACE_OUTER_BOUND('',#319,.T.);
#226=FACE_OUTER_BOUND('',#320,.T.);
#227=FACE_OUTER_BOUND('',#321,.T.);
#228=FACE_OUTER_BOUND('',#322,.T.);
#229=FACE_OUTER_BOUND('',#323,.T.);
#230=FACE_OUTER_BOUND('',#324,.T.);
#231=FACE_OUTER_BOUND('',#325,.T.);
#232=FACE_OUTER_BOUND('',#326,.T.);
#233=FACE_OUTER_BOUND('',#327,.T.);
#234=FACE_OUTER_BOUND('',#328,.T.);
#235=FACE_OUTER_BOUND('',#329,.T.);
#236=FACE_OUTER_BOUND('',#330,.T.);
#237=FACE_OUTER_BOUND('',#331,.T.);
#238=FACE_OUTER_BOUND('',#332,.T.);
#239=FACE_OUTER_BOUND('',#333,.T.);
#240=FACE_OUTER_BOUND('',#334,.T.);
#241=FACE_OUTER_BOUND('',#335,.T.);
#242=FACE_OUTER_BOUND('',#336,.T.);
#243=FACE_OUTER_BOUND('',#337,.T.);
#244=FACE_OUTER_BOUND('',#338,.T.);
#245=FACE_OUTER_BOUND('',#339,.T.);
#246=FACE_OUTER_BOUND('',#340,.T.);
#247=FACE_OUTER_BOUND('',#341,.T.);
#248=FACE_OUTER_BOUND('',#342,.T.);
#249=FACE_OUTER_BOUND('',#343,.T.);
#250=FACE_OUTER_BOUND('',#344,.T.);
#251=FACE_OUTER_BOUND('',#345,.T.);
#252=FACE_OUTER_BOUND('',#346,.T.);
#253=FACE_OUTER_BOUND('',#347,.T.);
#254=FACE_OUTER_BOUND('',#348,.T.);
#255=FACE_OUTER_BOUND('',#349,.T.);
#256=FACE_OUTER_BOUND('',#350,.T.);
#257=FACE_OUTER_BOUND('',#351,.T.);
#258=FACE_OUTER_BOUND('',#352,.T.);
#259=FACE_OUTER_BOUND('',#353,.T.);
#260=FACE_OUTER_BOUND('',#354,.T.);
#261=EDGE_LOOP('',(#1083,#1084,#1085,#1086));
#262=EDGE_LOOP('',(#1087,#1088,#1089,#1090));
#263=EDGE_LOOP('',(#1091,#1092,#1093,#1094));
#264=EDGE_LOOP('',(#1095,#1096,#1097,#1098));
#265=EDGE_LOOP('',(#1099,#1100,#1101,#1102));
#266=EDGE_LOOP('',(#1103,#1104,#1105,#1106,#1107,#1108,#1109,#1110,#1111,
#1112,#1113,#1114));
#267=EDGE_LOOP('',(#1115,#1116,#1117,#1118));
#268=EDGE_LOOP('',(#1119,#1120,#1121,#1122));
#269=EDGE_LOOP('',(#1123,#1124,#1125,#1126));
#270=EDGE_LOOP('',(#1127,#1128,#1129,#1130,#1131,#1132,#1133,#1134,#1135,
#1136,#1137,#1138));
#271=EDGE_LOOP('',(#1139,#1140,#1141,#1142));
#272=EDGE_LOOP('',(#1143,#1144,#1145,#1146));
#273=EDGE_LOOP('',(#1147,#1148,#1149,#1150));
#274=EDGE_LOOP('',(#1151,#1152,#1153,#1154));
#275=EDGE_LOOP('',(#1155,#1156,#1157,#1158));
#276=EDGE_LOOP('',(#1159,#1160,#1161,#1162));
#277=EDGE_LOOP('',(#1163,#1164,#1165,#1166));
#278=EDGE_LOOP('',(#1167,#1168,#1169,#1170));
#279=EDGE_LOOP('',(#1171,#1172,#1173,#1174));
#280=EDGE_LOOP('',(#1175,#1176,#1177,#1178,#1179,#1180,#1181,#1182,#1183,
#1184,#1185,#1186));
#281=EDGE_LOOP('',(#1187,#1188,#1189,#1190));
#282=EDGE_LOOP('',(#1191,#1192,#1193,#1194));
#283=EDGE_LOOP('',(#1195,#1196,#1197,#1198));
#284=EDGE_LOOP('',(#1199,#1200,#1201,#1202,#1203,#1204,#1205,#1206,#1207,
#1208,#1209,#1210));
#285=EDGE_LOOP('',(#1211,#1212,#1213,#1214));
#286=EDGE_LOOP('',(#1215,#1216,#1217,#1218));
#287=EDGE_LOOP('',(#1219,#1220,#1221,#1222));
#288=EDGE_LOOP('',(#1223,#1224,#1225,#1226));
#289=EDGE_LOOP('',(#1227,#1228,#1229,#1230));
#290=EDGE_LOOP('',(#1231,#1232,#1233,#1234,#1235,#1236,#1237,#1238));
#291=EDGE_LOOP('',(#1239,#1240,#1241,#1242,#1243,#1244,#1245,#1246,#1247,
#1248,#1249,#1250));
#292=EDGE_LOOP('',(#1251,#1252,#1253,#1254));
#293=EDGE_LOOP('',(#1255,#1256,#1257,#1258));
#294=EDGE_LOOP('',(#1259,#1260,#1261,#1262));
#295=EDGE_LOOP('',(#1263,#1264,#1265,#1266));
#296=EDGE_LOOP('',(#1267,#1268,#1269,#1270,#1271,#1272,#1273,#1274));
#297=EDGE_LOOP('',(#1275,#1276,#1277,#1278));
#298=EDGE_LOOP('',(#1279,#1280,#1281,#1282));
#299=EDGE_LOOP('',(#1283,#1284,#1285,#1286));
#300=EDGE_LOOP('',(#1287,#1288,#1289,#1290));
#301=EDGE_LOOP('',(#1291,#1292,#1293,#1294,#1295,#1296,#1297,#1298,#1299,
#1300,#1301,#1302));
#302=EDGE_LOOP('',(#1303,#1304,#1305,#1306));
#303=EDGE_LOOP('',(#1307,#1308,#1309,#1310));
#304=EDGE_LOOP('',(#1311,#1312,#1313,#1314));
#305=EDGE_LOOP('',(#1315,#1316,#1317,#1318));
#306=EDGE_LOOP('',(#1319,#1320,#1321,#1322));
#307=EDGE_LOOP('',(#1323,#1324,#1325,#1326,#1327,#1328,#1329,#1330,#1331,
#1332,#1333,#1334));
#308=EDGE_LOOP('',(#1335,#1336,#1337,#1338));
#309=EDGE_LOOP('',(#1339,#1340,#1341,#1342));
#310=EDGE_LOOP('',(#1343,#1344,#1345,#1346));
#311=EDGE_LOOP('',(#1347,#1348,#1349,#1350));
#312=EDGE_LOOP('',(#1351,#1352,#1353,#1354));
#313=EDGE_LOOP('',(#1355,#1356,#1357,#1358));
#314=EDGE_LOOP('',(#1359,#1360,#1361,#1362));
#315=EDGE_LOOP('',(#1363,#1364,#1365,#1366));
#316=EDGE_LOOP('',(#1367,#1368,#1369,#1370));
#317=EDGE_LOOP('',(#1371,#1372,#1373,#1374,#1375,#1376,#1377,#1378,#1379,
#1380,#1381,#1382));
#318=EDGE_LOOP('',(#1383,#1384,#1385,#1386));
#319=EDGE_LOOP('',(#1387,#1388,#1389,#1390));
#320=EDGE_LOOP('',(#1391,#1392,#1393,#1394));
#321=EDGE_LOOP('',(#1395,#1396,#1397,#1398));
#322=EDGE_LOOP('',(#1399,#1400,#1401,#1402));
#323=EDGE_LOOP('',(#1403,#1404,#1405,#1406,#1407,#1408,#1409,#1410,#1411,
#1412,#1413,#1414));
#324=EDGE_LOOP('',(#1415,#1416,#1417,#1418,#1419,#1420,#1421,#1422,#1423,
#1424,#1425,#1426));
#325=EDGE_LOOP('',(#1427,#1428,#1429,#1430,#1431,#1432,#1433,#1434));
#326=EDGE_LOOP('',(#1435,#1436,#1437,#1438,#1439,#1440,#1441,#1442));
#327=EDGE_LOOP('',(#1443,#1444,#1445,#1446,#1447,#1448,#1449,#1450,#1451,
#1452,#1453,#1454));
#328=EDGE_LOOP('',(#1455,#1456,#1457,#1458));
#329=EDGE_LOOP('',(#1459,#1460,#1461,#1462));
#330=EDGE_LOOP('',(#1463,#1464,#1465,#1466));
#331=EDGE_LOOP('',(#1467,#1468,#1469,#1470));
#332=EDGE_LOOP('',(#1471,#1472,#1473,#1474));
#333=EDGE_LOOP('',(#1475,#1476,#1477,#1478));
#334=EDGE_LOOP('',(#1479,#1480,#1481,#1482));
#335=EDGE_LOOP('',(#1483,#1484,#1485,#1486));
#336=EDGE_LOOP('',(#1487,#1488,#1489,#1490));
#337=EDGE_LOOP('',(#1491,#1492,#1493,#1494,#1495,#1496,#1497,#1498,#1499,
#1500,#1501,#1502));
#338=EDGE_LOOP('',(#1503,#1504,#1505,#1506));
#339=EDGE_LOOP('',(#1507,#1508,#1509,#1510,#1511,#1512,#1513,#1514));
#340=EDGE_LOOP('',(#1515,#1516,#1517,#1518));
#341=EDGE_LOOP('',(#1519,#1520,#1521,#1522));
#342=EDGE_LOOP('',(#1523,#1524,#1525,#1526));
#343=EDGE_LOOP('',(#1527,#1528,#1529,#1530));
#344=EDGE_LOOP('',(#1531,#1532,#1533,#1534));
#345=EDGE_LOOP('',(#1535,#1536,#1537,#1538));
#346=EDGE_LOOP('',(#1539,#1540,#1541,#1542));
#347=EDGE_LOOP('',(#1543,#1544,#1545,#1546));
#348=EDGE_LOOP('',(#1547,#1548,#1549,#1550));
#349=EDGE_LOOP('',(#1551,#1552,#1553,#1554));
#350=EDGE_LOOP('',(#1555,#1556,#1557,#1558));
#351=EDGE_LOOP('',(#1559,#1560,#1561,#1562));
#352=EDGE_LOOP('',(#1563,#1564,#1565,#1566,#1567,#1568,#1569,#1570));
#353=EDGE_LOOP('',(#1571,#1572,#1573,#1574));
#354=EDGE_LOOP('',(#1575,#1576,#1577,#1578));
#355=LINE('',#2459,#515);
#356=LINE('',#2461,#516);
#357=LINE('',#2463,#517);
#358=LINE('',#2464,#518);
#359=LINE('',#2468,#519);
#360=LINE('',#2470,#520);
#361=LINE('',#2472,#521);
#362=LINE('',#2473,#522);
#363=LINE('',#2475,#523);
#364=LINE('',#2476,#524);
#365=LINE('',#2479,#525);
#366=LINE('',#2481,#526);
#367=LINE('',#2482,#527);
#368=LINE('',#2485,#528);
#369=LINE('',#2487,#529);
#370=LINE('',#2488,#530);
#371=LINE('',#2493,#531);
#372=LINE('',#2497,#532);
#373=LINE('',#2501,#533);
#374=LINE('',#2505,#534);
#375=LINE('',#2508,#535);
#376=LINE('',#2511,#536);
#377=LINE('',#2512,#537);
#378=LINE('',#2516,#538);
#379=LINE('',#2520,#539);
#380=LINE('',#2523,#540);
#381=LINE('',#2525,#541);
#382=LINE('',#2527,#542);
#383=LINE('',#2534,#543);
#384=LINE('',#2536,#544);
#385=LINE('',#2538,#545);
#386=LINE('',#2539,#546);
#387=LINE('',#2543,#547);
#388=LINE('',#2545,#548);
#389=LINE('',#2547,#549);
#390=LINE('',#2548,#550);
#391=LINE('',#2550,#551);
#392=LINE('',#2551,#552);
#393=LINE('',#2554,#553);
#394=LINE('',#2556,#554);
#395=LINE('',#2557,#555);
#396=LINE('',#2560,#556);
#397=LINE('',#2562,#557);
#398=LINE('',#2563,#558);
#399=LINE('',#2568,#559);
#400=LINE('',#2572,#560);
#401=LINE('',#2576,#561);
#402=LINE('',#2580,#562);
#403=LINE('',#2583,#563);
#404=LINE('',#2586,#564);
#405=LINE('',#2587,#565);
#406=LINE('',#2591,#566);
#407=LINE('',#2595,#567);
#408=LINE('',#2598,#568);
#409=LINE('',#2600,#569);
#410=LINE('',#2602,#570);
#411=LINE('',#2610,#571);
#412=LINE('',#2613,#572);
#413=LINE('',#2616,#573);
#414=LINE('',#2620,#574);
#415=LINE('',#2622,#575);
#416=LINE('',#2624,#576);
#417=LINE('',#2627,#577);
#418=LINE('',#2630,#578);
#419=LINE('',#2634,#579);
#420=LINE('',#2638,#580);
#421=LINE('',#2642,#581);
#422=LINE('',#2644,#582);
#423=LINE('',#2646,#583);
#424=LINE('',#2647,#584);
#425=LINE('',#2652,#585);
#426=LINE('',#2653,#586);
#427=LINE('',#2656,#587);
#428=LINE('',#2657,#588);
#429=LINE('',#2661,#589);
#430=LINE('',#2666,#590);
#431=LINE('',#2667,#591);
#432=LINE('',#2670,#592);
#433=LINE('',#2674,#593);
#434=LINE('',#2676,#594);
#435=LINE('',#2678,#595);
#436=LINE('',#2685,#596);
#437=LINE('',#2688,#597);
#438=LINE('',#2691,#598);
#439=LINE('',#2693,#599);
#440=LINE('',#2694,#600);
#441=LINE('',#2700,#601);
#442=LINE('',#2702,#602);
#443=LINE('',#2703,#603);
#444=LINE('',#2706,#604);
#445=LINE('',#2708,#605);
#446=LINE('',#2710,#606);
#447=LINE('',#2712,#607);
#448=LINE('',#2716,#608);
#449=LINE('',#2721,#609);
#450=LINE('',#2724,#610);
#451=LINE('',#2727,#611);
#452=LINE('',#2729,#612);
#453=LINE('',#2735,#613);
#454=LINE('',#2738,#614);
#455=LINE('',#2741,#615);
#456=LINE('',#2743,#616);
#457=LINE('',#2744,#617);
#458=LINE('',#2747,#618);
#459=LINE('',#2749,#619);
#460=LINE('',#2751,#620);
#461=LINE('',#2753,#621);
#462=LINE('',#2755,#622);
#463=LINE('',#2759,#623);
#464=LINE('',#2763,#624);
#465=LINE('',#2767,#625);
#466=LINE('',#2771,#626);
#467=LINE('',#2772,#627);
#468=LINE('',#2776,#628);
#469=LINE('',#2779,#629);
#470=LINE('',#2782,#630);
#471=LINE('',#2784,#631);
#472=LINE('',#2790,#632);
#473=LINE('',#2793,#633);
#474=LINE('',#2796,#634);
#475=LINE('',#2798,#635);
#476=LINE('',#2799,#636);
#477=LINE('',#2805,#637);
#478=LINE('',#2808,#638);
#479=LINE('',#2811,#639);
#480=LINE('',#2813,#640);
#481=LINE('',#2814,#641);
#482=LINE('',#2817,#642);
#483=LINE('',#2819,#643);
#484=LINE('',#2821,#644);
#485=LINE('',#2822,#645);
#486=LINE('',#2825,#646);
#487=LINE('',#2832,#647);
#488=LINE('',#2834,#648);
#489=LINE('',#2836,#649);
#490=LINE('',#2838,#650);
#491=LINE('',#2841,#651);
#492=LINE('',#2843,#652);
#493=LINE('',#2845,#653);
#494=LINE('',#2846,#654);
#495=LINE('',#2849,#655);
#496=LINE('',#2851,#656);
#497=LINE('',#2853,#657);
#498=LINE('',#2855,#658);
#499=LINE('',#2856,#659);
#500=LINE('',#2863,#660);
#501=LINE('',#2867,#661);
#502=LINE('',#2869,#662);
#503=LINE('',#2870,#663);
#504=LINE('',#2882,#664);
#505=LINE('',#2891,#665);
#506=LINE('',#2900,#666);
#507=LINE('',#2908,#667);
#508=LINE('',#2909,#668);
#509=LINE('',#2911,#669);
#510=LINE('',#2913,#670);
#511=LINE('',#2936,#671);
#512=LINE('',#2953,#672);
#513=LINE('',#2970,#673);
#514=LINE('',#2985,#674);
#515=VECTOR('',#1934,0.393700787401575);
#516=VECTOR('',#1935,0.393700787401575);
#517=VECTOR('',#1936,0.393700787401575);
#518=VECTOR('',#1937,0.393700787401575);
#519=VECTOR('',#1940,0.393700787401575);
#520=VECTOR('',#1941,0.393700787401575);
#521=VECTOR('',#1942,0.393700787401575);
#522=VECTOR('',#1943,0.393700787401575);
#523=VECTOR('',#1946,0.393700787401575);
#524=VECTOR('',#1947,0.393700787401575);
#525=VECTOR('',#1950,0.393700787401575);
#526=VECTOR('',#1951,0.393700787401575);
#527=VECTOR('',#1952,0.393700787401575);
#528=VECTOR('',#1955,0.393700787401575);
#529=VECTOR('',#1956,0.393700787401575);
#530=VECTOR('',#1957,0.393700787401575);
#531=VECTOR('',#1962,0.393700787401575);
#532=VECTOR('',#1965,0.393700787401575);
#533=VECTOR('',#1968,0.393700787401575);
#534=VECTOR('',#1973,0.393700787401575);
#535=VECTOR('',#1976,0.393700787401575);
#536=VECTOR('',#1979,0.393700787401575);
#537=VECTOR('',#1980,0.393700787401575);
#538=VECTOR('',#1985,0.393700787401575);
#539=VECTOR('',#1990,0.393700787401575);
#540=VECTOR('',#1993,0.393700787401575);
#541=VECTOR('',#1996,0.393700787401575);
#542=VECTOR('',#1999,0.393700787401575);
#543=VECTOR('',#2008,0.393700787401575);
#544=VECTOR('',#2009,0.393700787401575);
#545=VECTOR('',#2010,0.393700787401575);
#546=VECTOR('',#2011,0.393700787401575);
#547=VECTOR('',#2014,0.393700787401575);
#548=VECTOR('',#2015,0.393700787401575);
#549=VECTOR('',#2016,0.393700787401575);
#550=VECTOR('',#2017,0.393700787401575);
#551=VECTOR('',#2020,0.393700787401575);
#552=VECTOR('',#2021,0.393700787401575);
#553=VECTOR('',#2024,0.393700787401575);
#554=VECTOR('',#2025,0.393700787401575);
#555=VECTOR('',#2026,0.393700787401575);
#556=VECTOR('',#2029,0.393700787401575);
#557=VECTOR('',#2030,0.393700787401575);
#558=VECTOR('',#2031,0.393700787401575);
#559=VECTOR('',#2036,0.393700787401575);
#560=VECTOR('',#2039,0.393700787401575);
#561=VECTOR('',#2042,0.393700787401575);
#562=VECTOR('',#2047,0.393700787401575);
#563=VECTOR('',#2050,0.393700787401575);
#564=VECTOR('',#2053,0.393700787401575);
#565=VECTOR('',#2054,0.393700787401575);
#566=VECTOR('',#2059,0.393700787401575);
#567=VECTOR('',#2064,0.393700787401575);
#568=VECTOR('',#2067,0.393700787401575);
#569=VECTOR('',#2070,0.393700787401575);
#570=VECTOR('',#2073,0.393700787401575);
#571=VECTOR('',#2082,0.393700787401575);
#572=VECTOR('',#2085,0.393700787401575);
#573=VECTOR('',#2088,0.393700787401575);
#574=VECTOR('',#2091,0.393700787401575);
#575=VECTOR('',#2092,0.393700787401575);
#576=VECTOR('',#2093,0.393700787401575);
#577=VECTOR('',#2096,0.393700787401575);
#578=VECTOR('',#2099,0.393700787401575);
#579=VECTOR('',#2102,0.393700787401575);
#580=VECTOR('',#2105,0.393700787401575);
#581=VECTOR('',#2108,0.393700787401575);
#582=VECTOR('',#2109,0.393700787401575);
#583=VECTOR('',#2110,0.393700787401575);
#584=VECTOR('',#2111,0.393700787401575);
#585=VECTOR('',#2116,0.393700787401575);
#586=VECTOR('',#2117,0.393700787401575);
#587=VECTOR('',#2120,0.393700787401575);
#588=VECTOR('',#2121,0.393700787401575);
#589=VECTOR('',#2126,0.393700787401575);
#590=VECTOR('',#2131,0.393700787401575);
#591=VECTOR('',#2132,0.393700787401575);
#592=VECTOR('',#2135,0.393700787401575);
#593=VECTOR('',#2138,0.393700787401575);
#594=VECTOR('',#2139,0.393700787401575);
#595=VECTOR('',#2140,0.393700787401575);
#596=VECTOR('',#2147,0.393700787401575);
#597=VECTOR('',#2150,0.393700787401575);
#598=VECTOR('',#2153,0.393700787401575);
#599=VECTOR('',#2154,0.393700787401575);
#600=VECTOR('',#2155,0.393700787401575);
#601=VECTOR('',#2162,0.393700787401575);
#602=VECTOR('',#2165,0.393700787401575);
#603=VECTOR('',#2166,0.393700787401575);
#604=VECTOR('',#2169,0.393700787401575);
#605=VECTOR('',#2170,0.393700787401575);
#606=VECTOR('',#2171,0.393700787401575);
#607=VECTOR('',#2172,0.393700787401575);
#608=VECTOR('',#2175,0.393700787401575);
#609=VECTOR('',#2182,0.393700787401575);
#610=VECTOR('',#2185,0.393700787401575);
#611=VECTOR('',#2188,0.393700787401575);
#612=VECTOR('',#2191,0.393700787401575);
#613=VECTOR('',#2196,0.393700787401575);
#614=VECTOR('',#2199,0.393700787401575);
#615=VECTOR('',#2202,0.393700787401575);
#616=VECTOR('',#2203,0.393700787401575);
#617=VECTOR('',#2204,0.393700787401575);
#618=VECTOR('',#2207,0.393700787401575);
#619=VECTOR('',#2208,0.393700787401575);
#620=VECTOR('',#2209,0.393700787401575);
#621=VECTOR('',#2210,0.393700787401575);
#622=VECTOR('',#2211,0.393700787401575);
#623=VECTOR('',#2214,0.393700787401575);
#624=VECTOR('',#2217,0.393700787401575);
#625=VECTOR('',#2222,0.393700787401575);
#626=VECTOR('',#2227,0.393700787401575);
#627=VECTOR('',#2228,0.393700787401575);
#628=VECTOR('',#2233,0.393700787401575);
#629=VECTOR('',#2236,0.393700787401575);
#630=VECTOR('',#2239,0.393700787401575);
#631=VECTOR('',#2242,0.393700787401575);
#632=VECTOR('',#2247,0.393700787401575);
#633=VECTOR('',#2250,0.393700787401575);
#634=VECTOR('',#2253,0.393700787401575);
#635=VECTOR('',#2254,0.393700787401575);
#636=VECTOR('',#2255,0.393700787401575);
#637=VECTOR('',#2260,0.393700787401575);
#638=VECTOR('',#2263,0.393700787401575);
#639=VECTOR('',#2266,0.393700787401575);
#640=VECTOR('',#2267,0.393700787401575);
#641=VECTOR('',#2268,0.393700787401575);
#642=VECTOR('',#2271,0.393700787401575);
#643=VECTOR('',#2272,0.393700787401575);
#644=VECTOR('',#2273,0.393700787401575);
#645=VECTOR('',#2274,0.393700787401575);
#646=VECTOR('',#2277,0.393700787401575);
#647=VECTOR('',#2288,0.393700787401575);
#648=VECTOR('',#2291,0.393700787401575);
#649=VECTOR('',#2294,0.393700787401575);
#650=VECTOR('',#2297,0.393700787401575);
#651=VECTOR('',#2300,0.393700787401575);
#652=VECTOR('',#2301,0.393700787401575);
#653=VECTOR('',#2302,0.393700787401575);
#654=VECTOR('',#2303,0.393700787401575);
#655=VECTOR('',#2306,0.393700787401575);
#656=VECTOR('',#2307,0.393700787401575);
#657=VECTOR('',#2308,0.393700787401575);
#658=VECTOR('',#2309,0.393700787401575);
#659=VECTOR('',#2310,0.393700787401575);
#660=VECTOR('',#2321,0.393700787401575);
#661=VECTOR('',#2326,0.393700787401575);
#662=VECTOR('',#2327,0.393700787401575);
#663=VECTOR('',#2328,0.393700787401575);
#664=VECTOR('',#2343,0.393700787401575);
#665=VECTOR('',#2356,0.393700787401575);
#666=VECTOR('',#2369,0.393700787401575);
#667=VECTOR('',#2380,0.393700787401575);
#668=VECTOR('',#2381,0.393700787401575);
#669=VECTOR('',#2384,0.393700787401575);
#670=VECTOR('',#2387,0.393700787401575);
#671=VECTOR('',#2408,0.393700787401575);
#672=VECTOR('',#2419,0.393700787401575);
#673=VECTOR('',#2430,0.393700787401575);
#674=VECTOR('',#2439,0.393700787401575);
#675=VERTEX_POINT('',#2457);
#676=VERTEX_POINT('',#2458);
#677=VERTEX_POINT('',#2460);
#678=VERTEX_POINT('',#2462);
#679=VERTEX_POINT('',#2466);
#680=VERTEX_POINT('',#2467);
#681=VERTEX_POINT('',#2469);
#682=VERTEX_POINT('',#2471);
#683=VERTEX_POINT('',#2478);
#684=VERTEX_POINT('',#2480);
#685=VERTEX_POINT('',#2484);
#686=VERTEX_POINT('',#2486);
#687=VERTEX_POINT('',#2490);
#688=VERTEX_POINT('',#2492);
#689=VERTEX_POINT('',#2494);
#690=VERTEX_POINT('',#2496);
#691=VERTEX_POINT('',#2498);
#692=VERTEX_POINT('',#2500);
#693=VERTEX_POINT('',#2504);
#694=VERTEX_POINT('',#2506);
#695=VERTEX_POINT('',#2510);
#696=VERTEX_POINT('',#2514);
#697=VERTEX_POINT('',#2518);
#698=VERTEX_POINT('',#2521);
#699=VERTEX_POINT('',#2532);
#700=VERTEX_POINT('',#2533);
#701=VERTEX_POINT('',#2535);
#702=VERTEX_POINT('',#2537);
#703=VERTEX_POINT('',#2541);
#704=VERTEX_POINT('',#2542);
#705=VERTEX_POINT('',#2544);
#706=VERTEX_POINT('',#2546);
#707=VERTEX_POINT('',#2553);
#708=VERTEX_POINT('',#2555);
#709=VERTEX_POINT('',#2559);
#710=VERTEX_POINT('',#2561);
#711=VERTEX_POINT('',#2565);
#712=VERTEX_POINT('',#2567);
#713=VERTEX_POINT('',#2569);
#714=VERTEX_POINT('',#2571);
#715=VERTEX_POINT('',#2573);
#716=VERTEX_POINT('',#2575);
#717=VERTEX_POINT('',#2579);
#718=VERTEX_POINT('',#2581);
#719=VERTEX_POINT('',#2585);
#720=VERTEX_POINT('',#2589);
#721=VERTEX_POINT('',#2593);
#722=VERTEX_POINT('',#2596);
#723=VERTEX_POINT('',#2606);
#724=VERTEX_POINT('',#2607);
#725=VERTEX_POINT('',#2609);
#726=VERTEX_POINT('',#2611);
#727=VERTEX_POINT('',#2615);
#728=VERTEX_POINT('',#2617);
#729=VERTEX_POINT('',#2619);
#730=VERTEX_POINT('',#2621);
#731=VERTEX_POINT('',#2623);
#732=VERTEX_POINT('',#2625);
#733=VERTEX_POINT('',#2629);
#734=VERTEX_POINT('',#2631);
#735=VERTEX_POINT('',#2633);
#736=VERTEX_POINT('',#2635);
#737=VERTEX_POINT('',#2637);
#738=VERTEX_POINT('',#2639);
#739=VERTEX_POINT('',#2641);
#740=VERTEX_POINT('',#2643);
#741=VERTEX_POINT('',#2645);
#742=VERTEX_POINT('',#2649);
#743=VERTEX_POINT('',#2650);
#744=VERTEX_POINT('',#2655);
#745=VERTEX_POINT('',#2659);
#746=VERTEX_POINT('',#2663);
#747=VERTEX_POINT('',#2664);
#748=VERTEX_POINT('',#2669);
#749=VERTEX_POINT('',#2671);
#750=VERTEX_POINT('',#2673);
#751=VERTEX_POINT('',#2675);
#752=VERTEX_POINT('',#2677);
#753=VERTEX_POINT('',#2681);
#754=VERTEX_POINT('',#2682);
#755=VERTEX_POINT('',#2684);
#756=VERTEX_POINT('',#2686);
#757=VERTEX_POINT('',#2690);
#758=VERTEX_POINT('',#2692);
#759=VERTEX_POINT('',#2696);
#760=VERTEX_POINT('',#2698);
#761=VERTEX_POINT('',#2705);
#762=VERTEX_POINT('',#2707);
#763=VERTEX_POINT('',#2709);
#764=VERTEX_POINT('',#2711);
#765=VERTEX_POINT('',#2713);
#766=VERTEX_POINT('',#2715);
#767=VERTEX_POINT('',#2719);
#768=VERTEX_POINT('',#2723);
#769=VERTEX_POINT('',#2725);
#770=VERTEX_POINT('',#2731);
#771=VERTEX_POINT('',#2732);
#772=VERTEX_POINT('',#2734);
#773=VERTEX_POINT('',#2736);
#774=VERTEX_POINT('',#2740);
#775=VERTEX_POINT('',#2742);
#776=VERTEX_POINT('',#2746);
#777=VERTEX_POINT('',#2748);
#778=VERTEX_POINT('',#2750);
#779=VERTEX_POINT('',#2752);
#780=VERTEX_POINT('',#2754);
#781=VERTEX_POINT('',#2756);
#782=VERTEX_POINT('',#2758);
#783=VERTEX_POINT('',#2760);
#784=VERTEX_POINT('',#2762);
#785=VERTEX_POINT('',#2766);
#786=VERTEX_POINT('',#2770);
#787=VERTEX_POINT('',#2774);
#788=VERTEX_POINT('',#2778);
#789=VERTEX_POINT('',#2780);
#790=VERTEX_POINT('',#2786);
#791=VERTEX_POINT('',#2787);
#792=VERTEX_POINT('',#2789);
#793=VERTEX_POINT('',#2791);
#794=VERTEX_POINT('',#2795);
#795=VERTEX_POINT('',#2797);
#796=VERTEX_POINT('',#2801);
#797=VERTEX_POINT('',#2802);
#798=VERTEX_POINT('',#2804);
#799=VERTEX_POINT('',#2806);
#800=VERTEX_POINT('',#2810);
#801=VERTEX_POINT('',#2812);
#802=VERTEX_POINT('',#2816);
#803=VERTEX_POINT('',#2818);
#804=VERTEX_POINT('',#2820);
#805=VERTEX_POINT('',#2823);
#806=VERTEX_POINT('',#2830);
#807=VERTEX_POINT('',#2840);
#808=VERTEX_POINT('',#2842);
#809=VERTEX_POINT('',#2844);
#810=VERTEX_POINT('',#2848);
#811=VERTEX_POINT('',#2850);
#812=VERTEX_POINT('',#2852);
#813=VERTEX_POINT('',#2854);
#814=VERTEX_POINT('',#2862);
#815=VERTEX_POINT('',#2866);
#816=VERTEX_POINT('',#2868);
#817=VERTEX_POINT('',#2872);
#818=VERTEX_POINT('',#2873);
#819=VERTEX_POINT('',#2876);
#820=VERTEX_POINT('',#2880);
#821=VERTEX_POINT('',#2884);
#822=VERTEX_POINT('',#2889);
#823=VERTEX_POINT('',#2893);
#824=VERTEX_POINT('',#2898);
#825=VERTEX_POINT('',#2902);
#826=VERTEX_POINT('',#2903);
#827=VERTEX_POINT('',#2927);
#828=VERTEX_POINT('',#2929);
#829=VERTEX_POINT('',#2934);
#830=VERTEX_POINT('',#2946);
#831=VERTEX_POINT('',#2951);
#832=VERTEX_POINT('',#2963);
#833=VERTEX_POINT('',#2968);
#834=VERTEX_POINT('',#2980);
#835=EDGE_CURVE('',#675,#676,#355,.T.);
#836=EDGE_CURVE('',#677,#675,#356,.T.);
#837=EDGE_CURVE('',#677,#678,#357,.T.);
#838=EDGE_CURVE('',#676,#678,#358,.T.);
#839=EDGE_CURVE('',#679,#680,#359,.T.);
#840=EDGE_CURVE('',#681,#679,#360,.T.);
#841=EDGE_CURVE('',#681,#682,#361,.T.);
#842=EDGE_CURVE('',#680,#682,#362,.T.);
#843=EDGE_CURVE('',#678,#681,#363,.T.);
#844=EDGE_CURVE('',#682,#677,#364,.T.);
#845=EDGE_CURVE('',#680,#683,#365,.T.);
#846=EDGE_CURVE('',#684,#683,#366,.T.);
#847=EDGE_CURVE('',#684,#679,#367,.T.);
#848=EDGE_CURVE('',#676,#685,#368,.T.);
#849=EDGE_CURVE('',#686,#685,#369,.T.);
#850=EDGE_CURVE('',#686,#675,#370,.T.);
#851=EDGE_CURVE('',#687,#684,#79,.T.);
#852=EDGE_CURVE('',#688,#687,#371,.T.);
#853=EDGE_CURVE('',#689,#688,#80,.T.);
#854=EDGE_CURVE('',#690,#689,#372,.T.);
#855=EDGE_CURVE('',#691,#690,#81,.T.);
#856=EDGE_CURVE('',#691,#692,#373,.T.);
#857=EDGE_CURVE('',#685,#692,#82,.T.);
#858=EDGE_CURVE('',#690,#693,#374,.T.);
#859=EDGE_CURVE('',#693,#694,#83,.T.);
#860=EDGE_CURVE('',#694,#691,#375,.T.);
#861=EDGE_CURVE('',#695,#689,#376,.T.);
#862=EDGE_CURVE('',#695,#693,#377,.T.);
#863=EDGE_CURVE('',#683,#696,#84,.T.);
#864=EDGE_CURVE('',#696,#687,#378,.T.);
#865=EDGE_CURVE('',#697,#686,#85,.T.);
#866=EDGE_CURVE('',#694,#697,#379,.T.);
#867=EDGE_CURVE('',#698,#695,#86,.T.);
#868=EDGE_CURVE('',#698,#696,#380,.T.);
#869=EDGE_CURVE('',#692,#697,#381,.T.);
#870=EDGE_CURVE('',#688,#698,#382,.T.);
#871=EDGE_CURVE('',#699,#700,#383,.T.);
#872=EDGE_CURVE('',#701,#699,#384,.T.);
#873=EDGE_CURVE('',#701,#702,#385,.T.);
#874=EDGE_CURVE('',#700,#702,#386,.T.);
#875=EDGE_CURVE('',#703,#704,#387,.T.);
#876=EDGE_CURVE('',#705,#703,#388,.T.);
#877=EDGE_CURVE('',#705,#706,#389,.T.);
#878=EDGE_CURVE('',#704,#706,#390,.T.);
#879=EDGE_CURVE('',#702,#705,#391,.T.);
#880=EDGE_CURVE('',#706,#701,#392,.T.);
#881=EDGE_CURVE('',#704,#707,#393,.T.);
#882=EDGE_CURVE('',#708,#707,#394,.T.);
#883=EDGE_CURVE('',#708,#703,#395,.T.);
#884=EDGE_CURVE('',#700,#709,#396,.T.);
#885=EDGE_CURVE('',#710,#709,#397,.T.);
#886=EDGE_CURVE('',#710,#699,#398,.T.);
#887=EDGE_CURVE('',#711,#708,#87,.T.);
#888=EDGE_CURVE('',#712,#711,#399,.T.);
#889=EDGE_CURVE('',#713,#712,#88,.T.);
#890=EDGE_CURVE('',#714,#713,#400,.T.);
#891=EDGE_CURVE('',#715,#714,#89,.T.);
#892=EDGE_CURVE('',#715,#716,#401,.T.);
#893=EDGE_CURVE('',#709,#716,#90,.T.);
#894=EDGE_CURVE('',#714,#717,#402,.T.);
#895=EDGE_CURVE('',#717,#718,#91,.T.);
#896=EDGE_CURVE('',#718,#715,#403,.T.);
#897=EDGE_CURVE('',#719,#713,#404,.T.);
#898=EDGE_CURVE('',#719,#717,#405,.T.);
#899=EDGE_CURVE('',#707,#720,#92,.T.);
#900=EDGE_CURVE('',#720,#711,#406,.T.);
#901=EDGE_CURVE('',#721,#710,#93,.T.);
#902=EDGE_CURVE('',#718,#721,#407,.T.);
#903=EDGE_CURVE('',#722,#719,#94,.T.);
#904=EDGE_CURVE('',#722,#720,#408,.T.);
#905=EDGE_CURVE('',#716,#721,#409,.T.);
#906=EDGE_CURVE('',#712,#722,#410,.T.);
#907=EDGE_CURVE('',#723,#724,#95,.T.);
#908=EDGE_CURVE('',#724,#725,#411,.T.);
#909=EDGE_CURVE('',#725,#726,#96,.T.);
#910=EDGE_CURVE('',#726,#723,#412,.T.);
#911=EDGE_CURVE('',#724,#727,#413,.T.);
#912=EDGE_CURVE('',#727,#728,#97,.T.);
#913=EDGE_CURVE('',#728,#729,#414,.T.);
#914=EDGE_CURVE('',#730,#729,#415,.T.);
#915=EDGE_CURVE('',#730,#731,#416,.T.);
#916=EDGE_CURVE('',#732,#731,#98,.T.);
#917=EDGE_CURVE('',#732,#725,#417,.T.);
#918=EDGE_CURVE('',#723,#733,#418,.F.);
#919=EDGE_CURVE('',#734,#733,#99,.T.);
#920=EDGE_CURVE('',#734,#735,#419,.T.);
#921=EDGE_CURVE('',#736,#735,#100,.T.);
#922=EDGE_CURVE('',#736,#737,#420,.F.);
#923=EDGE_CURVE('',#738,#737,#101,.T.);
#924=EDGE_CURVE('',#739,#738,#421,.T.);
#925=EDGE_CURVE('',#739,#740,#422,.T.);
#926=EDGE_CURVE('',#740,#741,#423,.T.);
#927=EDGE_CURVE('',#741,#727,#424,.T.);
#928=EDGE_CURVE('',#742,#743,#102,.T.);
#929=EDGE_CURVE('',#743,#734,#425,.T.);
#930=EDGE_CURVE('',#733,#742,#426,.T.);
#931=EDGE_CURVE('',#744,#743,#427,.T.);
#932=EDGE_CURVE('',#735,#744,#428,.T.);
#933=EDGE_CURVE('',#744,#745,#103,.T.);
#934=EDGE_CURVE('',#745,#736,#429,.T.);
#935=EDGE_CURVE('',#746,#747,#104,.T.);
#936=EDGE_CURVE('',#747,#738,#430,.T.);
#937=EDGE_CURVE('',#737,#746,#431,.T.);
#938=EDGE_CURVE('',#747,#748,#432,.T.);
#939=EDGE_CURVE('',#749,#748,#105,.T.);
#940=EDGE_CURVE('',#749,#750,#433,.T.);
#941=EDGE_CURVE('',#751,#750,#434,.T.);
#942=EDGE_CURVE('',#751,#752,#435,.T.);
#943=EDGE_CURVE('',#752,#739,#106,.T.);
#944=EDGE_CURVE('',#753,#754,#107,.T.);
#945=EDGE_CURVE('',#754,#755,#436,.T.);
#946=EDGE_CURVE('',#755,#756,#108,.T.);
#947=EDGE_CURVE('',#756,#753,#437,.T.);
#948=EDGE_CURVE('',#757,#754,#438,.T.);
#949=EDGE_CURVE('',#758,#757,#439,.T.);
#950=EDGE_CURVE('',#755,#758,#440,.T.);
#951=EDGE_CURVE('',#759,#751,#109,.T.);
#952=EDGE_CURVE('',#750,#760,#110,.T.);
#953=EDGE_CURVE('',#760,#759,#441,.T.);
#954=EDGE_CURVE('',#759,#756,#442,.F.);
#955=EDGE_CURVE('',#753,#760,#443,.T.);
#956=EDGE_CURVE('',#761,#749,#444,.T.);
#957=EDGE_CURVE('',#762,#761,#445,.T.);
#958=EDGE_CURVE('',#763,#762,#446,.T.);
#959=EDGE_CURVE('',#764,#763,#447,.T.);
#960=EDGE_CURVE('',#765,#764,#111,.T.);
#961=EDGE_CURVE('',#765,#766,#448,.T.);
#962=EDGE_CURVE('',#757,#766,#112,.T.);
#963=EDGE_CURVE('',#767,#758,#113,.T.);
#964=EDGE_CURVE('',#766,#767,#449,.T.);
#965=EDGE_CURVE('',#764,#768,#450,.T.);
#966=EDGE_CURVE('',#768,#769,#114,.T.);
#967=EDGE_CURVE('',#769,#765,#451,.T.);
#968=EDGE_CURVE('',#767,#769,#452,.F.);
#969=EDGE_CURVE('',#770,#771,#115,.T.);
#970=EDGE_CURVE('',#771,#772,#453,.T.);
#971=EDGE_CURVE('',#772,#773,#116,.T.);
#972=EDGE_CURVE('',#773,#770,#454,.T.);
#973=EDGE_CURVE('',#774,#773,#455,.T.);
#974=EDGE_CURVE('',#775,#774,#456,.T.);
#975=EDGE_CURVE('',#770,#775,#457,.F.);
#976=EDGE_CURVE('',#776,#772,#458,.T.);
#977=EDGE_CURVE('',#777,#776,#459,.T.);
#978=EDGE_CURVE('',#778,#777,#460,.T.);
#979=EDGE_CURVE('',#779,#778,#461,.T.);
#980=EDGE_CURVE('',#780,#779,#462,.T.);
#981=EDGE_CURVE('',#781,#780,#117,.T.);
#982=EDGE_CURVE('',#781,#782,#463,.T.);
#983=EDGE_CURVE('',#783,#782,#118,.T.);
#984=EDGE_CURVE('',#783,#784,#464,.T.);
#985=EDGE_CURVE('',#774,#784,#119,.T.);
#986=EDGE_CURVE('',#784,#785,#465,.T.);
#987=EDGE_CURVE('',#785,#775,#120,.T.);
#988=EDGE_CURVE('',#786,#783,#466,.T.);
#989=EDGE_CURVE('',#785,#786,#467,.T.);
#990=EDGE_CURVE('',#787,#786,#121,.T.);
#991=EDGE_CURVE('',#782,#787,#468,.T.);
#992=EDGE_CURVE('',#780,#788,#469,.T.);
#993=EDGE_CURVE('',#788,#789,#122,.T.);
#994=EDGE_CURVE('',#789,#781,#470,.T.);
#995=EDGE_CURVE('',#787,#789,#471,.F.);
#996=EDGE_CURVE('',#790,#791,#123,.T.);
#997=EDGE_CURVE('',#791,#792,#472,.T.);
#998=EDGE_CURVE('',#792,#793,#124,.T.);
#999=EDGE_CURVE('',#793,#790,#473,.T.);
#1000=EDGE_CURVE('',#794,#791,#474,.T.);
#1001=EDGE_CURVE('',#795,#794,#475,.T.);
#1002=EDGE_CURVE('',#792,#795,#476,.T.);
#1003=EDGE_CURVE('',#796,#797,#125,.T.);
#1004=EDGE_CURVE('',#797,#798,#477,.T.);
#1005=EDGE_CURVE('',#798,#799,#126,.T.);
#1006=EDGE_CURVE('',#799,#796,#478,.T.);
#1007=EDGE_CURVE('',#800,#799,#479,.T.);
#1008=EDGE_CURVE('',#801,#800,#480,.T.);
#1009=EDGE_CURVE('',#796,#801,#481,.F.);
#1010=EDGE_CURVE('',#802,#798,#482,.T.);
#1011=EDGE_CURVE('',#803,#802,#483,.T.);
#1012=EDGE_CURVE('',#804,#803,#484,.T.);
#1013=EDGE_CURVE('',#731,#804,#485,.T.);
#1014=EDGE_CURVE('',#805,#730,#127,.T.);
#1015=EDGE_CURVE('',#805,#793,#486,.T.);
#1016=EDGE_CURVE('',#800,#795,#128,.T.);
#1017=EDGE_CURVE('',#794,#801,#129,.T.);
#1018=EDGE_CURVE('',#729,#806,#130,.T.);
#1019=EDGE_CURVE('',#806,#805,#487,.T.);
#1020=EDGE_CURVE('',#790,#806,#488,.F.);
#1021=EDGE_CURVE('',#742,#726,#489,.T.);
#1022=EDGE_CURVE('',#746,#745,#490,.T.);
#1023=EDGE_CURVE('',#807,#768,#491,.T.);
#1024=EDGE_CURVE('',#807,#808,#492,.T.);
#1025=EDGE_CURVE('',#808,#809,#493,.T.);
#1026=EDGE_CURVE('',#809,#752,#494,.T.);
#1027=EDGE_CURVE('',#810,#788,#495,.T.);
#1028=EDGE_CURVE('',#810,#811,#496,.T.);
#1029=EDGE_CURVE('',#811,#812,#497,.T.);
#1030=EDGE_CURVE('',#812,#813,#498,.T.);
#1031=EDGE_CURVE('',#771,#813,#499,.T.);
#1032=EDGE_CURVE('',#776,#763,#131,.T.);
#1033=EDGE_CURVE('',#813,#807,#132,.T.);
#1034=EDGE_CURVE('',#802,#779,#133,.T.);
#1035=EDGE_CURVE('',#797,#814,#500,.T.);
#1036=EDGE_CURVE('',#814,#810,#134,.T.);
#1037=EDGE_CURVE('',#815,#732,#501,.T.);
#1038=EDGE_CURVE('',#816,#815,#502,.T.);
#1039=EDGE_CURVE('',#748,#816,#503,.T.);
#1040=EDGE_CURVE('',#817,#818,#135,.T.);
#1041=EDGE_CURVE('',#741,#817,#136,.T.);
#1042=EDGE_CURVE('',#819,#741,#137,.T.);
#1043=EDGE_CURVE('',#818,#819,#138,.T.);
#1044=EDGE_CURVE('',#820,#740,#139,.T.);
#1045=EDGE_CURVE('',#819,#820,#504,.T.);
#1046=EDGE_CURVE('',#821,#809,#140,.T.);
#1047=EDGE_CURVE('',#820,#821,#141,.T.);
#1048=EDGE_CURVE('',#809,#740,#142,.T.);
#1049=EDGE_CURVE('',#822,#808,#143,.T.);
#1050=EDGE_CURVE('',#821,#822,#505,.T.);
#1051=EDGE_CURVE('',#823,#812,#144,.T.);
#1052=EDGE_CURVE('',#822,#823,#145,.T.);
#1053=EDGE_CURVE('',#812,#808,#146,.T.);
#1054=EDGE_CURVE('',#824,#811,#147,.T.);
#1055=EDGE_CURVE('',#823,#824,#506,.T.);
#1056=EDGE_CURVE('',#825,#826,#148,.T.);
#1057=EDGE_CURVE('',#824,#825,#149,.T.);
#1058=EDGE_CURVE('',#826,#811,#150,.T.);
#1059=EDGE_CURVE('',#817,#826,#507,.T.);
#1060=EDGE_CURVE('',#825,#818,#508,.T.);
#1061=EDGE_CURVE('',#826,#814,#509,.T.);
#1062=EDGE_CURVE('',#728,#817,#510,.T.);
#1063=EDGE_CURVE('',#804,#827,#151,.T.);
#1064=EDGE_CURVE('',#827,#828,#152,.T.);
#1065=EDGE_CURVE('',#828,#815,#153,.T.);
#1066=EDGE_CURVE('',#815,#804,#154,.T.);
#1067=EDGE_CURVE('',#829,#816,#155,.T.);
#1068=EDGE_CURVE('',#828,#829,#511,.T.);
#1069=EDGE_CURVE('',#830,#761,#156,.T.);
#1070=EDGE_CURVE('',#761,#816,#157,.T.);
#1071=EDGE_CURVE('',#829,#830,#158,.T.);
#1072=EDGE_CURVE('',#831,#762,#159,.T.);
#1073=EDGE_CURVE('',#830,#831,#512,.T.);
#1074=EDGE_CURVE('',#832,#777,#160,.T.);
#1075=EDGE_CURVE('',#777,#762,#161,.T.);
#1076=EDGE_CURVE('',#831,#832,#162,.T.);
#1077=EDGE_CURVE('',#833,#778,#163,.T.);
#1078=EDGE_CURVE('',#832,#833,#513,.T.);
#1079=EDGE_CURVE('',#834,#803,#164,.T.);
#1080=EDGE_CURVE('',#803,#778,#165,.T.);
#1081=EDGE_CURVE('',#833,#834,#166,.T.);
#1082=EDGE_CURVE('',#834,#827,#514,.T.);
#1083=ORIENTED_EDGE('',*,*,#835,.F.);
#1084=ORIENTED_EDGE('',*,*,#836,.F.);
#1085=ORIENTED_EDGE('',*,*,#837,.T.);
#1086=ORIENTED_EDGE('',*,*,#838,.F.);
#1087=ORIENTED_EDGE('',*,*,#839,.F.);
#1088=ORIENTED_EDGE('',*,*,#840,.F.);
#1089=ORIENTED_EDGE('',*,*,#841,.T.);
#1090=ORIENTED_EDGE('',*,*,#842,.F.);
#1091=ORIENTED_EDGE('',*,*,#843,.F.);
#1092=ORIENTED_EDGE('',*,*,#837,.F.);
#1093=ORIENTED_EDGE('',*,*,#844,.F.);
#1094=ORIENTED_EDGE('',*,*,#841,.F.);
#1095=ORIENTED_EDGE('',*,*,#839,.T.);
#1096=ORIENTED_EDGE('',*,*,#845,.T.);
#1097=ORIENTED_EDGE('',*,*,#846,.F.);
#1098=ORIENTED_EDGE('',*,*,#847,.T.);
#1099=ORIENTED_EDGE('',*,*,#835,.T.);
#1100=ORIENTED_EDGE('',*,*,#848,.T.);
#1101=ORIENTED_EDGE('',*,*,#849,.F.);
#1102=ORIENTED_EDGE('',*,*,#850,.T.);
#1103=ORIENTED_EDGE('',*,*,#838,.T.);
#1104=ORIENTED_EDGE('',*,*,#843,.T.);
#1105=ORIENTED_EDGE('',*,*,#840,.T.);
#1106=ORIENTED_EDGE('',*,*,#847,.F.);
#1107=ORIENTED_EDGE('',*,*,#851,.F.);
#1108=ORIENTED_EDGE('',*,*,#852,.F.);
#1109=ORIENTED_EDGE('',*,*,#853,.F.);
#1110=ORIENTED_EDGE('',*,*,#854,.F.);
#1111=ORIENTED_EDGE('',*,*,#855,.F.);
#1112=ORIENTED_EDGE('',*,*,#856,.T.);
#1113=ORIENTED_EDGE('',*,*,#857,.F.);
#1114=ORIENTED_EDGE('',*,*,#848,.F.);
#1115=ORIENTED_EDGE('',*,*,#855,.T.);
#1116=ORIENTED_EDGE('',*,*,#858,.T.);
#1117=ORIENTED_EDGE('',*,*,#859,.T.);
#1118=ORIENTED_EDGE('',*,*,#860,.T.);
#1119=ORIENTED_EDGE('',*,*,#858,.F.);
#1120=ORIENTED_EDGE('',*,*,#854,.T.);
#1121=ORIENTED_EDGE('',*,*,#861,.F.);
#1122=ORIENTED_EDGE('',*,*,#862,.T.);
#1123=ORIENTED_EDGE('',*,*,#851,.T.);
#1124=ORIENTED_EDGE('',*,*,#846,.T.);
#1125=ORIENTED_EDGE('',*,*,#863,.T.);
#1126=ORIENTED_EDGE('',*,*,#864,.T.);
#1127=ORIENTED_EDGE('',*,*,#836,.T.);
#1128=ORIENTED_EDGE('',*,*,#850,.F.);
#1129=ORIENTED_EDGE('',*,*,#865,.F.);
#1130=ORIENTED_EDGE('',*,*,#866,.F.);
#1131=ORIENTED_EDGE('',*,*,#859,.F.);
#1132=ORIENTED_EDGE('',*,*,#862,.F.);
#1133=ORIENTED_EDGE('',*,*,#867,.F.);
#1134=ORIENTED_EDGE('',*,*,#868,.T.);
#1135=ORIENTED_EDGE('',*,*,#863,.F.);
#1136=ORIENTED_EDGE('',*,*,#845,.F.);
#1137=ORIENTED_EDGE('',*,*,#842,.T.);
#1138=ORIENTED_EDGE('',*,*,#844,.T.);
#1139=ORIENTED_EDGE('',*,*,#865,.T.);
#1140=ORIENTED_EDGE('',*,*,#849,.T.);
#1141=ORIENTED_EDGE('',*,*,#857,.T.);
#1142=ORIENTED_EDGE('',*,*,#869,.T.);
#1143=ORIENTED_EDGE('',*,*,#867,.T.);
#1144=ORIENTED_EDGE('',*,*,#861,.T.);
#1145=ORIENTED_EDGE('',*,*,#853,.T.);
#1146=ORIENTED_EDGE('',*,*,#870,.T.);
#1147=ORIENTED_EDGE('',*,*,#864,.F.);
#1148=ORIENTED_EDGE('',*,*,#868,.F.);
#1149=ORIENTED_EDGE('',*,*,#870,.F.);
#1150=ORIENTED_EDGE('',*,*,#852,.T.);
#1151=ORIENTED_EDGE('',*,*,#860,.F.);
#1152=ORIENTED_EDGE('',*,*,#866,.T.);
#1153=ORIENTED_EDGE('',*,*,#869,.F.);
#1154=ORIENTED_EDGE('',*,*,#856,.F.);
#1155=ORIENTED_EDGE('',*,*,#871,.F.);
#1156=ORIENTED_EDGE('',*,*,#872,.F.);
#1157=ORIENTED_EDGE('',*,*,#873,.T.);
#1158=ORIENTED_EDGE('',*,*,#874,.F.);
#1159=ORIENTED_EDGE('',*,*,#875,.F.);
#1160=ORIENTED_EDGE('',*,*,#876,.F.);
#1161=ORIENTED_EDGE('',*,*,#877,.T.);
#1162=ORIENTED_EDGE('',*,*,#878,.F.);
#1163=ORIENTED_EDGE('',*,*,#879,.F.);
#1164=ORIENTED_EDGE('',*,*,#873,.F.);
#1165=ORIENTED_EDGE('',*,*,#880,.F.);
#1166=ORIENTED_EDGE('',*,*,#877,.F.);
#1167=ORIENTED_EDGE('',*,*,#875,.T.);
#1168=ORIENTED_EDGE('',*,*,#881,.T.);
#1169=ORIENTED_EDGE('',*,*,#882,.F.);
#1170=ORIENTED_EDGE('',*,*,#883,.T.);
#1171=ORIENTED_EDGE('',*,*,#871,.T.);
#1172=ORIENTED_EDGE('',*,*,#884,.T.);
#1173=ORIENTED_EDGE('',*,*,#885,.F.);
#1174=ORIENTED_EDGE('',*,*,#886,.T.);
#1175=ORIENTED_EDGE('',*,*,#874,.T.);
#1176=ORIENTED_EDGE('',*,*,#879,.T.);
#1177=ORIENTED_EDGE('',*,*,#876,.T.);
#1178=ORIENTED_EDGE('',*,*,#883,.F.);
#1179=ORIENTED_EDGE('',*,*,#887,.F.);
#1180=ORIENTED_EDGE('',*,*,#888,.F.);
#1181=ORIENTED_EDGE('',*,*,#889,.F.);
#1182=ORIENTED_EDGE('',*,*,#890,.F.);
#1183=ORIENTED_EDGE('',*,*,#891,.F.);
#1184=ORIENTED_EDGE('',*,*,#892,.T.);
#1185=ORIENTED_EDGE('',*,*,#893,.F.);
#1186=ORIENTED_EDGE('',*,*,#884,.F.);
#1187=ORIENTED_EDGE('',*,*,#891,.T.);
#1188=ORIENTED_EDGE('',*,*,#894,.T.);
#1189=ORIENTED_EDGE('',*,*,#895,.T.);
#1190=ORIENTED_EDGE('',*,*,#896,.T.);
#1191=ORIENTED_EDGE('',*,*,#894,.F.);
#1192=ORIENTED_EDGE('',*,*,#890,.T.);
#1193=ORIENTED_EDGE('',*,*,#897,.F.);
#1194=ORIENTED_EDGE('',*,*,#898,.T.);
#1195=ORIENTED_EDGE('',*,*,#887,.T.);
#1196=ORIENTED_EDGE('',*,*,#882,.T.);
#1197=ORIENTED_EDGE('',*,*,#899,.T.);
#1198=ORIENTED_EDGE('',*,*,#900,.T.);
#1199=ORIENTED_EDGE('',*,*,#872,.T.);
#1200=ORIENTED_EDGE('',*,*,#886,.F.);
#1201=ORIENTED_EDGE('',*,*,#901,.F.);
#1202=ORIENTED_EDGE('',*,*,#902,.F.);
#1203=ORIENTED_EDGE('',*,*,#895,.F.);
#1204=ORIENTED_EDGE('',*,*,#898,.F.);
#1205=ORIENTED_EDGE('',*,*,#903,.F.);
#1206=ORIENTED_EDGE('',*,*,#904,.T.);
#1207=ORIENTED_EDGE('',*,*,#899,.F.);
#1208=ORIENTED_EDGE('',*,*,#881,.F.);
#1209=ORIENTED_EDGE('',*,*,#878,.T.);
#1210=ORIENTED_EDGE('',*,*,#880,.T.);
#1211=ORIENTED_EDGE('',*,*,#901,.T.);
#1212=ORIENTED_EDGE('',*,*,#885,.T.);
#1213=ORIENTED_EDGE('',*,*,#893,.T.);
#1214=ORIENTED_EDGE('',*,*,#905,.T.);
#1215=ORIENTED_EDGE('',*,*,#903,.T.);
#1216=ORIENTED_EDGE('',*,*,#897,.T.);
#1217=ORIENTED_EDGE('',*,*,#889,.T.);
#1218=ORIENTED_EDGE('',*,*,#906,.T.);
#1219=ORIENTED_EDGE('',*,*,#900,.F.);
#1220=ORIENTED_EDGE('',*,*,#904,.F.);
#1221=ORIENTED_EDGE('',*,*,#906,.F.);
#1222=ORIENTED_EDGE('',*,*,#888,.T.);
#1223=ORIENTED_EDGE('',*,*,#896,.F.);
#1224=ORIENTED_EDGE('',*,*,#902,.T.);
#1225=ORIENTED_EDGE('',*,*,#905,.F.);
#1226=ORIENTED_EDGE('',*,*,#892,.F.);
#1227=ORIENTED_EDGE('',*,*,#907,.T.);
#1228=ORIENTED_EDGE('',*,*,#908,.T.);
#1229=ORIENTED_EDGE('',*,*,#909,.T.);
#1230=ORIENTED_EDGE('',*,*,#910,.T.);
#1231=ORIENTED_EDGE('',*,*,#908,.F.);
#1232=ORIENTED_EDGE('',*,*,#911,.T.);
#1233=ORIENTED_EDGE('',*,*,#912,.T.);
#1234=ORIENTED_EDGE('',*,*,#913,.T.);
#1235=ORIENTED_EDGE('',*,*,#914,.F.);
#1236=ORIENTED_EDGE('',*,*,#915,.T.);
#1237=ORIENTED_EDGE('',*,*,#916,.F.);
#1238=ORIENTED_EDGE('',*,*,#917,.T.);
#1239=ORIENTED_EDGE('',*,*,#907,.F.);
#1240=ORIENTED_EDGE('',*,*,#918,.T.);
#1241=ORIENTED_EDGE('',*,*,#919,.F.);
#1242=ORIENTED_EDGE('',*,*,#920,.T.);
#1243=ORIENTED_EDGE('',*,*,#921,.F.);
#1244=ORIENTED_EDGE('',*,*,#922,.T.);
#1245=ORIENTED_EDGE('',*,*,#923,.F.);
#1246=ORIENTED_EDGE('',*,*,#924,.F.);
#1247=ORIENTED_EDGE('',*,*,#925,.T.);
#1248=ORIENTED_EDGE('',*,*,#926,.T.);
#1249=ORIENTED_EDGE('',*,*,#927,.T.);
#1250=ORIENTED_EDGE('',*,*,#911,.F.);
#1251=ORIENTED_EDGE('',*,*,#928,.T.);
#1252=ORIENTED_EDGE('',*,*,#929,.T.);
#1253=ORIENTED_EDGE('',*,*,#919,.T.);
#1254=ORIENTED_EDGE('',*,*,#930,.T.);
#1255=ORIENTED_EDGE('',*,*,#929,.F.);
#1256=ORIENTED_EDGE('',*,*,#931,.F.);
#1257=ORIENTED_EDGE('',*,*,#932,.F.);
#1258=ORIENTED_EDGE('',*,*,#920,.F.);
#1259=ORIENTED_EDGE('',*,*,#921,.T.);
#1260=ORIENTED_EDGE('',*,*,#932,.T.);
#1261=ORIENTED_EDGE('',*,*,#933,.T.);
#1262=ORIENTED_EDGE('',*,*,#934,.T.);
#1263=ORIENTED_EDGE('',*,*,#935,.T.);
#1264=ORIENTED_EDGE('',*,*,#936,.T.);
#1265=ORIENTED_EDGE('',*,*,#923,.T.);
#1266=ORIENTED_EDGE('',*,*,#937,.T.);
#1267=ORIENTED_EDGE('',*,*,#936,.F.);
#1268=ORIENTED_EDGE('',*,*,#938,.T.);
#1269=ORIENTED_EDGE('',*,*,#939,.F.);
#1270=ORIENTED_EDGE('',*,*,#940,.T.);
#1271=ORIENTED_EDGE('',*,*,#941,.F.);
#1272=ORIENTED_EDGE('',*,*,#942,.T.);
#1273=ORIENTED_EDGE('',*,*,#943,.T.);
#1274=ORIENTED_EDGE('',*,*,#924,.T.);
#1275=ORIENTED_EDGE('',*,*,#944,.T.);
#1276=ORIENTED_EDGE('',*,*,#945,.T.);
#1277=ORIENTED_EDGE('',*,*,#946,.T.);
#1278=ORIENTED_EDGE('',*,*,#947,.T.);
#1279=ORIENTED_EDGE('',*,*,#945,.F.);
#1280=ORIENTED_EDGE('',*,*,#948,.F.);
#1281=ORIENTED_EDGE('',*,*,#949,.F.);
#1282=ORIENTED_EDGE('',*,*,#950,.F.);
#1283=ORIENTED_EDGE('',*,*,#951,.T.);
#1284=ORIENTED_EDGE('',*,*,#941,.T.);
#1285=ORIENTED_EDGE('',*,*,#952,.T.);
#1286=ORIENTED_EDGE('',*,*,#953,.T.);
#1287=ORIENTED_EDGE('',*,*,#947,.F.);
#1288=ORIENTED_EDGE('',*,*,#954,.F.);
#1289=ORIENTED_EDGE('',*,*,#953,.F.);
#1290=ORIENTED_EDGE('',*,*,#955,.F.);
#1291=ORIENTED_EDGE('',*,*,#952,.F.);
#1292=ORIENTED_EDGE('',*,*,#940,.F.);
#1293=ORIENTED_EDGE('',*,*,#956,.F.);
#1294=ORIENTED_EDGE('',*,*,#957,.F.);
#1295=ORIENTED_EDGE('',*,*,#958,.F.);
#1296=ORIENTED_EDGE('',*,*,#959,.F.);
#1297=ORIENTED_EDGE('',*,*,#960,.F.);
#1298=ORIENTED_EDGE('',*,*,#961,.T.);
#1299=ORIENTED_EDGE('',*,*,#962,.F.);
#1300=ORIENTED_EDGE('',*,*,#948,.T.);
#1301=ORIENTED_EDGE('',*,*,#944,.F.);
#1302=ORIENTED_EDGE('',*,*,#955,.T.);
#1303=ORIENTED_EDGE('',*,*,#963,.T.);
#1304=ORIENTED_EDGE('',*,*,#949,.T.);
#1305=ORIENTED_EDGE('',*,*,#962,.T.);
#1306=ORIENTED_EDGE('',*,*,#964,.T.);
#1307=ORIENTED_EDGE('',*,*,#960,.T.);
#1308=ORIENTED_EDGE('',*,*,#965,.T.);
#1309=ORIENTED_EDGE('',*,*,#966,.T.);
#1310=ORIENTED_EDGE('',*,*,#967,.T.);
#1311=ORIENTED_EDGE('',*,*,#964,.F.);
#1312=ORIENTED_EDGE('',*,*,#961,.F.);
#1313=ORIENTED_EDGE('',*,*,#967,.F.);
#1314=ORIENTED_EDGE('',*,*,#968,.F.);
#1315=ORIENTED_EDGE('',*,*,#969,.T.);
#1316=ORIENTED_EDGE('',*,*,#970,.T.);
#1317=ORIENTED_EDGE('',*,*,#971,.T.);
#1318=ORIENTED_EDGE('',*,*,#972,.T.);
#1319=ORIENTED_EDGE('',*,*,#972,.F.);
#1320=ORIENTED_EDGE('',*,*,#973,.F.);
#1321=ORIENTED_EDGE('',*,*,#974,.F.);
#1322=ORIENTED_EDGE('',*,*,#975,.F.);
#1323=ORIENTED_EDGE('',*,*,#971,.F.);
#1324=ORIENTED_EDGE('',*,*,#976,.F.);
#1325=ORIENTED_EDGE('',*,*,#977,.F.);
#1326=ORIENTED_EDGE('',*,*,#978,.F.);
#1327=ORIENTED_EDGE('',*,*,#979,.F.);
#1328=ORIENTED_EDGE('',*,*,#980,.F.);
#1329=ORIENTED_EDGE('',*,*,#981,.F.);
#1330=ORIENTED_EDGE('',*,*,#982,.T.);
#1331=ORIENTED_EDGE('',*,*,#983,.F.);
#1332=ORIENTED_EDGE('',*,*,#984,.T.);
#1333=ORIENTED_EDGE('',*,*,#985,.F.);
#1334=ORIENTED_EDGE('',*,*,#973,.T.);
#1335=ORIENTED_EDGE('',*,*,#985,.T.);
#1336=ORIENTED_EDGE('',*,*,#986,.T.);
#1337=ORIENTED_EDGE('',*,*,#987,.T.);
#1338=ORIENTED_EDGE('',*,*,#974,.T.);
#1339=ORIENTED_EDGE('',*,*,#986,.F.);
#1340=ORIENTED_EDGE('',*,*,#984,.F.);
#1341=ORIENTED_EDGE('',*,*,#988,.F.);
#1342=ORIENTED_EDGE('',*,*,#989,.F.);
#1343=ORIENTED_EDGE('',*,*,#990,.T.);
#1344=ORIENTED_EDGE('',*,*,#988,.T.);
#1345=ORIENTED_EDGE('',*,*,#983,.T.);
#1346=ORIENTED_EDGE('',*,*,#991,.T.);
#1347=ORIENTED_EDGE('',*,*,#981,.T.);
#1348=ORIENTED_EDGE('',*,*,#992,.T.);
#1349=ORIENTED_EDGE('',*,*,#993,.T.);
#1350=ORIENTED_EDGE('',*,*,#994,.T.);
#1351=ORIENTED_EDGE('',*,*,#991,.F.);
#1352=ORIENTED_EDGE('',*,*,#982,.F.);
#1353=ORIENTED_EDGE('',*,*,#994,.F.);
#1354=ORIENTED_EDGE('',*,*,#995,.F.);
#1355=ORIENTED_EDGE('',*,*,#996,.T.);
#1356=ORIENTED_EDGE('',*,*,#997,.T.);
#1357=ORIENTED_EDGE('',*,*,#998,.T.);
#1358=ORIENTED_EDGE('',*,*,#999,.T.);
#1359=ORIENTED_EDGE('',*,*,#997,.F.);
#1360=ORIENTED_EDGE('',*,*,#1000,.F.);
#1361=ORIENTED_EDGE('',*,*,#1001,.F.);
#1362=ORIENTED_EDGE('',*,*,#1002,.F.);
#1363=ORIENTED_EDGE('',*,*,#1003,.T.);
#1364=ORIENTED_EDGE('',*,*,#1004,.T.);
#1365=ORIENTED_EDGE('',*,*,#1005,.T.);
#1366=ORIENTED_EDGE('',*,*,#1006,.T.);
#1367=ORIENTED_EDGE('',*,*,#1006,.F.);
#1368=ORIENTED_EDGE('',*,*,#1007,.F.);
#1369=ORIENTED_EDGE('',*,*,#1008,.F.);
#1370=ORIENTED_EDGE('',*,*,#1009,.F.);
#1371=ORIENTED_EDGE('',*,*,#1005,.F.);
#1372=ORIENTED_EDGE('',*,*,#1010,.F.);
#1373=ORIENTED_EDGE('',*,*,#1011,.F.);
#1374=ORIENTED_EDGE('',*,*,#1012,.F.);
#1375=ORIENTED_EDGE('',*,*,#1013,.F.);
#1376=ORIENTED_EDGE('',*,*,#915,.F.);
#1377=ORIENTED_EDGE('',*,*,#1014,.F.);
#1378=ORIENTED_EDGE('',*,*,#1015,.T.);
#1379=ORIENTED_EDGE('',*,*,#998,.F.);
#1380=ORIENTED_EDGE('',*,*,#1002,.T.);
#1381=ORIENTED_EDGE('',*,*,#1016,.F.);
#1382=ORIENTED_EDGE('',*,*,#1007,.T.);
#1383=ORIENTED_EDGE('',*,*,#1016,.T.);
#1384=ORIENTED_EDGE('',*,*,#1001,.T.);
#1385=ORIENTED_EDGE('',*,*,#1017,.T.);
#1386=ORIENTED_EDGE('',*,*,#1008,.T.);
#1387=ORIENTED_EDGE('',*,*,#1014,.T.);
#1388=ORIENTED_EDGE('',*,*,#914,.T.);
#1389=ORIENTED_EDGE('',*,*,#1018,.T.);
#1390=ORIENTED_EDGE('',*,*,#1019,.T.);
#1391=ORIENTED_EDGE('',*,*,#999,.F.);
#1392=ORIENTED_EDGE('',*,*,#1015,.F.);
#1393=ORIENTED_EDGE('',*,*,#1019,.F.);
#1394=ORIENTED_EDGE('',*,*,#1020,.F.);
#1395=ORIENTED_EDGE('',*,*,#910,.F.);
#1396=ORIENTED_EDGE('',*,*,#1021,.F.);
#1397=ORIENTED_EDGE('',*,*,#930,.F.);
#1398=ORIENTED_EDGE('',*,*,#918,.F.);
#1399=ORIENTED_EDGE('',*,*,#934,.F.);
#1400=ORIENTED_EDGE('',*,*,#1022,.F.);
#1401=ORIENTED_EDGE('',*,*,#937,.F.);
#1402=ORIENTED_EDGE('',*,*,#922,.F.);
#1403=ORIENTED_EDGE('',*,*,#951,.F.);
#1404=ORIENTED_EDGE('',*,*,#954,.T.);
#1405=ORIENTED_EDGE('',*,*,#946,.F.);
#1406=ORIENTED_EDGE('',*,*,#950,.T.);
#1407=ORIENTED_EDGE('',*,*,#963,.F.);
#1408=ORIENTED_EDGE('',*,*,#968,.T.);
#1409=ORIENTED_EDGE('',*,*,#966,.F.);
#1410=ORIENTED_EDGE('',*,*,#1023,.F.);
#1411=ORIENTED_EDGE('',*,*,#1024,.T.);
#1412=ORIENTED_EDGE('',*,*,#1025,.T.);
#1413=ORIENTED_EDGE('',*,*,#1026,.T.);
#1414=ORIENTED_EDGE('',*,*,#942,.F.);
#1415=ORIENTED_EDGE('',*,*,#969,.F.);
#1416=ORIENTED_EDGE('',*,*,#975,.T.);
#1417=ORIENTED_EDGE('',*,*,#987,.F.);
#1418=ORIENTED_EDGE('',*,*,#989,.T.);
#1419=ORIENTED_EDGE('',*,*,#990,.F.);
#1420=ORIENTED_EDGE('',*,*,#995,.T.);
#1421=ORIENTED_EDGE('',*,*,#993,.F.);
#1422=ORIENTED_EDGE('',*,*,#1027,.F.);
#1423=ORIENTED_EDGE('',*,*,#1028,.T.);
#1424=ORIENTED_EDGE('',*,*,#1029,.T.);
#1425=ORIENTED_EDGE('',*,*,#1030,.T.);
#1426=ORIENTED_EDGE('',*,*,#1031,.F.);
#1427=ORIENTED_EDGE('',*,*,#965,.F.);
#1428=ORIENTED_EDGE('',*,*,#959,.T.);
#1429=ORIENTED_EDGE('',*,*,#1032,.F.);
#1430=ORIENTED_EDGE('',*,*,#976,.T.);
#1431=ORIENTED_EDGE('',*,*,#970,.F.);
#1432=ORIENTED_EDGE('',*,*,#1031,.T.);
#1433=ORIENTED_EDGE('',*,*,#1033,.T.);
#1434=ORIENTED_EDGE('',*,*,#1023,.T.);
#1435=ORIENTED_EDGE('',*,*,#992,.F.);
#1436=ORIENTED_EDGE('',*,*,#980,.T.);
#1437=ORIENTED_EDGE('',*,*,#1034,.F.);
#1438=ORIENTED_EDGE('',*,*,#1010,.T.);
#1439=ORIENTED_EDGE('',*,*,#1004,.F.);
#1440=ORIENTED_EDGE('',*,*,#1035,.T.);
#1441=ORIENTED_EDGE('',*,*,#1036,.T.);
#1442=ORIENTED_EDGE('',*,*,#1027,.T.);
#1443=ORIENTED_EDGE('',*,*,#909,.F.);
#1444=ORIENTED_EDGE('',*,*,#917,.F.);
#1445=ORIENTED_EDGE('',*,*,#1037,.F.);
#1446=ORIENTED_EDGE('',*,*,#1038,.F.);
#1447=ORIENTED_EDGE('',*,*,#1039,.F.);
#1448=ORIENTED_EDGE('',*,*,#938,.F.);
#1449=ORIENTED_EDGE('',*,*,#935,.F.);
#1450=ORIENTED_EDGE('',*,*,#1022,.T.);
#1451=ORIENTED_EDGE('',*,*,#933,.F.);
#1452=ORIENTED_EDGE('',*,*,#931,.T.);
#1453=ORIENTED_EDGE('',*,*,#928,.F.);
#1454=ORIENTED_EDGE('',*,*,#1021,.T.);
#1455=ORIENTED_EDGE('',*,*,#1040,.F.);
#1456=ORIENTED_EDGE('',*,*,#1041,.F.);
#1457=ORIENTED_EDGE('',*,*,#1042,.F.);
#1458=ORIENTED_EDGE('',*,*,#1043,.F.);
#1459=ORIENTED_EDGE('',*,*,#1044,.F.);
#1460=ORIENTED_EDGE('',*,*,#1045,.F.);
#1461=ORIENTED_EDGE('',*,*,#1042,.T.);
#1462=ORIENTED_EDGE('',*,*,#926,.F.);
#1463=ORIENTED_EDGE('',*,*,#1046,.F.);
#1464=ORIENTED_EDGE('',*,*,#1047,.F.);
#1465=ORIENTED_EDGE('',*,*,#1044,.T.);
#1466=ORIENTED_EDGE('',*,*,#1048,.F.);
#1467=ORIENTED_EDGE('',*,*,#1049,.F.);
#1468=ORIENTED_EDGE('',*,*,#1050,.F.);
#1469=ORIENTED_EDGE('',*,*,#1046,.T.);
#1470=ORIENTED_EDGE('',*,*,#1025,.F.);
#1471=ORIENTED_EDGE('',*,*,#1051,.F.);
#1472=ORIENTED_EDGE('',*,*,#1052,.F.);
#1473=ORIENTED_EDGE('',*,*,#1049,.T.);
#1474=ORIENTED_EDGE('',*,*,#1053,.F.);
#1475=ORIENTED_EDGE('',*,*,#1054,.F.);
#1476=ORIENTED_EDGE('',*,*,#1055,.F.);
#1477=ORIENTED_EDGE('',*,*,#1051,.T.);
#1478=ORIENTED_EDGE('',*,*,#1029,.F.);
#1479=ORIENTED_EDGE('',*,*,#1056,.F.);
#1480=ORIENTED_EDGE('',*,*,#1057,.F.);
#1481=ORIENTED_EDGE('',*,*,#1054,.T.);
#1482=ORIENTED_EDGE('',*,*,#1058,.F.);
#1483=ORIENTED_EDGE('',*,*,#1056,.T.);
#1484=ORIENTED_EDGE('',*,*,#1059,.F.);
#1485=ORIENTED_EDGE('',*,*,#1040,.T.);
#1486=ORIENTED_EDGE('',*,*,#1060,.F.);
#1487=ORIENTED_EDGE('',*,*,#1058,.T.);
#1488=ORIENTED_EDGE('',*,*,#1028,.F.);
#1489=ORIENTED_EDGE('',*,*,#1036,.F.);
#1490=ORIENTED_EDGE('',*,*,#1061,.F.);
#1491=ORIENTED_EDGE('',*,*,#1003,.F.);
#1492=ORIENTED_EDGE('',*,*,#1009,.T.);
#1493=ORIENTED_EDGE('',*,*,#1017,.F.);
#1494=ORIENTED_EDGE('',*,*,#1000,.T.);
#1495=ORIENTED_EDGE('',*,*,#996,.F.);
#1496=ORIENTED_EDGE('',*,*,#1020,.T.);
#1497=ORIENTED_EDGE('',*,*,#1018,.F.);
#1498=ORIENTED_EDGE('',*,*,#913,.F.);
#1499=ORIENTED_EDGE('',*,*,#1062,.T.);
#1500=ORIENTED_EDGE('',*,*,#1059,.T.);
#1501=ORIENTED_EDGE('',*,*,#1061,.T.);
#1502=ORIENTED_EDGE('',*,*,#1035,.F.);
#1503=ORIENTED_EDGE('',*,*,#1041,.T.);
#1504=ORIENTED_EDGE('',*,*,#1062,.F.);
#1505=ORIENTED_EDGE('',*,*,#912,.F.);
#1506=ORIENTED_EDGE('',*,*,#927,.F.);
#1507=ORIENTED_EDGE('',*,*,#1043,.T.);
#1508=ORIENTED_EDGE('',*,*,#1045,.T.);
#1509=ORIENTED_EDGE('',*,*,#1047,.T.);
#1510=ORIENTED_EDGE('',*,*,#1050,.T.);
#1511=ORIENTED_EDGE('',*,*,#1052,.T.);
#1512=ORIENTED_EDGE('',*,*,#1055,.T.);
#1513=ORIENTED_EDGE('',*,*,#1057,.T.);
#1514=ORIENTED_EDGE('',*,*,#1060,.T.);
#1515=ORIENTED_EDGE('',*,*,#1053,.T.);
#1516=ORIENTED_EDGE('',*,*,#1024,.F.);
#1517=ORIENTED_EDGE('',*,*,#1033,.F.);
#1518=ORIENTED_EDGE('',*,*,#1030,.F.);
#1519=ORIENTED_EDGE('',*,*,#1048,.T.);
#1520=ORIENTED_EDGE('',*,*,#925,.F.);
#1521=ORIENTED_EDGE('',*,*,#943,.F.);
#1522=ORIENTED_EDGE('',*,*,#1026,.F.);
#1523=ORIENTED_EDGE('',*,*,#1063,.T.);
#1524=ORIENTED_EDGE('',*,*,#1064,.T.);
#1525=ORIENTED_EDGE('',*,*,#1065,.T.);
#1526=ORIENTED_EDGE('',*,*,#1066,.T.);
#1527=ORIENTED_EDGE('',*,*,#1067,.T.);
#1528=ORIENTED_EDGE('',*,*,#1038,.T.);
#1529=ORIENTED_EDGE('',*,*,#1065,.F.);
#1530=ORIENTED_EDGE('',*,*,#1068,.T.);
#1531=ORIENTED_EDGE('',*,*,#1069,.T.);
#1532=ORIENTED_EDGE('',*,*,#1070,.T.);
#1533=ORIENTED_EDGE('',*,*,#1067,.F.);
#1534=ORIENTED_EDGE('',*,*,#1071,.T.);
#1535=ORIENTED_EDGE('',*,*,#1072,.T.);
#1536=ORIENTED_EDGE('',*,*,#957,.T.);
#1537=ORIENTED_EDGE('',*,*,#1069,.F.);
#1538=ORIENTED_EDGE('',*,*,#1073,.T.);
#1539=ORIENTED_EDGE('',*,*,#1074,.T.);
#1540=ORIENTED_EDGE('',*,*,#1075,.T.);
#1541=ORIENTED_EDGE('',*,*,#1072,.F.);
#1542=ORIENTED_EDGE('',*,*,#1076,.T.);
#1543=ORIENTED_EDGE('',*,*,#1077,.T.);
#1544=ORIENTED_EDGE('',*,*,#978,.T.);
#1545=ORIENTED_EDGE('',*,*,#1074,.F.);
#1546=ORIENTED_EDGE('',*,*,#1078,.T.);
#1547=ORIENTED_EDGE('',*,*,#1079,.T.);
#1548=ORIENTED_EDGE('',*,*,#1080,.T.);
#1549=ORIENTED_EDGE('',*,*,#1077,.F.);
#1550=ORIENTED_EDGE('',*,*,#1081,.T.);
#1551=ORIENTED_EDGE('',*,*,#1079,.F.);
#1552=ORIENTED_EDGE('',*,*,#1082,.T.);
#1553=ORIENTED_EDGE('',*,*,#1063,.F.);
#1554=ORIENTED_EDGE('',*,*,#1012,.T.);
#1555=ORIENTED_EDGE('',*,*,#1080,.F.);
#1556=ORIENTED_EDGE('',*,*,#1011,.T.);
#1557=ORIENTED_EDGE('',*,*,#1034,.T.);
#1558=ORIENTED_EDGE('',*,*,#979,.T.);
#1559=ORIENTED_EDGE('',*,*,#1066,.F.);
#1560=ORIENTED_EDGE('',*,*,#1037,.T.);
#1561=ORIENTED_EDGE('',*,*,#916,.T.);
#1562=ORIENTED_EDGE('',*,*,#1013,.T.);
#1563=ORIENTED_EDGE('',*,*,#1064,.F.);
#1564=ORIENTED_EDGE('',*,*,#1082,.F.);
#1565=ORIENTED_EDGE('',*,*,#1081,.F.);
#1566=ORIENTED_EDGE('',*,*,#1078,.F.);
#1567=ORIENTED_EDGE('',*,*,#1076,.F.);
#1568=ORIENTED_EDGE('',*,*,#1073,.F.);
#1569=ORIENTED_EDGE('',*,*,#1071,.F.);
#1570=ORIENTED_EDGE('',*,*,#1068,.F.);
#1571=ORIENTED_EDGE('',*,*,#1075,.F.);
#1572=ORIENTED_EDGE('',*,*,#977,.T.);
#1573=ORIENTED_EDGE('',*,*,#1032,.T.);
#1574=ORIENTED_EDGE('',*,*,#958,.T.);
#1575=ORIENTED_EDGE('',*,*,#1070,.F.);
#1576=ORIENTED_EDGE('',*,*,#956,.T.);
#1577=ORIENTED_EDGE('',*,*,#939,.T.);
#1578=ORIENTED_EDGE('',*,*,#1039,.T.);
#1579=PLANE('',#1747);
#1580=PLANE('',#1748);
#1581=PLANE('',#1749);
#1582=PLANE('',#1750);
#1583=PLANE('',#1751);
#1584=PLANE('',#1752);
#1585=PLANE('',#1759);
#1586=PLANE('',#1762);
#1587=PLANE('',#1767);
#1588=PLANE('',#1768);
#1589=PLANE('',#1770);
#1590=PLANE('',#1771);
#1591=PLANE('',#1772);
#1592=PLANE('',#1773);
#1593=PLANE('',#1774);
#1594=PLANE('',#1775);
#1595=PLANE('',#1782);
#1596=PLANE('',#1785);
#1597=PLANE('',#1790);
#1598=PLANE('',#1791);
#1599=PLANE('',#1795);
#1600=PLANE('',#1798);
#1601=PLANE('',#1804);
#1602=PLANE('',#1809);
#1603=PLANE('',#1815);
#1604=PLANE('',#1819);
#1605=PLANE('',#1820);
#1606=PLANE('',#1827);
#1607=PLANE('',#1831);
#1608=PLANE('',#1832);
#1609=PLANE('',#1838);
#1610=PLANE('',#1843);
#1611=PLANE('',#1847);
#1612=PLANE('',#1851);
#1613=PLANE('',#1852);
#1614=PLANE('',#1859);
#1615=PLANE('',#1860);
#1616=PLANE('',#1861);
#1617=PLANE('',#1862);
#1618=PLANE('',#1863);
#1619=PLANE('',#1864);
#1620=PLANE('',#1867);
#1621=PLANE('',#1870);
#1622=PLANE('',#1896);
#1623=PLANE('',#1898);
#1624=PLANE('',#1923);
#1625=ADVANCED_FACE('',(#167),#1579,.F.);
#1626=ADVANCED_FACE('',(#168),#1580,.F.);
#1627=ADVANCED_FACE('',(#169),#1581,.F.);
#1628=ADVANCED_FACE('',(#170),#1582,.T.);
#1629=ADVANCED_FACE('',(#171),#1583,.T.);
#1630=ADVANCED_FACE('',(#172),#1584,.T.);
#1631=ADVANCED_FACE('',(#173),#39,.T.);
#1632=ADVANCED_FACE('',(#174),#1585,.F.);
#1633=ADVANCED_FACE('',(#175),#40,.T.);
#1634=ADVANCED_FACE('',(#176),#1586,.T.);
#1635=ADVANCED_FACE('',(#177),#41,.T.);
#1636=ADVANCED_FACE('',(#178),#42,.T.);
#1637=ADVANCED_FACE('',(#179),#1587,.T.);
#1638=ADVANCED_FACE('',(#180),#1588,.T.);
#1639=ADVANCED_FACE('',(#181),#1589,.F.);
#1640=ADVANCED_FACE('',(#182),#1590,.F.);
#1641=ADVANCED_FACE('',(#183),#1591,.F.);
#1642=ADVANCED_FACE('',(#184),#1592,.T.);
#1643=ADVANCED_FACE('',(#185),#1593,.T.);
#1644=ADVANCED_FACE('',(#186),#1594,.T.);
#1645=ADVANCED_FACE('',(#187),#43,.T.);
#1646=ADVANCED_FACE('',(#188),#1595,.F.);
#1647=ADVANCED_FACE('',(#189),#44,.T.);
#1648=ADVANCED_FACE('',(#190),#1596,.T.);
#1649=ADVANCED_FACE('',(#191),#45,.T.);
#1650=ADVANCED_FACE('',(#192),#46,.T.);
#1651=ADVANCED_FACE('',(#193),#1597,.T.);
#1652=ADVANCED_FACE('',(#194),#1598,.T.);
#1653=ADVANCED_FACE('',(#195),#47,.T.);
#1654=ADVANCED_FACE('',(#196),#1599,.T.);
#1655=ADVANCED_FACE('',(#197),#1600,.F.);
#1656=ADVANCED_FACE('',(#198),#48,.F.);
#1657=ADVANCED_FACE('',(#199),#1601,.F.);
#1658=ADVANCED_FACE('',(#200),#49,.F.);
#1659=ADVANCED_FACE('',(#201),#50,.T.);
#1660=ADVANCED_FACE('',(#202),#1602,.T.);
#1661=ADVANCED_FACE('',(#203),#51,.F.);
#1662=ADVANCED_FACE('',(#204),#1603,.F.);
#1663=ADVANCED_FACE('',(#205),#52,.T.);
#1664=ADVANCED_FACE('',(#206),#1604,.F.);
#1665=ADVANCED_FACE('',(#207),#1605,.T.);
#1666=ADVANCED_FACE('',(#208),#53,.F.);
#1667=ADVANCED_FACE('',(#209),#54,.T.);
#1668=ADVANCED_FACE('',(#210),#1606,.F.);
#1669=ADVANCED_FACE('',(#211),#55,.T.);
#1670=ADVANCED_FACE('',(#212),#1607,.F.);
#1671=ADVANCED_FACE('',(#213),#1608,.T.);
#1672=ADVANCED_FACE('',(#214),#56,.F.);
#1673=ADVANCED_FACE('',(#215),#1609,.F.);
#1674=ADVANCED_FACE('',(#216),#57,.F.);
#1675=ADVANCED_FACE('',(#217),#58,.T.);
#1676=ADVANCED_FACE('',(#218),#1610,.F.);
#1677=ADVANCED_FACE('',(#219),#59,.F.);
#1678=ADVANCED_FACE('',(#220),#1611,.F.);
#1679=ADVANCED_FACE('',(#221),#60,.T.);
#1680=ADVANCED_FACE('',(#222),#1612,.F.);
#1681=ADVANCED_FACE('',(#223),#1613,.T.);
#1682=ADVANCED_FACE('',(#224),#61,.F.);
#1683=ADVANCED_FACE('',(#225),#62,.T.);
#1684=ADVANCED_FACE('',(#226),#1614,.F.);
#1685=ADVANCED_FACE('',(#227),#1615,.F.);
#1686=ADVANCED_FACE('',(#228),#1616,.F.);
#1687=ADVANCED_FACE('',(#229),#1617,.F.);
#1688=ADVANCED_FACE('',(#230),#1618,.F.);
#1689=ADVANCED_FACE('',(#231),#1619,.T.);
#1690=ADVANCED_FACE('',(#232),#1620,.T.);
#1691=ADVANCED_FACE('',(#233),#1621,.T.);
#1692=ADVANCED_FACE('',(#234),#23,.F.);
#1693=ADVANCED_FACE('',(#235),#63,.F.);
#1694=ADVANCED_FACE('',(#236),#24,.F.);
#1695=ADVANCED_FACE('',(#237),#64,.F.);
#1696=ADVANCED_FACE('',(#238),#25,.F.);
#1697=ADVANCED_FACE('',(#239),#65,.F.);
#1698=ADVANCED_FACE('',(#240),#26,.F.);
#1699=ADVANCED_FACE('',(#241),#66,.F.);
#1700=ADVANCED_FACE('',(#242),#67,.F.);
#1701=ADVANCED_FACE('',(#243),#1622,.F.);
#1702=ADVANCED_FACE('',(#244),#68,.F.);
#1703=ADVANCED_FACE('',(#245),#1623,.T.);
#1704=ADVANCED_FACE('',(#246),#69,.F.);
#1705=ADVANCED_FACE('',(#247),#70,.F.);
#1706=ADVANCED_FACE('',(#248),#19,.F.);
#1707=ADVANCED_FACE('',(#249),#71,.T.);
#1708=ADVANCED_FACE('',(#250),#20,.F.);
#1709=ADVANCED_FACE('',(#251),#72,.T.);
#1710=ADVANCED_FACE('',(#252),#21,.F.);
#1711=ADVANCED_FACE('',(#253),#73,.T.);
#1712=ADVANCED_FACE('',(#254),#22,.F.);
#1713=ADVANCED_FACE('',(#255),#74,.T.);
#1714=ADVANCED_FACE('',(#256),#75,.T.);
#1715=ADVANCED_FACE('',(#257),#76,.T.);
#1716=ADVANCED_FACE('',(#258),#1624,.F.);
#1717=ADVANCED_FACE('',(#259),#77,.T.);
#1718=ADVANCED_FACE('',(#260),#78,.T.);
#1719=CLOSED_SHELL('',(#1625,#1626,#1627,#1628,#1629,#1630,#1631,#1632,
#1633,#1634,#1635,#1636,#1637,#1638));
#1720=CLOSED_SHELL('',(#1639,#1640,#1641,#1642,#1643,#1644,#1645,#1646,
#1647,#1648,#1649,#1650,#1651,#1652));
#1721=CLOSED_SHELL('',(#1653,#1654,#1655,#1656,#1657,#1658,#1659,#1660,
#1661,#1662,#1663,#1664,#1665,#1666,#1667,#1668,#1669,#1670,#1671,#1672,
#1673,#1674,#1675,#1676,#1677,#1678,#1679,#1680,#1681,#1682,#1683,#1684,
#1685,#1686,#1687,#1688,#1689,#1690,#1691,#1692,#1693,#1694,#1695,#1696,
#1697,#1698,#1699,#1700,#1701,#1702,#1703,#1704,#1705,#1706,#1707,#1708,
#1709,#1710,#1711,#1712,#1713,#1714,#1715,#1716,#1717,#1718));
#1722=DERIVED_UNIT_ELEMENT(#1726,1.);
#1723=DERIVED_UNIT_ELEMENT(#3004,-3.);
#1724=DERIVED_UNIT_ELEMENT(#1726,1.);
#1725=DERIVED_UNIT_ELEMENT(#3004,-3.);
#1726=(
MASS_UNIT()
NAMED_UNIT(*)
SI_UNIT(.KILO.,.GRAM.)
);
#1727=DERIVED_UNIT((#1722,#1723));
#1728=DERIVED_UNIT((#1724,#1725));
#1729=MEASURE_REPRESENTATION_ITEM('density measure',
POSITIVE_RATIO_MEASURE(1060.),#1727);
#1730=MEASURE_REPRESENTATION_ITEM('density measure',
POSITIVE_RATIO_MEASURE(1060.),#1728);
#1731=PROPERTY_DEFINITION_REPRESENTATION(#1741,#1735);
#1732=PROPERTY_DEFINITION_REPRESENTATION(#1742,#1736);
#1733=PROPERTY_DEFINITION_REPRESENTATION(#1743,#1737);
#1734=PROPERTY_DEFINITION_REPRESENTATION(#1744,#1738);
#1735=REPRESENTATION('material name',(#1739),#2998);
#1736=REPRESENTATION('density',(#1729),#2998);
#1737=REPRESENTATION('material name',(#1740),#2999);
#1738=REPRESENTATION('density',(#1730),#2999);
#1739=DESCRIPTIVE_REPRESENTATION_ITEM('ABS Plastic','ABS Plastic');
#1740=DESCRIPTIVE_REPRESENTATION_ITEM('ABS Plastic','ABS Plastic');
#1741=PROPERTY_DEFINITION('material property','material name',#3021);
#1742=PROPERTY_DEFINITION('material property','density of part',#3021);
#1743=PROPERTY_DEFINITION('material property','material name',#3022);
#1744=PROPERTY_DEFINITION('material property','density of part',#3022);
#1745=AXIS2_PLACEMENT_3D('',#2454,#1928,#1929);
#1746=AXIS2_PLACEMENT_3D('',#2455,#1930,#1931);
#1747=AXIS2_PLACEMENT_3D('',#2456,#1932,#1933);
#1748=AXIS2_PLACEMENT_3D('',#2465,#1938,#1939);
#1749=AXIS2_PLACEMENT_3D('',#2474,#1944,#1945);
#1750=AXIS2_PLACEMENT_3D('',#2477,#1948,#1949);
#1751=AXIS2_PLACEMENT_3D('',#2483,#1953,#1954);
#1752=AXIS2_PLACEMENT_3D('',#2489,#1958,#1959);
#1753=AXIS2_PLACEMENT_3D('',#2491,#1960,#1961);
#1754=AXIS2_PLACEMENT_3D('',#2495,#1963,#1964);
#1755=AXIS2_PLACEMENT_3D('',#2499,#1966,#1967);
#1756=AXIS2_PLACEMENT_3D('',#2502,#1969,#1970);
#1757=AXIS2_PLACEMENT_3D('',#2503,#1971,#1972);
#1758=AXIS2_PLACEMENT_3D('',#2507,#1974,#1975);
#1759=AXIS2_PLACEMENT_3D('',#2509,#1977,#1978);
#1760=AXIS2_PLACEMENT_3D('',#2513,#1981,#1982);
#1761=AXIS2_PLACEMENT_3D('',#2515,#1983,#1984);
#1762=AXIS2_PLACEMENT_3D('',#2517,#1986,#1987);
#1763=AXIS2_PLACEMENT_3D('',#2519,#1988,#1989);
#1764=AXIS2_PLACEMENT_3D('',#2522,#1991,#1992);
#1765=AXIS2_PLACEMENT_3D('',#2524,#1994,#1995);
#1766=AXIS2_PLACEMENT_3D('',#2526,#1997,#1998);
#1767=AXIS2_PLACEMENT_3D('',#2528,#2000,#2001);
#1768=AXIS2_PLACEMENT_3D('',#2529,#2002,#2003);
#1769=AXIS2_PLACEMENT_3D('',#2530,#2004,#2005);
#1770=AXIS2_PLACEMENT_3D('',#2531,#2006,#2007);
#1771=AXIS2_PLACEMENT_3D('',#2540,#2012,#2013);
#1772=AXIS2_PLACEMENT_3D('',#2549,#2018,#2019);
#1773=AXIS2_PLACEMENT_3D('',#2552,#2022,#2023);
#1774=AXIS2_PLACEMENT_3D('',#2558,#2027,#2028);
#1775=AXIS2_PLACEMENT_3D('',#2564,#2032,#2033);
#1776=AXIS2_PLACEMENT_3D('',#2566,#2034,#2035);
#1777=AXIS2_PLACEMENT_3D('',#2570,#2037,#2038);
#1778=AXIS2_PLACEMENT_3D('',#2574,#2040,#2041);
#1779=AXIS2_PLACEMENT_3D('',#2577,#2043,#2044);
#1780=AXIS2_PLACEMENT_3D('',#2578,#2045,#2046);
#1781=AXIS2_PLACEMENT_3D('',#2582,#2048,#2049);
#1782=AXIS2_PLACEMENT_3D('',#2584,#2051,#2052);
#1783=AXIS2_PLACEMENT_3D('',#2588,#2055,#2056);
#1784=AXIS2_PLACEMENT_3D('',#2590,#2057,#2058);
#1785=AXIS2_PLACEMENT_3D('',#2592,#2060,#2061);
#1786=AXIS2_PLACEMENT_3D('',#2594,#2062,#2063);
#1787=AXIS2_PLACEMENT_3D('',#2597,#2065,#2066);
#1788=AXIS2_PLACEMENT_3D('',#2599,#2068,#2069);
#1789=AXIS2_PLACEMENT_3D('',#2601,#2071,#2072);
#1790=AXIS2_PLACEMENT_3D('',#2603,#2074,#2075);
#1791=AXIS2_PLACEMENT_3D('',#2604,#2076,#2077);
#1792=AXIS2_PLACEMENT_3D('',#2605,#2078,#2079);
#1793=AXIS2_PLACEMENT_3D('',#2608,#2080,#2081);
#1794=AXIS2_PLACEMENT_3D('',#2612,#2083,#2084);
#1795=AXIS2_PLACEMENT_3D('',#2614,#2086,#2087);
#1796=AXIS2_PLACEMENT_3D('',#2618,#2089,#2090);
#1797=AXIS2_PLACEMENT_3D('',#2626,#2094,#2095);
#1798=AXIS2_PLACEMENT_3D('',#2628,#2097,#2098);
#1799=AXIS2_PLACEMENT_3D('',#2632,#2100,#2101);
#1800=AXIS2_PLACEMENT_3D('',#2636,#2103,#2104);
#1801=AXIS2_PLACEMENT_3D('',#2640,#2106,#2107);
#1802=AXIS2_PLACEMENT_3D('',#2648,#2112,#2113);
#1803=AXIS2_PLACEMENT_3D('',#2651,#2114,#2115);
#1804=AXIS2_PLACEMENT_3D('',#2654,#2118,#2119);
#1805=AXIS2_PLACEMENT_3D('',#2658,#2122,#2123);
#1806=AXIS2_PLACEMENT_3D('',#2660,#2124,#2125);
#1807=AXIS2_PLACEMENT_3D('',#2662,#2127,#2128);
#1808=AXIS2_PLACEMENT_3D('',#2665,#2129,#2130);
#1809=AXIS2_PLACEMENT_3D('',#2668,#2133,#2134);
#1810=AXIS2_PLACEMENT_3D('',#2672,#2136,#2137);
#1811=AXIS2_PLACEMENT_3D('',#2679,#2141,#2142);
#1812=AXIS2_PLACEMENT_3D('',#2680,#2143,#2144);
#1813=AXIS2_PLACEMENT_3D('',#2683,#2145,#2146);
#1814=AXIS2_PLACEMENT_3D('',#2687,#2148,#2149);
#1815=AXIS2_PLACEMENT_3D('',#2689,#2151,#2152);
#1816=AXIS2_PLACEMENT_3D('',#2695,#2156,#2157);
#1817=AXIS2_PLACEMENT_3D('',#2697,#2158,#2159);
#1818=AXIS2_PLACEMENT_3D('',#2699,#2160,#2161);
#1819=AXIS2_PLACEMENT_3D('',#2701,#2163,#2164);
#1820=AXIS2_PLACEMENT_3D('',#2704,#2167,#2168);
#1821=AXIS2_PLACEMENT_3D('',#2714,#2173,#2174);
#1822=AXIS2_PLACEMENT_3D('',#2717,#2176,#2177);
#1823=AXIS2_PLACEMENT_3D('',#2718,#2178,#2179);
#1824=AXIS2_PLACEMENT_3D('',#2720,#2180,#2181);
#1825=AXIS2_PLACEMENT_3D('',#2722,#2183,#2184);
#1826=AXIS2_PLACEMENT_3D('',#2726,#2186,#2187);
#1827=AXIS2_PLACEMENT_3D('',#2728,#2189,#2190);
#1828=AXIS2_PLACEMENT_3D('',#2730,#2192,#2193);
#1829=AXIS2_PLACEMENT_3D('',#2733,#2194,#2195);
#1830=AXIS2_PLACEMENT_3D('',#2737,#2197,#2198);
#1831=AXIS2_PLACEMENT_3D('',#2739,#2200,#2201);
#1832=AXIS2_PLACEMENT_3D('',#2745,#2205,#2206);
#1833=AXIS2_PLACEMENT_3D('',#2757,#2212,#2213);
#1834=AXIS2_PLACEMENT_3D('',#2761,#2215,#2216);
#1835=AXIS2_PLACEMENT_3D('',#2764,#2218,#2219);
#1836=AXIS2_PLACEMENT_3D('',#2765,#2220,#2221);
#1837=AXIS2_PLACEMENT_3D('',#2768,#2223,#2224);
#1838=AXIS2_PLACEMENT_3D('',#2769,#2225,#2226);
#1839=AXIS2_PLACEMENT_3D('',#2773,#2229,#2230);
#1840=AXIS2_PLACEMENT_3D('',#2775,#2231,#2232);
#1841=AXIS2_PLACEMENT_3D('',#2777,#2234,#2235);
#1842=AXIS2_PLACEMENT_3D('',#2781,#2237,#2238);
#1843=AXIS2_PLACEMENT_3D('',#2783,#2240,#2241);
#1844=AXIS2_PLACEMENT_3D('',#2785,#2243,#2244);
#1845=AXIS2_PLACEMENT_3D('',#2788,#2245,#2246);
#1846=AXIS2_PLACEMENT_3D('',#2792,#2248,#2249);
#1847=AXIS2_PLACEMENT_3D('',#2794,#2251,#2252);
#1848=AXIS2_PLACEMENT_3D('',#2800,#2256,#2257);
#1849=AXIS2_PLACEMENT_3D('',#2803,#2258,#2259);
#1850=AXIS2_PLACEMENT_3D('',#2807,#2261,#2262);
#1851=AXIS2_PLACEMENT_3D('',#2809,#2264,#2265);
#1852=AXIS2_PLACEMENT_3D('',#2815,#2269,#2270);
#1853=AXIS2_PLACEMENT_3D('',#2824,#2275,#2276);
#1854=AXIS2_PLACEMENT_3D('',#2826,#2278,#2279);
#1855=AXIS2_PLACEMENT_3D('',#2827,#2280,#2281);
#1856=AXIS2_PLACEMENT_3D('',#2828,#2282,#2283);
#1857=AXIS2_PLACEMENT_3D('',#2829,#2284,#2285);
#1858=AXIS2_PLACEMENT_3D('',#2831,#2286,#2287);
#1859=AXIS2_PLACEMENT_3D('',#2833,#2289,#2290);
#1860=AXIS2_PLACEMENT_3D('',#2835,#2292,#2293);
#1861=AXIS2_PLACEMENT_3D('',#2837,#2295,#2296);
#1862=AXIS2_PLACEMENT_3D('',#2839,#2298,#2299);
#1863=AXIS2_PLACEMENT_3D('',#2847,#2304,#2305);
#1864=AXIS2_PLACEMENT_3D('',#2857,#2311,#2312);
#1865=AXIS2_PLACEMENT_3D('',#2858,#2313,#2314);
#1866=AXIS2_PLACEMENT_3D('',#2859,#2315,#2316);
#1867=AXIS2_PLACEMENT_3D('',#2860,#2317,#2318);
#1868=AXIS2_PLACEMENT_3D('',#2861,#2319,#2320);
#1869=AXIS2_PLACEMENT_3D('',#2864,#2322,#2323);
#1870=AXIS2_PLACEMENT_3D('',#2865,#2324,#2325);
#1871=AXIS2_PLACEMENT_3D('',#2871,#2329,#2330);
#1872=AXIS2_PLACEMENT_3D('',#2874,#2331,#2332);
#1873=AXIS2_PLACEMENT_3D('',#2875,#2333,#2334);
#1874=AXIS2_PLACEMENT_3D('',#2877,#2335,#2336);
#1875=AXIS2_PLACEMENT_3D('',#2878,#2337,#2338);
#1876=AXIS2_PLACEMENT_3D('',#2879,#2339,#2340);
#1877=AXIS2_PLACEMENT_3D('',#2881,#2341,#2342);
#1878=AXIS2_PLACEMENT_3D('',#2883,#2344,#2345);
#1879=AXIS2_PLACEMENT_3D('',#2885,#2346,#2347);
#1880=AXIS2_PLACEMENT_3D('',#2886,#2348,#2349);
#1881=AXIS2_PLACEMENT_3D('',#2887,#2350,#2351);
#1882=AXIS2_PLACEMENT_3D('',#2888,#2352,#2353);
#1883=AXIS2_PLACEMENT_3D('',#2890,#2354,#2355);
#1884=AXIS2_PLACEMENT_3D('',#2892,#2357,#2358);
#1885=AXIS2_PLACEMENT_3D('',#2894,#2359,#2360);
#1886=AXIS2_PLACEMENT_3D('',#2895,#2361,#2362);
#1887=AXIS2_PLACEMENT_3D('',#2896,#2363,#2364);
#1888=AXIS2_PLACEMENT_3D('',#2897,#2365,#2366);
#1889=AXIS2_PLACEMENT_3D('',#2899,#2367,#2368);
#1890=AXIS2_PLACEMENT_3D('',#2901,#2370,#2371);
#1891=AXIS2_PLACEMENT_3D('',#2904,#2372,#2373);
#1892=AXIS2_PLACEMENT_3D('',#2905,#2374,#2375);
#1893=AXIS2_PLACEMENT_3D('',#2906,#2376,#2377);
#1894=AXIS2_PLACEMENT_3D('',#2907,#2378,#2379);
#1895=AXIS2_PLACEMENT_3D('',#2910,#2382,#2383);
#1896=AXIS2_PLACEMENT_3D('',#2912,#2385,#2386);
#1897=AXIS2_PLACEMENT_3D('',#2914,#2388,#2389);
#1898=AXIS2_PLACEMENT_3D('',#2915,#2390,#2391);
#1899=AXIS2_PLACEMENT_3D('',#2916,#2392,#2393);
#1900=AXIS2_PLACEMENT_3D('',#2917,#2394,#2395);
#1901=AXIS2_PLACEMENT_3D('',#2928,#2396,#2397);
#1902=AXIS2_PLACEMENT_3D('',#2930,#2398,#2399);
#1903=AXIS2_PLACEMENT_3D('',#2931,#2400,#2401);
#1904=AXIS2_PLACEMENT_3D('',#2932,#2402,#2403);
#1905=AXIS2_PLACEMENT_3D('',#2933,#2404,#2405);
#1906=AXIS2_PLACEMENT_3D('',#2935,#2406,#2407);
#1907=AXIS2_PLACEMENT_3D('',#2947,#2409,#2410);
#1908=AXIS2_PLACEMENT_3D('',#2948,#2411,#2412);
#1909=AXIS2_PLACEMENT_3D('',#2949,#2413,#2414);
#1910=AXIS2_PLACEMENT_3D('',#2950,#2415,#2416);
#1911=AXIS2_PLACEMENT_3D('',#2952,#2417,#2418);
#1912=AXIS2_PLACEMENT_3D('',#2964,#2420,#2421);
#1913=AXIS2_PLACEMENT_3D('',#2965,#2422,#2423);
#1914=AXIS2_PLACEMENT_3D('',#2966,#2424,#2425);
#1915=AXIS2_PLACEMENT_3D('',#2967,#2426,#2427);
#1916=AXIS2_PLACEMENT_3D('',#2969,#2428,#2429);
#1917=AXIS2_PLACEMENT_3D('',#2981,#2431,#2432);
#1918=AXIS2_PLACEMENT_3D('',#2982,#2433,#2434);
#1919=AXIS2_PLACEMENT_3D('',#2983,#2435,#2436);
#1920=AXIS2_PLACEMENT_3D('',#2984,#2437,#2438);
#1921=AXIS2_PLACEMENT_3D('',#2986,#2440,#2441);
#1922=AXIS2_PLACEMENT_3D('',#2987,#2442,#2443);
#1923=AXIS2_PLACEMENT_3D('',#2988,#2444,#2445);
#1924=AXIS2_PLACEMENT_3D('',#2989,#2446,#2447);
#1925=AXIS2_PLACEMENT_3D('',#2990,#2448,#2449);
#1926=AXIS2_PLACEMENT_3D('',#2991,#2450,#2451);
#1927=AXIS2_PLACEMENT_3D('',#2992,#2452,#2453);
#1928=DIRECTION('axis',(0.,0.,1.));
#1929=DIRECTION('refdir',(1.,0.,0.));
#1930=DIRECTION('axis',(0.,0.,1.));
#1931=DIRECTION('refdir',(1.,0.,0.));
#1932=DIRECTION('center_axis',(-0.779677916756215,-8.62816615085482E-32,
0.6261807615399));
#1933=DIRECTION('ref_axis',(0.6261807615399,1.22464679914735E-16,0.779677916756215));
#1934=DIRECTION('',(0.6261807615399,1.22464679914735E-16,0.779677916756215));
#1935=DIRECTION('',(7.66850265307491E-17,-1.,9.54830065121375E-17));
#1936=DIRECTION('',(0.6261807615399,1.22464679914735E-16,0.779677916756215));
#1937=DIRECTION('',(-7.66850265307491E-17,1.,-9.54830065121375E-17));
#1938=DIRECTION('center_axis',(0.779677916756208,-1.24492111605191E-30,
-0.626180761539908));
#1939=DIRECTION('ref_axis',(-0.626180761539908,-1.22464679914735E-16,-0.779677916756208));
#1940=DIRECTION('',(-0.626180761539908,-1.22464679914735E-16,-0.779677916756208));
#1941=DIRECTION('',(7.66850265307491E-17,-1.,9.54830065121375E-17));
#1942=DIRECTION('',(-0.626180761539908,-1.22464679914735E-16,-0.779677916756208));
#1943=DIRECTION('',(-7.66850265307491E-17,1.,-9.54830065121375E-17));
#1944=DIRECTION('center_axis',(-7.66850265307491E-17,1.,-9.54830065121375E-17));
#1945=DIRECTION('ref_axis',(0.000659901354016307,9.55335902749929E-17,0.999999782265078));
#1946=DIRECTION('',(0.779677916756218,6.5327543713615E-31,-0.626180761539896));
#1947=DIRECTION('',(-0.779677916756215,0.,0.6261807615399));
#1948=DIRECTION('center_axis',(7.66850265307491E-17,-1.,9.54830065121375E-17));
#1949=DIRECTION('ref_axis',(-0.000659901354016307,-9.55335902749929E-17,
-0.999999782265078));
#1950=DIRECTION('',(0.779677916756215,0.,-0.6261807615399));
#1951=DIRECTION('',(-0.626180761539884,-1.22464679914735E-16,-0.779677916756227));
#1952=DIRECTION('',(-0.779677916756218,-6.5327543713615E-31,0.626180761539896));
#1953=DIRECTION('center_axis',(7.66850265307491E-17,-1.,9.54830065121375E-17));
#1954=DIRECTION('ref_axis',(-0.000659901354016307,-9.55335902749929E-17,
-0.999999782265078));
#1955=DIRECTION('',(-0.779677916756218,-6.5327543713615E-31,0.626180761539896));
#1956=DIRECTION('',(0.626180761539884,1.22464679914735E-16,0.779677916756228));
#1957=DIRECTION('',(0.779677916756215,0.,-0.6261807615399));
#1958=DIRECTION('center_axis',(0.626180761539896,1.22464679914735E-16,0.779677916756218));
#1959=DIRECTION('ref_axis',(-0.779677916756218,-6.5327543713615E-31,0.626180761539896));
#1960=DIRECTION('center_axis',(-0.626180761539896,-1.22464679914735E-16,
-0.779677916756218));
#1961=DIRECTION('ref_axis',(0.551315542079729,-0.707106781186548,-0.442776662733409));
#1962=DIRECTION('',(7.66850265307491E-17,-1.,9.54830065121375E-17));
#1963=DIRECTION('center_axis',(-0.626180761539896,-1.22464679914735E-16,
-0.779677916756218));
#1964=DIRECTION('ref_axis',(0.551315542079729,0.707106781186548,-0.442776662733408));
#1965=DIRECTION('',(0.779677916756218,6.5327543713615E-31,-0.626180761539896));
#1966=DIRECTION('center_axis',(-0.626180761539896,-1.22464679914735E-16,
-0.779677916756218));
#1967=DIRECTION('ref_axis',(-0.551315542079729,0.707106781186548,0.442776662733409));
#1968=DIRECTION('',(7.66850265307491E-17,-1.,9.54830065121375E-17));
#1969=DIRECTION('center_axis',(-0.626180761539896,-1.22464679914735E-16,
-0.779677916756218));
#1970=DIRECTION('ref_axis',(-0.551315542079729,-0.707106781186548,0.442776662733409));
#1971=DIRECTION('center_axis',(0.626180761539884,1.22464679914735E-16,0.779677916756228));
#1972=DIRECTION('ref_axis',(-0.551315542079729,0.707106781186548,0.442776662733409));
#1973=DIRECTION('',(-0.626180761539884,-1.22464679914735E-16,-0.779677916756228));
#1974=DIRECTION('center_axis',(0.6261807615399,1.22464679914735E-16,0.779677916756215));
#1975=DIRECTION('ref_axis',(-0.551315542079729,0.707106781186548,0.442776662733409));
#1976=DIRECTION('',(0.626180761539884,1.22464679914735E-16,0.779677916756228));
#1977=DIRECTION('center_axis',(7.66850265307491E-17,-1.,9.54830065121375E-17));
#1978=DIRECTION('ref_axis',(-0.999999782265078,-7.66220004684579E-17,0.000659901354016307));
#1979=DIRECTION('',(0.626180761539884,1.22464679914735E-16,0.779677916756227));
#1980=DIRECTION('',(-0.779677916756215,0.,0.6261807615399));
#1981=DIRECTION('center_axis',(0.626180761539884,1.22464679914735E-16,0.779677916756227));
#1982=DIRECTION('ref_axis',(0.551315542079729,-0.707106781186548,-0.442776662733409));
#1983=DIRECTION('center_axis',(0.6261807615399,1.22464679914735E-16,0.779677916756215));
#1984=DIRECTION('ref_axis',(0.551315542079729,-0.707106781186548,-0.442776662733409));
#1985=DIRECTION('',(0.626180761539884,1.22464679914735E-16,0.779677916756227));
#1986=DIRECTION('center_axis',(-0.6261807615399,-1.22464679914735E-16,-0.779677916756215));
#1987=DIRECTION('ref_axis',(0.779677916756214,0.,-0.6261807615399));
#1988=DIRECTION('center_axis',(0.6261807615399,1.22464679914735E-16,0.779677916756215));
#1989=DIRECTION('ref_axis',(-0.551315542079729,-0.707106781186548,0.442776662733409));
#1990=DIRECTION('',(7.66850265307491E-17,-1.,9.54830065121375E-17));
#1991=DIRECTION('center_axis',(0.6261807615399,1.22464679914735E-16,0.779677916756215));
#1992=DIRECTION('ref_axis',(0.551315542079729,0.707106781186548,-0.442776662733408));
#1993=DIRECTION('',(7.66850265307491E-17,-1.,9.54830065121375E-17));
#1994=DIRECTION('center_axis',(-0.626180761539884,-1.22464679914735E-16,
-0.779677916756228));
#1995=DIRECTION('ref_axis',(-0.551315542079729,-0.707106781186548,0.442776662733409));
#1996=DIRECTION('',(-0.626180761539884,-1.22464679914735E-16,-0.779677916756228));
#1997=DIRECTION('center_axis',(-0.626180761539884,-1.22464679914735E-16,
-0.779677916756227));
#1998=DIRECTION('ref_axis',(0.551315542079729,0.707106781186548,-0.442776662733408));
#1999=DIRECTION('',(-0.626180761539884,-1.22464679914735E-16,-0.779677916756227));
#2000=DIRECTION('center_axis',(0.779677916756227,2.51449413539197E-30,-0.626180761539884));
#2001=DIRECTION('ref_axis',(0.626180761539884,1.22464679914735E-16,0.779677916756227));
#2002=DIRECTION('center_axis',(-0.779677916756228,-2.6131017485446E-30,
0.626180761539884));
#2003=DIRECTION('ref_axis',(-0.626180761539884,-1.22464679914735E-16,-0.779677916756228));
#2004=DIRECTION('axis',(0.,0.,1.));
#2005=DIRECTION('refdir',(1.,0.,0.));
#2006=DIRECTION('center_axis',(-0.780090964525504,0.,-0.625666114685516));
#2007=DIRECTION('ref_axis',(0.625666114685516,0.,-0.780090964525504));
#2008=DIRECTION('',(0.625666114685516,0.,-0.780090964525504));
#2009=DIRECTION('',(0.,1.,0.));
#2010=DIRECTION('',(0.625666114685516,0.,-0.780090964525504));
#2011=DIRECTION('',(0.,-1.,0.));
#2012=DIRECTION('center_axis',(0.780090964525497,0.,0.625666114685525));
#2013=DIRECTION('ref_axis',(-0.625666114685525,0.,0.780090964525497));
#2014=DIRECTION('',(-0.625666114685525,0.,0.780090964525497));
#2015=DIRECTION('',(0.,1.,0.));
#2016=DIRECTION('',(-0.625666114685525,0.,0.780090964525497));
#2017=DIRECTION('',(0.,-1.,0.));
#2018=DIRECTION('center_axis',(0.,-1.,0.));
#2019=DIRECTION('ref_axis',(0.,0.,-1.));
#2020=DIRECTION('',(0.780090964525506,0.,0.625666114685513));
#2021=DIRECTION('',(-0.780090964525503,0.,-0.625666114685517));
#2022=DIRECTION('center_axis',(0.,1.,0.));
#2023=DIRECTION('ref_axis',(0.,0.,1.));
#2024=DIRECTION('',(0.780090964525503,0.,0.625666114685517));
#2025=DIRECTION('',(-0.625666114685501,0.,0.780090964525516));
#2026=DIRECTION('',(-0.780090964525507,0.,-0.625666114685513));
#2027=DIRECTION('center_axis',(0.,1.,0.));
#2028=DIRECTION('ref_axis',(0.,0.,1.));
#2029=DIRECTION('',(-0.780090964525506,0.,-0.625666114685513));
#2030=DIRECTION('',(0.6256661146855,0.,-0.780090964525516));
#2031=DIRECTION('',(0.780090964525503,0.,0.625666114685517));
#2032=DIRECTION('center_axis',(0.625666114685513,0.,-0.780090964525507));
#2033=DIRECTION('ref_axis',(-0.780090964525506,0.,-0.625666114685513));
#2034=DIRECTION('center_axis',(-0.625666114685513,0.,0.780090964525507));
#2035=DIRECTION('ref_axis',(0.551607610958347,0.707106781186548,0.442412752452758));
#2036=DIRECTION('',(0.,1.,0.));
#2037=DIRECTION('center_axis',(-0.625666114685513,0.,0.780090964525507));
#2038=DIRECTION('ref_axis',(0.551607610958347,-0.707106781186548,0.442412752452758));
#2039=DIRECTION('',(0.780090964525506,0.,0.625666114685513));
#2040=DIRECTION('center_axis',(-0.625666114685513,0.,0.780090964525507));
#2041=DIRECTION('ref_axis',(-0.551607610958346,-0.707106781186548,-0.442412752452758));
#2042=DIRECTION('',(0.,1.,0.));
#2043=DIRECTION('center_axis',(-0.625666114685513,0.,0.780090964525507));
#2044=DIRECTION('ref_axis',(-0.551607610958347,0.707106781186548,-0.442412752452758));
#2045=DIRECTION('center_axis',(0.6256661146855,0.,-0.780090964525517));
#2046=DIRECTION('ref_axis',(-0.551607610958346,-0.707106781186548,-0.442412752452758));
#2047=DIRECTION('',(-0.6256661146855,0.,0.780090964525516));
#2048=DIRECTION('center_axis',(0.625666114685517,0.,-0.780090964525503));
#2049=DIRECTION('ref_axis',(-0.551607610958346,-0.707106781186548,-0.442412752452758));
#2050=DIRECTION('',(0.6256661146855,0.,-0.780090964525516));
#2051=DIRECTION('center_axis',(0.,1.,0.));
#2052=DIRECTION('ref_axis',(-1.,0.,0.));
#2053=DIRECTION('',(0.625666114685501,0.,-0.780090964525516));
#2054=DIRECTION('',(-0.780090964525503,0.,-0.625666114685517));
#2055=DIRECTION('center_axis',(0.625666114685501,0.,-0.780090964525516));
#2056=DIRECTION('ref_axis',(0.551607610958347,0.707106781186548,0.442412752452758));
#2057=DIRECTION('center_axis',(0.625666114685517,0.,-0.780090964525503));
#2058=DIRECTION('ref_axis',(0.551607610958347,0.707106781186548,0.442412752452758));
#2059=DIRECTION('',(0.625666114685501,0.,-0.780090964525516));
#2060=DIRECTION('center_axis',(-0.625666114685517,0.,0.780090964525503));
#2061=DIRECTION('ref_axis',(0.780090964525503,0.,0.625666114685517));
#2062=DIRECTION('center_axis',(0.625666114685517,0.,-0.780090964525503));
#2063=DIRECTION('ref_axis',(-0.551607610958347,0.707106781186548,-0.442412752452758));
#2064=DIRECTION('',(0.,1.,0.));
#2065=DIRECTION('center_axis',(0.625666114685517,0.,-0.780090964525503));
#2066=DIRECTION('ref_axis',(0.551607610958347,-0.707106781186548,0.442412752452758));
#2067=DIRECTION('',(0.,1.,0.));
#2068=DIRECTION('center_axis',(-0.6256661146855,0.,0.780090964525517));
#2069=DIRECTION('ref_axis',(-0.551607610958347,0.707106781186548,-0.442412752452758));
#2070=DIRECTION('',(-0.6256661146855,0.,0.780090964525516));
#2071=DIRECTION('center_axis',(-0.625666114685501,0.,0.780090964525516));
#2072=DIRECTION('ref_axis',(0.551607610958347,-0.707106781186548,0.442412752452758));
#2073=DIRECTION('',(-0.625666114685501,0.,0.780090964525516));
#2074=DIRECTION('center_axis',(0.780090964525516,0.,0.625666114685501));
#2075=DIRECTION('ref_axis',(0.625666114685501,0.,-0.780090964525516));
#2076=DIRECTION('center_axis',(-0.780090964525517,0.,-0.6256661146855));
#2077=DIRECTION('ref_axis',(-0.6256661146855,0.,0.780090964525516));
#2078=DIRECTION('center_axis',(0.,0.,-1.));
#2079=DIRECTION('ref_axis',(0.5,0.866025403784439,0.));
#2080=DIRECTION('center_axis',(3.0329605423421E-34,0.,1.));
#2081=DIRECTION('ref_axis',(0.5,0.866025403784439,0.));
#2082=DIRECTION('',(0.,0.,1.));
#2083=DIRECTION('center_axis',(-3.0329605423421E-34,0.,-1.));
#2084=DIRECTION('ref_axis',(0.5,0.866025403784439,0.));
#2085=DIRECTION('',(0.,0.,-1.));
#2086=DIRECTION('center_axis',(0.,1.,0.));
#2087=DIRECTION('ref_axis',(0.,0.,1.));
#2088=DIRECTION('',(-1.,0.,3.0329605423421E-34));
#2089=DIRECTION('center_axis',(0.,-1.,0.));
#2090=DIRECTION('ref_axis',(-0.707106781186546,0.,0.707106781186549));
#2091=DIRECTION('',(0.,0.,-1.));
#2092=DIRECTION('',(1.,0.,0.));
#2093=DIRECTION('',(0.,0.,1.));
#2094=DIRECTION('center_axis',(0.,-1.,0.));
#2095=DIRECTION('ref_axis',(-0.707106781186547,0.,0.707106781186549));
#2096=DIRECTION('',(1.,0.,-3.0329605423421E-34));
#2097=DIRECTION('center_axis',(3.0329605423421E-34,0.,1.));
#2098=DIRECTION('ref_axis',(1.,0.,-3.0329605423421E-34));
#2099=DIRECTION('',(-0.5,0.866025403784439,1.51648027117105E-34));
#2100=DIRECTION('center_axis',(-3.0329605423421E-34,0.,-1.));
#2101=DIRECTION('ref_axis',(-0.5,-0.866025403784439,0.));
#2102=DIRECTION('',(1.,0.,-3.0329605423421E-34));
#2103=DIRECTION('center_axis',(-3.0329605423421E-34,0.,-1.));
#2104=DIRECTION('ref_axis',(0.5,-0.866025403784439,0.));
#2105=DIRECTION('',(-0.5,-0.866025403784439,1.51648027117105E-34));
#2106=DIRECTION('center_axis',(3.0329605423421E-34,0.,1.));
#2107=DIRECTION('ref_axis',(-0.5,0.866025403784439,0.));
#2108=DIRECTION('',(-1.,0.,3.0329605423421E-34));
#2109=DIRECTION('',(0.,-1.,0.));
#2110=DIRECTION('',(-1.,0.,3.0329605423421E-34));
#2111=DIRECTION('',(0.,1.,0.));
#2112=DIRECTION('center_axis',(0.,0.,-1.));
#2113=DIRECTION('ref_axis',(-0.5,-0.866025403784439,0.));
#2114=DIRECTION('center_axis',(3.0329605423421E-34,0.,1.));
#2115=DIRECTION('ref_axis',(-0.5,-0.866025403784439,0.));
#2116=DIRECTION('',(0.,0.,-1.));
#2117=DIRECTION('',(0.,0.,1.));
#2118=DIRECTION('center_axis',(0.,-1.,0.));
#2119=DIRECTION('ref_axis',(0.,0.,-1.));
#2120=DIRECTION('',(-1.,0.,3.0329605423421E-34));
#2121=DIRECTION('',(0.,0.,1.));
#2122=DIRECTION('center_axis',(0.,0.,1.));
#2123=DIRECTION('ref_axis',(0.5,-0.866025403784439,0.));
#2124=DIRECTION('center_axis',(3.0329605423421E-34,0.,1.));
#2125=DIRECTION('ref_axis',(0.5,-0.866025403784439,0.));
#2126=DIRECTION('',(0.,0.,-1.));
#2127=DIRECTION('center_axis',(0.,0.,1.));
#2128=DIRECTION('ref_axis',(-0.5,0.866025403784439,0.));
#2129=DIRECTION('center_axis',(-3.0329605423421E-34,0.,-1.));
#2130=DIRECTION('ref_axis',(-0.5,0.866025403784439,0.));
#2131=DIRECTION('',(0.,0.,-1.));
#2132=DIRECTION('',(0.,0.,1.));
#2133=DIRECTION('center_axis',(0.,1.,0.));
#2134=DIRECTION('ref_axis',(0.,0.,1.));
#2135=DIRECTION('',(1.,0.,-3.0329605423421E-34));
#2136=DIRECTION('center_axis',(0.,-1.,0.));
#2137=DIRECTION('ref_axis',(0.707106781186547,0.,0.707106781186548));
#2138=DIRECTION('',(4.4118508875292E-33,0.,-1.));
#2139=DIRECTION('',(1.,0.,0.));
#2140=DIRECTION('',(-4.4118508875292E-33,0.,1.));
#2141=DIRECTION('center_axis',(0.,-1.,0.));
#2142=DIRECTION('ref_axis',(0.707106781186547,0.,0.707106781186548));
#2143=DIRECTION('center_axis',(-1.,0.,0.));
#2144=DIRECTION('ref_axis',(0.,-0.866025403784439,0.5));
#2145=DIRECTION('center_axis',(1.,0.,4.41185088752919E-33));
#2146=DIRECTION('ref_axis',(0.,-0.866025403784439,0.5));
#2147=DIRECTION('',(-1.,0.,0.));
#2148=DIRECTION('center_axis',(-1.,0.,-4.41185088752919E-33));
#2149=DIRECTION('ref_axis',(0.,-0.866025403784439,0.5));
#2150=DIRECTION('',(1.,0.,0.));
#2151=DIRECTION('center_axis',(0.,-1.,0.));
#2152=DIRECTION('ref_axis',(0.,0.,-1.));
#2153=DIRECTION('',(-4.4118508875292E-33,0.,1.));
#2154=DIRECTION('',(1.,0.,0.));
#2155=DIRECTION('',(4.4118508875292E-33,0.,-1.));
#2156=DIRECTION('center_axis',(-1.,0.,0.));
#2157=DIRECTION('ref_axis',(0.,0.866025403784439,-0.5));
#2158=DIRECTION('center_axis',(1.,0.,4.41185088752919E-33));
#2159=DIRECTION('ref_axis',(0.,0.866025403784439,-0.5));
#2160=DIRECTION('center_axis',(-1.,0.,-4.41185088752919E-33));
#2161=DIRECTION('ref_axis',(0.,0.866025403784439,-0.5));
#2162=DIRECTION('',(-1.,0.,0.));
#2163=DIRECTION('center_axis',(0.,-0.5,0.866025403784439));
#2164=DIRECTION('ref_axis',(-1.,0.,0.));
#2165=DIRECTION('',(-2.2059254437646E-33,0.866025403784439,0.5));
#2166=DIRECTION('',(-2.2059254437646E-33,0.866025403784439,0.5));
#2167=DIRECTION('center_axis',(1.,0.,4.41185088752919E-33));
#2168=DIRECTION('ref_axis',(4.4118508875292E-33,0.,-1.));
#2169=DIRECTION('',(0.,1.,0.));
#2170=DIRECTION('',(-4.4118508875292E-33,0.,1.));
#2171=DIRECTION('',(0.,-1.,0.));
#2172=DIRECTION('',(4.4118508875292E-33,0.,-1.));
#2173=DIRECTION('center_axis',(-1.,0.,-4.41185088752919E-33));
#2174=DIRECTION('ref_axis',(0.,0.866025403784439,0.5));
#2175=DIRECTION('',(-2.2059254437646E-33,-0.866025403784439,0.5));
#2176=DIRECTION('center_axis',(1.,0.,4.41185088752919E-33));
#2177=DIRECTION('ref_axis',(0.,-0.866025403784439,-0.5));
#2178=DIRECTION('center_axis',(1.,0.,0.));
#2179=DIRECTION('ref_axis',(0.,-0.866025403784439,-0.5));
#2180=DIRECTION('center_axis',(-1.,0.,-4.41185088752919E-33));
#2181=DIRECTION('ref_axis',(0.,-0.866025403784439,-0.5));
#2182=DIRECTION('',(-1.,0.,0.));
#2183=DIRECTION('center_axis',(1.,0.,0.));
#2184=DIRECTION('ref_axis',(0.,0.866025403784439,0.5));
#2185=DIRECTION('',(-1.,0.,0.));
#2186=DIRECTION('center_axis',(1.,0.,4.41185088752919E-33));
#2187=DIRECTION('ref_axis',(0.,0.866025403784439,0.5));
#2188=DIRECTION('',(1.,0.,0.));
#2189=DIRECTION('center_axis',(0.,-0.5,-0.866025403784439));
#2190=DIRECTION('ref_axis',(1.,0.,0.));
#2191=DIRECTION('',(-2.2059254437646E-33,-0.866025403784439,0.5));
#2192=DIRECTION('center_axis',(0.,0.,1.));
#2193=DIRECTION('ref_axis',(-0.5,0.866025403784439,0.));
#2194=DIRECTION('center_axis',(0.,0.,-1.));
#2195=DIRECTION('ref_axis',(-0.5,0.866025403784439,0.));
#2196=DIRECTION('',(0.,0.,-1.));
#2197=DIRECTION('center_axis',(0.,0.,1.));
#2198=DIRECTION('ref_axis',(-0.5,0.866025403784439,0.));
#2199=DIRECTION('',(0.,0.,1.));
#2200=DIRECTION('center_axis',(0.866025403784439,-0.5,0.));
#2201=DIRECTION('ref_axis',(0.,0.,1.));
#2202=DIRECTION('',(0.5,0.866025403784439,0.));
#2203=DIRECTION('',(0.,0.,-1.));
#2204=DIRECTION('',(0.5,0.866025403784439,0.));
#2205=DIRECTION('center_axis',(0.,0.,-1.));
#2206=DIRECTION('ref_axis',(-1.,0.,0.));
#2207=DIRECTION('',(-1.,0.,0.));
#2208=DIRECTION('',(0.,1.,0.));
#2209=DIRECTION('',(1.,0.,0.));
#2210=DIRECTION('',(0.,-1.,0.));
#2211=DIRECTION('',(-1.,0.,0.));
#2212=DIRECTION('center_axis',(0.,0.,1.));
#2213=DIRECTION('ref_axis',(0.5,0.866025403784439,0.));
#2214=DIRECTION('',(0.5,-0.866025403784439,0.));
#2215=DIRECTION('center_axis',(0.,0.,-1.));
#2216=DIRECTION('ref_axis',(-0.5,-0.866025403784439,0.));
#2217=DIRECTION('',(1.,0.,0.));
#2218=DIRECTION('center_axis',(0.,0.,-1.));
#2219=DIRECTION('ref_axis',(0.5,-0.866025403784439,0.));
#2220=DIRECTION('center_axis',(0.,0.,1.));
#2221=DIRECTION('ref_axis',(0.5,-0.866025403784439,0.));
#2222=DIRECTION('',(0.,0.,1.));
#2223=DIRECTION('center_axis',(0.,0.,1.));
#2224=DIRECTION('ref_axis',(0.5,-0.866025403784439,0.));
#2225=DIRECTION('center_axis',(0.,-1.,0.));
#2226=DIRECTION('ref_axis',(0.,0.,-1.));
#2227=DIRECTION('',(0.,0.,-1.));
#2228=DIRECTION('',(-1.,0.,0.));
#2229=DIRECTION('center_axis',(0.,0.,-1.));
#2230=DIRECTION('ref_axis',(-0.5,-0.866025403784439,0.));
#2231=DIRECTION('center_axis',(0.,0.,1.));
#2232=DIRECTION('ref_axis',(-0.5,-0.866025403784439,0.));
#2233=DIRECTION('',(0.,0.,1.));
#2234=DIRECTION('center_axis',(0.,0.,-1.));
#2235=DIRECTION('ref_axis',(0.5,0.866025403784439,0.));
#2236=DIRECTION('',(0.,0.,1.));
#2237=DIRECTION('center_axis',(0.,0.,-1.));
#2238=DIRECTION('ref_axis',(0.5,0.866025403784439,0.));
#2239=DIRECTION('',(0.,0.,-1.));
#2240=DIRECTION('center_axis',(-0.866025403784439,-0.5,0.));
#2241=DIRECTION('ref_axis',(0.,0.,-1.));
#2242=DIRECTION('',(0.5,-0.866025403784439,0.));
#2243=DIRECTION('center_axis',(-1.,0.,0.));
#2244=DIRECTION('ref_axis',(0.,-0.866025403784439,0.5));
#2245=DIRECTION('center_axis',(1.,0.,0.));
#2246=DIRECTION('ref_axis',(0.,-0.866025403784439,0.5));
#2247=DIRECTION('',(-1.,0.,0.));
#2248=DIRECTION('center_axis',(-1.,0.,0.));
#2249=DIRECTION('ref_axis',(0.,-0.866025403784439,0.5));
#2250=DIRECTION('',(1.,0.,0.));
#2251=DIRECTION('center_axis',(0.,-1.,0.));
#2252=DIRECTION('ref_axis',(0.,0.,-1.));
#2253=DIRECTION('',(0.,0.,1.));
#2254=DIRECTION('',(1.,0.,0.));
#2255=DIRECTION('',(0.,0.,-1.));
#2256=DIRECTION('center_axis',(1.,0.,0.));
#2257=DIRECTION('ref_axis',(0.,0.866025403784439,0.5));
#2258=DIRECTION('center_axis',(-1.,0.,0.));
#2259=DIRECTION('ref_axis',(0.,0.866025403784439,0.5));
#2260=DIRECTION('',(-1.,0.,0.));
#2261=DIRECTION('center_axis',(1.,0.,0.));
#2262=DIRECTION('ref_axis',(0.,0.866025403784439,0.5));
#2263=DIRECTION('',(1.,0.,0.));
#2264=DIRECTION('center_axis',(0.,-0.5,-0.866025403784439));
#2265=DIRECTION('ref_axis',(1.,0.,0.));
#2266=DIRECTION('',(0.,0.866025403784439,-0.5));
#2267=DIRECTION('',(-1.,0.,0.));
#2268=DIRECTION('',(0.,0.866025403784439,-0.5));
#2269=DIRECTION('center_axis',(-1.,0.,0.));
#2270=DIRECTION('ref_axis',(0.,0.,1.));
#2271=DIRECTION('',(0.,0.,1.));
#2272=DIRECTION('',(0.,1.,0.));
#2273=DIRECTION('',(0.,0.,-1.));
#2274=DIRECTION('',(0.,-1.,0.));
#2275=DIRECTION('center_axis',(1.,0.,0.));
#2276=DIRECTION('ref_axis',(0.,0.866025403784439,-0.5));
#2277=DIRECTION('',(0.,-0.866025403784439,-0.5));
#2278=DIRECTION('center_axis',(-1.,0.,0.));
#2279=DIRECTION('ref_axis',(0.,-0.866025403784439,-0.5));
#2280=DIRECTION('center_axis',(1.,0.,0.));
#2281=DIRECTION('ref_axis',(0.,-0.866025403784439,-0.5));
#2282=DIRECTION('center_axis',(1.,0.,0.));
#2283=DIRECTION('ref_axis',(0.,-0.866025403784439,-0.5));
#2284=DIRECTION('center_axis',(-1.,0.,0.));
#2285=DIRECTION('ref_axis',(0.,0.866025403784439,-0.5));
#2286=DIRECTION('center_axis',(-1.,0.,0.));
#2287=DIRECTION('ref_axis',(0.,0.866025403784439,-0.5));
#2288=DIRECTION('',(-1.,0.,0.));
#2289=DIRECTION('center_axis',(0.,-0.5,0.866025403784439));
#2290=DIRECTION('ref_axis',(-1.,0.,0.));
#2291=DIRECTION('',(0.,-0.866025403784439,-0.5));
#2292=DIRECTION('center_axis',(-0.866025403784439,-0.5,0.));
#2293=DIRECTION('ref_axis',(0.,0.,-1.));
#2294=DIRECTION('',(-0.5,0.866025403784439,1.51648027117105E-34));
#2295=DIRECTION('center_axis',(0.866025403784439,-0.5,0.));
#2296=DIRECTION('ref_axis',(0.,0.,1.));
#2297=DIRECTION('',(-0.5,-0.866025403784439,1.51648027117105E-34));
#2298=DIRECTION('center_axis',(1.,0.,4.41185088752919E-33));
#2299=DIRECTION('ref_axis',(4.4118508875292E-33,0.,-1.));
#2300=DIRECTION('',(-4.4118508875292E-33,0.,1.));
#2301=DIRECTION('',(0.,-1.,0.));
#2302=DIRECTION('',(-4.4118508875292E-33,0.,1.));
#2303=DIRECTION('',(0.,1.,0.));
#2304=DIRECTION('center_axis',(0.,0.,-1.));
#2305=DIRECTION('ref_axis',(-1.,0.,0.));
#2306=DIRECTION('',(1.,0.,0.));
#2307=DIRECTION('',(0.,-1.,0.));
#2308=DIRECTION('',(1.,0.,0.));
#2309=DIRECTION('',(0.,1.,0.));
#2310=DIRECTION('',(1.,0.,0.));
#2311=DIRECTION('center_axis',(0.,1.,0.));
#2312=DIRECTION('ref_axis',(0.,0.,1.));
#2313=DIRECTION('center_axis',(0.,-1.,0.));
#2314=DIRECTION('ref_axis',(0.707106781186549,0.,-0.707106781186546));
#2315=DIRECTION('center_axis',(0.,-1.,0.));
#2316=DIRECTION('ref_axis',(0.707106781186549,0.,-0.707106781186546));
#2317=DIRECTION('center_axis',(0.,1.,0.));
#2318=DIRECTION('ref_axis',(0.,0.,1.));
#2319=DIRECTION('center_axis',(0.,-1.,0.));
#2320=DIRECTION('ref_axis',(-0.70710678118655,0.,-0.707106781186546));
#2321=DIRECTION('',(0.,0.,-1.));
#2322=DIRECTION('center_axis',(0.,-1.,0.));
#2323=DIRECTION('ref_axis',(-0.707106781186549,0.,-0.707106781186545));
#2324=DIRECTION('center_axis',(3.0329605423421E-34,0.,1.));
#2325=DIRECTION('ref_axis',(1.,0.,-3.0329605423421E-34));
#2326=DIRECTION('',(0.,1.,0.));
#2327=DIRECTION('',(-1.,0.,3.0329605423421E-34));
#2328=DIRECTION('',(0.,-1.,0.));
#2329=DIRECTION('center_axis',(0.,1.,0.));
#2330=DIRECTION('ref_axis',(0.,0.,1.));
#2331=DIRECTION('center_axis',(0.,0.,1.));
#2332=DIRECTION('ref_axis',(-1.,0.,0.));
#2333=DIRECTION('center_axis',(0.,-1.,0.));
#2334=DIRECTION('ref_axis',(-0.707106781186547,0.,0.707106781186548));
#2335=DIRECTION('center_axis',(-1.,0.,0.));
#2336=DIRECTION('ref_axis',(0.,-1.,0.));
#2337=DIRECTION('center_axis',(0.,1.,0.));
#2338=DIRECTION('ref_axis',(-0.707106781186547,0.,0.707106781186548));
#2339=DIRECTION('center_axis',(-1.,0.,3.0329605423421E-34));
#2340=DIRECTION('ref_axis',(0.,-0.707106781186548,0.707106781186547));
#2341=DIRECTION('center_axis',(-1.,0.,0.));
#2342=DIRECTION('ref_axis',(0.,-1.,0.));
#2343=DIRECTION('',(1.,0.,-3.0329605423421E-34));
#2344=DIRECTION('center_axis',(0.,1.,0.));
#2345=DIRECTION('ref_axis',(0.,0.,1.));
#2346=DIRECTION('center_axis',(0.,0.,1.));
#2347=DIRECTION('ref_axis',(0.,-1.,0.));
#2348=DIRECTION('center_axis',(0.,1.,0.));
#2349=DIRECTION('ref_axis',(0.707106781186548,0.,0.707106781186548));
#2350=DIRECTION('center_axis',(0.,-1.,0.));
#2351=DIRECTION('ref_axis',(0.707106781186547,0.,0.707106781186547));
#2352=DIRECTION('center_axis',(-4.41185088752919E-33,0.,1.));
#2353=DIRECTION('ref_axis',(0.707106781186547,-0.707106781186548,0.));
#2354=DIRECTION('center_axis',(0.,0.,1.));
#2355=DIRECTION('ref_axis',(0.,-1.,0.));
#2356=DIRECTION('',(4.4118508875292E-33,0.,-1.));
#2357=DIRECTION('center_axis',(0.,1.,0.));
#2358=DIRECTION('ref_axis',(0.,0.,1.));
#2359=DIRECTION('center_axis',(1.,0.,0.));
#2360=DIRECTION('ref_axis',(0.,-1.,0.));
#2361=DIRECTION('center_axis',(0.,1.,0.));
#2362=DIRECTION('ref_axis',(0.707106781186549,0.,-0.707106781186547));
#2363=DIRECTION('center_axis',(0.,-1.,0.));
#2364=DIRECTION('ref_axis',(0.707106781186548,0.,-0.707106781186547));
#2365=DIRECTION('center_axis',(1.,0.,0.));
#2366=DIRECTION('ref_axis',(0.,-0.707106781186545,-0.70710678118655));
#2367=DIRECTION('center_axis',(1.,0.,5.5948246910244E-15));
#2368=DIRECTION('ref_axis',(0.,-1.,0.));
#2369=DIRECTION('',(-1.,0.,0.));
#2370=DIRECTION('center_axis',(0.,1.,0.));
#2371=DIRECTION('ref_axis',(0.,0.,1.));
#2372=DIRECTION('center_axis',(0.,0.,-1.));
#2373=DIRECTION('ref_axis',(0.,-1.,0.));
#2374=DIRECTION('center_axis',(0.,1.,0.));
#2375=DIRECTION('ref_axis',(-0.707106781186546,0.,-0.707106781186549));
#2376=DIRECTION('center_axis',(0.,-1.,0.));
#2377=DIRECTION('ref_axis',(-0.707106781186546,0.,-0.707106781186549));
#2378=DIRECTION('center_axis',(0.,0.,-1.));
#2379=DIRECTION('ref_axis',(-0.707106781186546,-0.707106781186549,0.));
#2380=DIRECTION('',(0.,0.,-1.));
#2381=DIRECTION('',(0.,0.,1.));
#2382=DIRECTION('center_axis',(0.,1.,0.));
#2383=DIRECTION('ref_axis',(-0.707106781186549,0.,-0.707106781186545));
#2384=DIRECTION('',(0.,1.,0.));
#2385=DIRECTION('center_axis',(-1.,0.,0.));
#2386=DIRECTION('ref_axis',(0.,0.,1.));
#2387=DIRECTION('',(0.,-1.,0.));
#2388=DIRECTION('center_axis',(0.,1.,0.));
#2389=DIRECTION('ref_axis',(-0.707106781186546,0.,0.707106781186549));
#2390=DIRECTION('center_axis',(0.,1.,0.));
#2391=DIRECTION('ref_axis',(1.,0.,0.));
#2392=DIRECTION('center_axis',(0.,1.,0.));
#2393=DIRECTION('ref_axis',(0.707106781186549,0.,-0.707106781186546));
#2394=DIRECTION('center_axis',(0.,1.,0.));
#2395=DIRECTION('ref_axis',(0.707106781186547,0.,0.707106781186548));
#2396=DIRECTION('center_axis',(0.,0.,1.));
#2397=DIRECTION('ref_axis',(-1.,0.,0.));
#2398=DIRECTION('center_axis',(0.,1.,0.));
#2399=DIRECTION('ref_axis',(-0.707106781186547,0.,0.707106781186548));
#2400=DIRECTION('center_axis',(-1.,0.,0.));
#2401=DIRECTION('ref_axis',(0.,-1.,0.));
#2402=DIRECTION('center_axis',(0.,-1.,0.));
#2403=DIRECTION('ref_axis',(-0.707106781186547,0.,0.707106781186548));
#2404=DIRECTION('center_axis',(-1.,0.,3.0329605423421E-34));
#2405=DIRECTION('ref_axis',(0.,-0.707106781186548,0.707106781186547));
#2406=DIRECTION('center_axis',(-1.,0.,0.));
#2407=DIRECTION('ref_axis',(0.,-1.,0.));
#2408=DIRECTION('',(1.,0.,-3.0329605423421E-34));
#2409=DIRECTION('center_axis',(0.,0.,1.));
#2410=DIRECTION('ref_axis',(0.,-1.,0.));
#2411=DIRECTION('center_axis',(0.,-1.,0.));
#2412=DIRECTION('ref_axis',(0.707106781186548,0.,0.707106781186548));
#2413=DIRECTION('center_axis',(0.,1.,0.));
#2414=DIRECTION('ref_axis',(0.707106781186548,0.,0.707106781186548));
#2415=DIRECTION('center_axis',(-4.41185088752919E-33,0.,1.));
#2416=DIRECTION('ref_axis',(0.707106781186547,-0.707106781186548,0.));
#2417=DIRECTION('center_axis',(0.,0.,1.));
#2418=DIRECTION('ref_axis',(0.,-1.,0.));
#2419=DIRECTION('',(4.4118508875292E-33,0.,-1.));
#2420=DIRECTION('center_axis',(1.,0.,0.));
#2421=DIRECTION('ref_axis',(0.,-1.,0.));
#2422=DIRECTION('center_axis',(0.,-1.,0.));
#2423=DIRECTION('ref_axis',(0.707106781186549,0.,-0.707106781186547));
#2424=DIRECTION('center_axis',(0.,1.,0.));
#2425=DIRECTION('ref_axis',(0.707106781186549,0.,-0.707106781186547));
#2426=DIRECTION('center_axis',(1.,0.,0.));
#2427=DIRECTION('ref_axis',(0.,-0.707106781186545,-0.70710678118655));
#2428=DIRECTION('center_axis',(1.,0.,5.5948246910244E-15));
#2429=DIRECTION('ref_axis',(0.,-1.,0.));
#2430=DIRECTION('',(-1.,0.,0.));
#2431=DIRECTION('center_axis',(0.,0.,-1.));
#2432=DIRECTION('ref_axis',(0.,-1.,0.));
#2433=DIRECTION('center_axis',(0.,-1.,0.));
#2434=DIRECTION('ref_axis',(-0.707106781186546,0.,-0.707106781186549));
#2435=DIRECTION('center_axis',(0.,1.,0.));
#2436=DIRECTION('ref_axis',(-0.707106781186546,0.,-0.707106781186549));
#2437=DIRECTION('center_axis',(0.,0.,-1.));
#2438=DIRECTION('ref_axis',(-0.707106781186546,-0.707106781186549,0.));
#2439=DIRECTION('',(0.,0.,1.));
#2440=DIRECTION('center_axis',(0.,1.,0.));
#2441=DIRECTION('ref_axis',(-0.70710678118655,0.,-0.707106781186546));
#2442=DIRECTION('center_axis',(0.,1.,0.));
#2443=DIRECTION('ref_axis',(-0.707106781186547,0.,0.707106781186549));
#2444=DIRECTION('center_axis',(0.,1.,0.));
#2445=DIRECTION('ref_axis',(1.,0.,0.));
#2446=DIRECTION('center_axis',(0.,1.,0.));
#2447=DIRECTION('ref_axis',(0.707106781186549,0.,-0.707106781186546));
#2448=DIRECTION('center_axis',(0.,1.,0.));
#2449=DIRECTION('ref_axis',(0.707106781186547,0.,0.707106781186548));
#2450=DIRECTION('',(0.,0.,1.));
#2451=DIRECTION('',(1.,0.,0.));
#2452=DIRECTION('',(0.,0.,1.));
#2453=DIRECTION('',(1.,0.,0.));
#2454=CARTESIAN_POINT('',(0.,0.,0.));
#2455=CARTESIAN_POINT('',(0.,0.,0.));
#2456=CARTESIAN_POINT('Origin',(-2.54954719341885,0.0599999999999999,-2.02928190178515));
#2457=CARTESIAN_POINT('',(-2.54954719341885,0.0599999999999999,-2.02928190178515));
#2458=CARTESIAN_POINT('',(-2.51197634772653,0.0599999999999999,-1.98250122677986));
#2459=CARTESIAN_POINT('',(-2.54015448199577,0.0599999999999999,-2.01758673303383));
#2460=CARTESIAN_POINT('',(-2.54954719341885,0.435,-2.02928190178515));
#2461=CARTESIAN_POINT('',(-2.54954719341885,0.435,-2.02928190178515));
#2462=CARTESIAN_POINT('',(-2.51197634772653,0.435,-1.98250122677986));
#2463=CARTESIAN_POINT('',(-2.54954719341885,0.435,-2.02928190178515));
#2464=CARTESIAN_POINT('',(-2.51197634772653,0.435,-1.98250122677986));
#2465=CARTESIAN_POINT('Origin',(-2.45045452001494,0.0599999999999999,-2.03191109731729));
#2466=CARTESIAN_POINT('',(-2.45045452001491,0.0599999999999999,-2.03191109731725));
#2467=CARTESIAN_POINT('',(-2.48802536570723,0.0599999999999999,-2.07869177232254));
#2468=CARTESIAN_POINT('',(-2.45984723143801,0.0599999999999999,-2.04360626606859));
#2469=CARTESIAN_POINT('',(-2.45045452001491,0.435,-2.03191109731725));
#2470=CARTESIAN_POINT('',(-2.45045452001491,0.435,-2.03191109731725));
#2471=CARTESIAN_POINT('',(-2.48802536570723,0.435,-2.07869177232254));
#2472=CARTESIAN_POINT('',(-2.45045452001494,0.435,-2.03191109731729));
#2473=CARTESIAN_POINT('',(-2.48802536570723,0.435,-2.07869177232254));
#2474=CARTESIAN_POINT('Origin',(-2.50000085671688,0.435,-2.0305964995512));
#2475=CARTESIAN_POINT('',(-1.30136669925984,0.435,-2.95477510463735));
#2476=CARTESIAN_POINT('',(-3.69863501417391,0.435,-1.10641789446505));
#2477=CARTESIAN_POINT('Origin',(-2.50000085671687,0.0599999999999999,-2.03059649955121));
#2478=CARTESIAN_POINT('',(-0.207818680138564,0.0599999999999999,-3.90998842463519));
#2479=CARTESIAN_POINT('',(-0.159088810341301,0.0599999999999999,-3.94912472223144));
#2480=CARTESIAN_POINT('',(-0.170247834446232,0.0599999999999999,-3.8632077496299));
#2481=CARTESIAN_POINT('',(-0.198425968715465,0.0599999999999999,-3.89829325588385));
#2482=CARTESIAN_POINT('',(-4.84091290309247,0.0599999999999999,-0.112068276870978));
#2483=CARTESIAN_POINT('Origin',(-2.50000085671687,0.0599999999999999,-2.03059649955121));
#2484=CARTESIAN_POINT('',(-4.7921830332952,0.0599999999999999,-0.151204574467222));
#2485=CARTESIAN_POINT('',(-4.84091290309247,0.0599999999999999,-0.112068276870978));
#2486=CARTESIAN_POINT('',(-4.82975387898751,0.0599999999999999,-0.197985249472495));
#2487=CARTESIAN_POINT('',(-4.8015757447183,0.0599999999999999,-0.162899743218562));
#2488=CARTESIAN_POINT('',(-0.159088810341301,0.0599999999999999,-3.94912472223144));
#2489=CARTESIAN_POINT('Origin',(-0.121517964648968,0.81,-3.90234404722614));
#2490=CARTESIAN_POINT('',(-0.121517964648968,0.1225,-3.90234404722614));
#2491=CARTESIAN_POINT('Origin',(-0.170247834446232,0.1225,-3.8632077496299));
#2492=CARTESIAN_POINT('',(-0.121517964648968,0.7475,-3.90234404722614));
#2493=CARTESIAN_POINT('',(-0.121517964648968,0.81,-3.90234404722614));
#2494=CARTESIAN_POINT('',(-0.170247834446232,0.81,-3.8632077496299));
#2495=CARTESIAN_POINT('Origin',(-0.170247834446232,0.7475,-3.8632077496299));
#2496=CARTESIAN_POINT('',(-4.7921830332952,0.81,-0.151204574467222));
#2497=CARTESIAN_POINT('',(-4.84091290309247,0.81,-0.112068276870978));
#2498=CARTESIAN_POINT('',(-4.84091290309247,0.7475,-0.112068276870978));
#2499=CARTESIAN_POINT('Origin',(-4.79218303329526,0.7475,-0.151204574467296));
#2500=CARTESIAN_POINT('',(-4.84091290309247,0.1225,-0.112068276870978));
#2501=CARTESIAN_POINT('',(-4.84091290309247,0.81,-0.112068276870978));
#2502=CARTESIAN_POINT('Origin',(-4.79218303329526,0.1225,-0.151204574467296));
#2503=CARTESIAN_POINT('Origin',(-4.8015757447183,0.7475,-0.162899743218562));
#2504=CARTESIAN_POINT('',(-4.82975387898751,0.81,-0.197985249472495));
#2505=CARTESIAN_POINT('',(-4.8015757447183,0.81,-0.162899743218562));
#2506=CARTESIAN_POINT('',(-4.87848374878478,0.7475,-0.158848951876251));
#2507=CARTESIAN_POINT('Origin',(-4.82975387898751,0.7475,-0.197985249472494));
#2508=CARTESIAN_POINT('',(-4.85030561451556,0.7475,-0.123763445622318));
#2509=CARTESIAN_POINT('Origin',(-2.50000085671687,0.81,-2.03059649955121));
#2510=CARTESIAN_POINT('',(-0.207818680138564,0.81,-3.90998842463519));
#2511=CARTESIAN_POINT('',(-0.198425968715465,0.81,-3.89829325588385));
#2512=CARTESIAN_POINT('',(-0.159088810341301,0.81,-3.94912472223144));
#2513=CARTESIAN_POINT('Origin',(-0.198425968715465,0.1225,-3.89829325588385));
#2514=CARTESIAN_POINT('',(-0.159088810341301,0.1225,-3.94912472223144));
#2515=CARTESIAN_POINT('Origin',(-0.207818680138486,0.1225,-3.9099884246351));
#2516=CARTESIAN_POINT('',(-0.149696098918201,0.1225,-3.93742955348009));
#2517=CARTESIAN_POINT('Origin',(-4.87848374878478,0.81,-0.158848951876251));
#2518=CARTESIAN_POINT('',(-4.87848374878478,0.1225,-0.158848951876251));
#2519=CARTESIAN_POINT('Origin',(-4.82975387898751,0.1225,-0.197985249472494));
#2520=CARTESIAN_POINT('',(-4.87848374878478,0.81,-0.158848951876251));
#2521=CARTESIAN_POINT('',(-0.159088810341301,0.7475,-3.94912472223144));
#2522=CARTESIAN_POINT('Origin',(-0.207818680138486,0.7475,-3.9099884246351));
#2523=CARTESIAN_POINT('',(-0.159088810341301,0.81,-3.94912472223144));
#2524=CARTESIAN_POINT('Origin',(-4.8015757447183,0.1225,-0.162899743218562));
#2525=CARTESIAN_POINT('',(-4.85030561451556,0.1225,-0.123763445622318));
#2526=CARTESIAN_POINT('Origin',(-0.198425968715465,0.7475,-3.89829325588385));
#2527=CARTESIAN_POINT('',(-0.149696098918201,0.7475,-3.93742955348009));
#2528=CARTESIAN_POINT('Origin',(-0.159088810341301,0.81,-3.94912472223144));
#2529=CARTESIAN_POINT('Origin',(-4.84091290309247,0.81,-0.112068276870978));
#2530=CARTESIAN_POINT('',(0.,0.,0.));
#2531=CARTESIAN_POINT('Origin',(-2.54954719341885,0.81,-2.02928190178515));
#2532=CARTESIAN_POINT('',(-2.54954719341885,0.81,-2.02928190178515));
#2533=CARTESIAN_POINT('',(-2.51200722653779,0.81,-2.07608735965659));
#2534=CARTESIAN_POINT('',(-2.54016220169859,0.81,-2.04098326625301));
#2535=CARTESIAN_POINT('',(-2.54954719341885,0.435,-2.02928190178515));
#2536=CARTESIAN_POINT('',(-2.54954719341885,0.435,-2.02928190178515));
#2537=CARTESIAN_POINT('',(-2.51200722653779,0.435,-2.07608735965659));
#2538=CARTESIAN_POINT('',(-2.54954719341885,0.435,-2.02928190178515));
#2539=CARTESIAN_POINT('',(-2.51200722653779,0.435,-2.07608735965659));
#2540=CARTESIAN_POINT('Origin',(-2.45045280658118,0.81,-2.02671809821483));
#2541=CARTESIAN_POINT('',(-2.45045280658115,0.81,-2.02671809821486));
#2542=CARTESIAN_POINT('',(-2.48799277346221,0.81,-1.97991264034342));
#2543=CARTESIAN_POINT('',(-2.45983779830143,0.81,-2.01501673374699));
#2544=CARTESIAN_POINT('',(-2.45045280658115,0.435,-2.02671809821486));
#2545=CARTESIAN_POINT('',(-2.45045280658115,0.435,-2.02671809821486));
#2546=CARTESIAN_POINT('',(-2.48799277346221,0.435,-1.97991264034342));
#2547=CARTESIAN_POINT('',(-2.45045280658118,0.435,-2.02671809821483));
#2548=CARTESIAN_POINT('',(-2.48799277346221,0.435,-1.97991264034342));
#2549=CARTESIAN_POINT('Origin',(-2.5,0.435,-2.028));
#2550=CARTESIAN_POINT('',(-1.30075623681463,0.435,-1.10461257644329));
#2551=CARTESIAN_POINT('',(-3.69924376318537,0.435,-2.95138742355673));
#2552=CARTESIAN_POINT('Origin',(-2.5,0.81,-2.028));
#2553=CARTESIAN_POINT('',(-0.206578109233704,0.81,-0.150121098247242));
#2554=CARTESIAN_POINT('',(-0.15782242395086,0.81,-0.111016966079398));
#2555=CARTESIAN_POINT('',(-0.169038142352635,0.81,-0.196926556118698));
#2556=CARTESIAN_POINT('',(-0.197193117513421,0.81,-0.161822462715126));
#2557=CARTESIAN_POINT('',(-4.84217757604915,0.81,-3.9449830339206));
#2558=CARTESIAN_POINT('Origin',(-2.5,0.81,-2.028));
#2559=CARTESIAN_POINT('',(-4.79342189076631,0.81,-3.90587890175275));
#2560=CARTESIAN_POINT('',(-4.84217757604915,0.81,-3.9449830339206));
#2561=CARTESIAN_POINT('',(-4.83096185764736,0.81,-3.85907344388132));
#2562=CARTESIAN_POINT('',(-4.80280688248659,0.81,-3.89417753728487));
#2563=CARTESIAN_POINT('',(-0.15782242395086,0.81,-0.111016966079398));
#2564=CARTESIAN_POINT('Origin',(-0.12028245706979,0.06,-0.157822423950854));
#2565=CARTESIAN_POINT('',(-0.12028245706979,0.7475,-0.157822423950854));
#2566=CARTESIAN_POINT('Origin',(-0.169038142352635,0.7475,-0.196926556118697));
#2567=CARTESIAN_POINT('',(-0.12028245706979,0.1225,-0.157822423950854));
#2568=CARTESIAN_POINT('',(-0.12028245706979,0.06,-0.157822423950854));
#2569=CARTESIAN_POINT('',(-0.169038142352635,0.06,-0.196926556118698));
#2570=CARTESIAN_POINT('Origin',(-0.169038142352635,0.1225,-0.196926556118697));
#2571=CARTESIAN_POINT('',(-4.79342189076631,0.06,-3.90587890175275));
#2572=CARTESIAN_POINT('',(-4.84217757604915,0.06,-3.9449830339206));
#2573=CARTESIAN_POINT('',(-4.84217757604915,0.1225,-3.9449830339206));
#2574=CARTESIAN_POINT('Origin',(-4.79342189076637,0.1225,-3.90587890175268));
#2575=CARTESIAN_POINT('',(-4.84217757604915,0.7475,-3.9449830339206));
#2576=CARTESIAN_POINT('',(-4.84217757604915,0.06,-3.9449830339206));
#2577=CARTESIAN_POINT('Origin',(-4.79342189076637,0.7475,-3.90587890175268));
#2578=CARTESIAN_POINT('Origin',(-4.80280688248659,0.1225,-3.89417753728487));
#2579=CARTESIAN_POINT('',(-4.83096185764736,0.06,-3.85907344388132));
#2580=CARTESIAN_POINT('',(-4.80280688248659,0.06,-3.89417753728487));
#2581=CARTESIAN_POINT('',(-4.8797175429302,0.1225,-3.89817757604917));
#2582=CARTESIAN_POINT('Origin',(-4.83096185764736,0.1225,-3.85907344388132));
#2583=CARTESIAN_POINT('',(-4.85156256776943,0.1225,-3.93328166945272));
#2584=CARTESIAN_POINT('Origin',(-2.5,0.06,-2.028));
#2585=CARTESIAN_POINT('',(-0.206578109233704,0.06,-0.150121098247242));
#2586=CARTESIAN_POINT('',(-0.197193117513421,0.06,-0.161822462715126));
#2587=CARTESIAN_POINT('',(-0.15782242395086,0.06,-0.111016966079398));
#2588=CARTESIAN_POINT('Origin',(-0.197193117513421,0.7475,-0.161822462715126));
#2589=CARTESIAN_POINT('',(-0.15782242395086,0.7475,-0.111016966079398));
#2590=CARTESIAN_POINT('Origin',(-0.206578109233626,0.7475,-0.150121098247339));
#2591=CARTESIAN_POINT('',(-0.148437432230576,0.7475,-0.122718330547282));
#2592=CARTESIAN_POINT('Origin',(-4.8797175429302,0.06,-3.89817757604917));
#2593=CARTESIAN_POINT('',(-4.8797175429302,0.7475,-3.89817757604917));
#2594=CARTESIAN_POINT('Origin',(-4.83096185764736,0.7475,-3.85907344388132));
#2595=CARTESIAN_POINT('',(-4.8797175429302,0.06,-3.89817757604917));
#2596=CARTESIAN_POINT('',(-0.15782242395086,0.1225,-0.111016966079398));
#2597=CARTESIAN_POINT('Origin',(-0.206578109233626,0.1225,-0.150121098247339));
#2598=CARTESIAN_POINT('',(-0.15782242395086,0.06,-0.111016966079398));
#2599=CARTESIAN_POINT('Origin',(-4.80280688248659,0.7475,-3.89417753728487));
#2600=CARTESIAN_POINT('',(-4.85156256776943,0.7475,-3.93328166945272));
#2601=CARTESIAN_POINT('Origin',(-0.197193117513421,0.1225,-0.161822462715126));
#2602=CARTESIAN_POINT('',(-0.148437432230576,0.1225,-0.122718330547282));
#2603=CARTESIAN_POINT('Origin',(-0.15782242395086,0.06,-0.111016966079398));
#2604=CARTESIAN_POINT('Origin',(-4.84217757604915,0.06,-3.9449830339206));
#2605=CARTESIAN_POINT('Origin',(-4.68301270189222,1.25,-1.014));
#2606=CARTESIAN_POINT('',(-4.46650635094611,1.375,-0.06));
#2607=CARTESIAN_POINT('',(-4.68301270189222,1.5,-0.06));
#2608=CARTESIAN_POINT('Origin',(-4.68301270189222,1.25,-0.06));
#2609=CARTESIAN_POINT('',(-4.68301270189222,1.5,1.4203392744126E-33));
#2610=CARTESIAN_POINT('',(-4.68301270189222,1.5,-1.014));
#2611=CARTESIAN_POINT('',(-4.46650635094611,1.375,2.49135346592715E-33));
#2612=CARTESIAN_POINT('Origin',(-4.68301270189222,1.25,0.));
#2613=CARTESIAN_POINT('',(-4.46650635094611,1.375,-1.014));
#2614=CARTESIAN_POINT('Origin',(-2.5,1.5,-2.028));
#2615=CARTESIAN_POINT('',(-4.75,1.5,-0.06));
#2616=CARTESIAN_POINT('',(-3.75,1.5,-0.06));
#2617=CARTESIAN_POINT('',(-4.94,1.5,-0.25));
#2618=CARTESIAN_POINT('Origin',(-4.75,1.5,-0.25));
#2619=CARTESIAN_POINT('',(-4.94,1.5,-1.62298729810778));
#2620=CARTESIAN_POINT('',(-4.94,1.5,-3.042));
#2621=CARTESIAN_POINT('',(-5.,1.5,-1.62298729810778));
#2622=CARTESIAN_POINT('',(-3.72,1.5,-1.62298729810778));
#2623=CARTESIAN_POINT('',(-5.,1.5,-0.25));
#2624=CARTESIAN_POINT('',(-5.,1.5,1.51648027117105E-33));
#2625=CARTESIAN_POINT('',(-4.75,1.5,1.4406562576125E-33));
#2626=CARTESIAN_POINT('Origin',(-4.75,1.5,-0.25));
#2627=CARTESIAN_POINT('',(0.,1.5,0.));
#2628=CARTESIAN_POINT('Origin',(-5.,0.,-0.06));
#2629=CARTESIAN_POINT('',(-4.3221687836487,1.125,-0.06));
#2630=CARTESIAN_POINT('',(-4.25224364905389,1.00388611415569,-0.06));
#2631=CARTESIAN_POINT('',(-4.10566243270259,1.,-0.06));
#2632=CARTESIAN_POINT('Origin',(-4.10566243270259,1.25,-0.06));
#2633=CARTESIAN_POINT('',(-2.89433756729741,1.,-0.06));
#2634=CARTESIAN_POINT('',(-4.25,1.,-0.06));
#2635=CARTESIAN_POINT('',(-2.6778312163513,1.125,-0.06));
#2636=CARTESIAN_POINT('Origin',(-2.89433756729741,1.25,-0.06));
#2637=CARTESIAN_POINT('',(-2.53349364905389,1.375,-0.06));
#2638=CARTESIAN_POINT('',(-3.12275635094611,0.354367061317363,-0.06));
#2639=CARTESIAN_POINT('',(-2.31698729810778,1.5,-0.06));
#2640=CARTESIAN_POINT('Origin',(-2.31698729810778,1.25,-0.06));
#2641=CARTESIAN_POINT('',(-0.25,1.5,-0.06));
#2642=CARTESIAN_POINT('',(-3.75,1.5,-0.06));
#2643=CARTESIAN_POINT('',(-0.25,0.125,-0.06));
#2644=CARTESIAN_POINT('',(-0.25,0.,-0.06));
#2645=CARTESIAN_POINT('',(-4.75,0.125,-0.06));
#2646=CARTESIAN_POINT('',(-3.75,0.125,-0.06));
#2647=CARTESIAN_POINT('',(-4.75,0.,-0.06));
#2648=CARTESIAN_POINT('Origin',(-4.10566243270259,1.25,-0.015));
#2649=CARTESIAN_POINT('',(-4.3221687836487,1.125,2.44757645128809E-33));
#2650=CARTESIAN_POINT('',(-4.10566243270259,1.,-4.3777014639068E-35));
#2651=CARTESIAN_POINT('Origin',(-4.10566243270259,1.25,0.));
#2652=CARTESIAN_POINT('',(-4.10566243270259,1.,-0.015));
#2653=CARTESIAN_POINT('',(-4.3221687836487,1.125,-0.015));
#2654=CARTESIAN_POINT('Origin',(-3.5,1.,-0.03));
#2655=CARTESIAN_POINT('',(-2.89433756729741,1.,-4.11167066712247E-34));
#2656=CARTESIAN_POINT('',(-4.25,1.,0.));
#2657=CARTESIAN_POINT('',(-2.89433756729741,1.,-0.045));
#2658=CARTESIAN_POINT('Origin',(-2.89433756729741,1.25,-0.045));
#2659=CARTESIAN_POINT('',(-2.6778312163513,1.125,-1.34944037752232E-34));
#2660=CARTESIAN_POINT('Origin',(-2.89433756729741,1.25,0.));
#2661=CARTESIAN_POINT('',(-2.6778312163513,1.125,-0.045));
#2662=CARTESIAN_POINT('Origin',(-2.31698729810778,1.25,-1.044));
#2663=CARTESIAN_POINT('',(-2.53349364905389,1.375,-1.787210523913E-34));
#2664=CARTESIAN_POINT('',(-2.31698729810778,1.5,7.02733105226874E-34));
#2665=CARTESIAN_POINT('Origin',(-2.31698729810778,1.25,0.));
#2666=CARTESIAN_POINT('',(-2.31698729810778,1.5,-1.044));
#2667=CARTESIAN_POINT('',(-2.53349364905389,1.375,-1.044));
#2668=CARTESIAN_POINT('Origin',(-2.5,1.5,-2.028));
#2669=CARTESIAN_POINT('',(-0.25,1.5,7.58240135585526E-35));
#2670=CARTESIAN_POINT('',(0.,1.5,0.));
#2671=CARTESIAN_POINT('',(1.1029627218823E-33,1.5,-0.25));
#2672=CARTESIAN_POINT('Origin',(-0.25,1.5,-0.25));
#2673=CARTESIAN_POINT('',(1.39850069249229E-33,1.5,-0.316987298107781));
#2674=CARTESIAN_POINT('',(1.78944671998184E-32,1.5,-4.056));
#2675=CARTESIAN_POINT('',(-0.06,1.5,-0.316987298107781));
#2676=CARTESIAN_POINT('',(-1.25,1.5,-0.316987298107781));
#2677=CARTESIAN_POINT('',(-0.06,1.5,-0.25));
#2678=CARTESIAN_POINT('',(-0.06,1.5,-1.014));
#2679=CARTESIAN_POINT('Origin',(-0.25,1.5,-0.25));
#2680=CARTESIAN_POINT('Origin',(-0.0149999999999999,1.25,-0.894337567297406));
#2681=CARTESIAN_POINT('',(-3.08499267122724E-34,1.125,-0.677831216351297));
#2682=CARTESIAN_POINT('',(9.12536504855442E-34,1.,-0.894337567297406));
#2683=CARTESIAN_POINT('Origin',(0.,1.25,-0.894337567297406));
#2684=CARTESIAN_POINT('',(-0.06,1.,-0.894337567297406));
#2685=CARTESIAN_POINT('',(-0.0149999999999999,1.,-0.894337567297406));
#2686=CARTESIAN_POINT('',(-0.06,1.125,-0.677831216351297));
#2687=CARTESIAN_POINT('Origin',(-0.06,1.25,-0.894337567297406));
#2688=CARTESIAN_POINT('',(-0.0149999999999999,1.125,-0.677831216351297));
#2689=CARTESIAN_POINT('Origin',(-0.0299999999999999,1.,-1.375));
#2690=CARTESIAN_POINT('',(5.1537584654972E-33,1.,-1.85566243270259));
#2691=CARTESIAN_POINT('',(0.,1.,-0.6875));
#2692=CARTESIAN_POINT('',(-0.06,1.,-1.85566243270259));
#2693=CARTESIAN_POINT('',(-0.0449999999999999,1.,-1.85566243270259));
#2694=CARTESIAN_POINT('',(-0.06,1.,-0.6875));
#2695=CARTESIAN_POINT('Origin',(-1.25,1.25,-0.316987298107781));
#2696=CARTESIAN_POINT('',(-0.06,1.375,-0.53349364905389));
#2697=CARTESIAN_POINT('Origin',(-0.06,1.25,-0.316987298107781));
#2698=CARTESIAN_POINT('',(-9.45295091507591E-34,1.375,-0.53349364905389));
#2699=CARTESIAN_POINT('Origin',(0.,1.25,-0.316987298107781));
#2700=CARTESIAN_POINT('',(-1.25,1.375,-0.53349364905389));
#2701=CARTESIAN_POINT('Origin',(1.06648408037174E-16,1.43301270189222,-0.5));
#2702=CARTESIAN_POINT('',(-0.06,1.00388611415569,-0.74775635094611));
#2703=CARTESIAN_POINT('',(0.,1.00388611415569,-0.74775635094611));
#2704=CARTESIAN_POINT('Origin',(0.,0.,0.));
#2705=CARTESIAN_POINT('',(0.,0.125,-0.25));
#2706=CARTESIAN_POINT('',(0.,0.,-0.25));
#2707=CARTESIAN_POINT('',(0.,0.125,-3.806));
#2708=CARTESIAN_POINT('',(0.,0.125,-1.014));
#2709=CARTESIAN_POINT('',(1.67915044779361E-32,1.5,-3.806));
#2710=CARTESIAN_POINT('',(0.,0.,-3.806));
#2711=CARTESIAN_POINT('',(1.0734089248213E-32,1.5,-2.43301270189222));
#2712=CARTESIAN_POINT('',(1.78944671998184E-32,1.5,-4.056));
#2713=CARTESIAN_POINT('',(2.46186883409575E-33,1.375,-2.21650635094611));
#2714=CARTESIAN_POINT('Origin',(0.,1.25,-2.43301270189222));
#2715=CARTESIAN_POINT('',(1.82507300971088E-33,1.125,-2.0721687836487));
#2716=CARTESIAN_POINT('',(0.,0.40849364905389,-1.65849364905389));
#2717=CARTESIAN_POINT('Origin',(0.,1.25,-1.85566243270259));
#2718=CARTESIAN_POINT('Origin',(-0.0449999999999999,1.25,-1.85566243270259));
#2719=CARTESIAN_POINT('',(-0.06,1.125,-2.0721687836487));
#2720=CARTESIAN_POINT('Origin',(-0.06,1.25,-1.85566243270259));
#2721=CARTESIAN_POINT('',(-0.0449999999999999,1.125,-2.0721687836487));
#2722=CARTESIAN_POINT('Origin',(-1.28,1.25,-2.43301270189222));
#2723=CARTESIAN_POINT('',(-0.06,1.5,-2.43301270189222));
#2724=CARTESIAN_POINT('',(-1.28,1.5,-2.43301270189222));
#2725=CARTESIAN_POINT('',(-0.06,1.375,-2.21650635094611));
#2726=CARTESIAN_POINT('Origin',(-0.06,1.25,-2.43301270189222));
#2727=CARTESIAN_POINT('',(-1.28,1.375,-2.21650635094611));
#2728=CARTESIAN_POINT('Origin',(-0.0599999999999999,1.43301270189222,-2.25));
#2729=CARTESIAN_POINT('',(-0.06,0.40849364905389,-1.65849364905389));
#2730=CARTESIAN_POINT('Origin',(-0.316987298107781,1.25,-3.042));
#2731=CARTESIAN_POINT('',(-0.53349364905389,1.375,-3.996));
#2732=CARTESIAN_POINT('',(-0.316987298107781,1.5,-3.996));
#2733=CARTESIAN_POINT('Origin',(-0.316987298107781,1.25,-3.996));
#2734=CARTESIAN_POINT('',(-0.316987298107781,1.5,-4.056));
#2735=CARTESIAN_POINT('',(-0.316987298107781,1.5,-3.042));
#2736=CARTESIAN_POINT('',(-0.53349364905389,1.375,-4.056));
#2737=CARTESIAN_POINT('Origin',(-0.316987298107781,1.25,-4.056));
#2738=CARTESIAN_POINT('',(-0.53349364905389,1.375,-3.042));
#2739=CARTESIAN_POINT('Origin',(-0.5,1.43301270189222,-4.056));
#2740=CARTESIAN_POINT('',(-0.677831216351297,1.125,-4.056));
#2741=CARTESIAN_POINT('',(-0.74775635094611,1.00388611415569,-4.056));
#2742=CARTESIAN_POINT('',(-0.677831216351297,1.125,-3.996));
#2743=CARTESIAN_POINT('',(-0.677831216351297,1.125,-4.041));
#2744=CARTESIAN_POINT('',(-0.74775635094611,1.00388611415569,-3.996));
#2745=CARTESIAN_POINT('Origin',(0.,0.,-4.056));
#2746=CARTESIAN_POINT('',(-0.25,1.5,-4.056));
#2747=CARTESIAN_POINT('',(-5.,1.5,-4.056));
#2748=CARTESIAN_POINT('',(-0.25,0.125,-4.056));
#2749=CARTESIAN_POINT('',(-0.25,0.,-4.056));
#2750=CARTESIAN_POINT('',(-4.75,0.125,-4.056));
#2751=CARTESIAN_POINT('',(-1.25,0.125,-4.056));
#2752=CARTESIAN_POINT('',(-4.75,1.5,-4.056));
#2753=CARTESIAN_POINT('',(-4.75,0.,-4.056));
#2754=CARTESIAN_POINT('',(-2.68301270189222,1.5,-4.056));
#2755=CARTESIAN_POINT('',(-5.,1.5,-4.056));
#2756=CARTESIAN_POINT('',(-2.46650635094611,1.375,-4.056));
#2757=CARTESIAN_POINT('Origin',(-2.68301270189222,1.25,-4.056));
#2758=CARTESIAN_POINT('',(-2.3221687836487,1.125,-4.056));
#2759=CARTESIAN_POINT('',(-1.87724364905389,0.354367061317363,-4.056));
#2760=CARTESIAN_POINT('',(-2.10566243270259,1.,-4.056));
#2761=CARTESIAN_POINT('Origin',(-2.10566243270259,1.25,-4.056));
#2762=CARTESIAN_POINT('',(-0.894337567297406,1.,-4.056));
#2763=CARTESIAN_POINT('',(-0.75,1.,-4.056));
#2764=CARTESIAN_POINT('Origin',(-0.894337567297406,1.25,-4.056));
#2765=CARTESIAN_POINT('Origin',(-0.894337567297406,1.25,-4.041));
#2766=CARTESIAN_POINT('',(-0.894337567297406,1.,-3.996));
#2767=CARTESIAN_POINT('',(-0.894337567297406,1.,-4.041));
#2768=CARTESIAN_POINT('Origin',(-0.894337567297406,1.25,-3.996));
#2769=CARTESIAN_POINT('Origin',(-1.5,1.,-4.026));
#2770=CARTESIAN_POINT('',(-2.10566243270259,1.,-3.996));
#2771=CARTESIAN_POINT('',(-2.10566243270259,1.,-4.011));
#2772=CARTESIAN_POINT('',(-0.75,1.,-3.996));
#2773=CARTESIAN_POINT('Origin',(-2.10566243270259,1.25,-4.011));
#2774=CARTESIAN_POINT('',(-2.3221687836487,1.125,-3.996));
#2775=CARTESIAN_POINT('Origin',(-2.10566243270259,1.25,-3.996));
#2776=CARTESIAN_POINT('',(-2.3221687836487,1.125,-4.011));
#2777=CARTESIAN_POINT('Origin',(-2.68301270189222,1.25,-3.012));
#2778=CARTESIAN_POINT('',(-2.68301270189222,1.5,-3.996));
#2779=CARTESIAN_POINT('',(-2.68301270189222,1.5,-3.012));
#2780=CARTESIAN_POINT('',(-2.46650635094611,1.375,-3.996));
#2781=CARTESIAN_POINT('Origin',(-2.68301270189222,1.25,-3.996));
#2782=CARTESIAN_POINT('',(-2.46650635094611,1.375,-3.012));
#2783=CARTESIAN_POINT('Origin',(-2.5,1.43301270189222,-3.996));
#2784=CARTESIAN_POINT('',(-1.87724364905389,0.354367061317363,-3.996));
#2785=CARTESIAN_POINT('Origin',(-4.955,1.25,-2.20033756729741));
#2786=CARTESIAN_POINT('',(-4.94,1.125,-1.9838312163513));
#2787=CARTESIAN_POINT('',(-4.94,1.,-2.20033756729741));
#2788=CARTESIAN_POINT('Origin',(-4.94,1.25,-2.20033756729741));
#2789=CARTESIAN_POINT('',(-5.,1.,-2.20033756729741));
#2790=CARTESIAN_POINT('',(-4.955,1.,-2.20033756729741));
#2791=CARTESIAN_POINT('',(-5.,1.125,-1.9838312163513));
#2792=CARTESIAN_POINT('Origin',(-5.,1.25,-2.20033756729741));
#2793=CARTESIAN_POINT('',(-4.955,1.125,-1.9838312163513));
#2794=CARTESIAN_POINT('Origin',(-4.97,1.,-2.681));
#2795=CARTESIAN_POINT('',(-4.94,1.,-3.16166243270259));
#2796=CARTESIAN_POINT('',(-4.94,1.,-3.3685));
#2797=CARTESIAN_POINT('',(-5.,1.,-3.16166243270259));
#2798=CARTESIAN_POINT('',(-4.985,1.,-3.16166243270259));
#2799=CARTESIAN_POINT('',(-5.,1.,-3.3685));
#2800=CARTESIAN_POINT('Origin',(-3.75,1.25,-3.73901270189222));
#2801=CARTESIAN_POINT('',(-4.94,1.375,-3.52250635094611));
#2802=CARTESIAN_POINT('',(-4.94,1.5,-3.73901270189222));
#2803=CARTESIAN_POINT('Origin',(-4.94,1.25,-3.73901270189222));
#2804=CARTESIAN_POINT('',(-5.,1.5,-3.73901270189222));
#2805=CARTESIAN_POINT('',(-3.75,1.5,-3.73901270189222));
#2806=CARTESIAN_POINT('',(-5.,1.375,-3.52250635094611));
#2807=CARTESIAN_POINT('Origin',(-5.,1.25,-3.73901270189222));
#2808=CARTESIAN_POINT('',(-3.75,1.375,-3.52250635094611));
#2809=CARTESIAN_POINT('Origin',(-5.,1.43301270189222,-3.556));
#2810=CARTESIAN_POINT('',(-5.,1.125,-3.3781687836487));
#2811=CARTESIAN_POINT('',(-5.,1.00388611415569,-3.30824364905389));
#2812=CARTESIAN_POINT('',(-4.94,1.125,-3.3781687836487));
#2813=CARTESIAN_POINT('',(-4.985,1.125,-3.3781687836487));
#2814=CARTESIAN_POINT('',(-4.94,1.00388611415569,-3.30824364905389));
#2815=CARTESIAN_POINT('Origin',(-5.,0.,-4.056));
#2816=CARTESIAN_POINT('',(-5.,1.5,-3.806));
#2817=CARTESIAN_POINT('',(-5.,1.5,1.51648027117105E-33));
#2818=CARTESIAN_POINT('',(-5.,0.125,-3.806));
#2819=CARTESIAN_POINT('',(-5.,0.,-3.806));
#2820=CARTESIAN_POINT('',(-5.,0.125,-0.25));
#2821=CARTESIAN_POINT('',(-5.,0.125,-3.042));
#2822=CARTESIAN_POINT('',(-5.,0.,-0.25));
#2823=CARTESIAN_POINT('',(-5.,1.375,-1.83949364905389));
#2824=CARTESIAN_POINT('Origin',(-5.,1.25,-1.62298729810778));
#2825=CARTESIAN_POINT('',(-5.,0.40849364905389,-2.39750635094611));
#2826=CARTESIAN_POINT('Origin',(-5.,1.25,-3.16166243270259));
#2827=CARTESIAN_POINT('Origin',(-4.985,1.25,-3.16166243270259));
#2828=CARTESIAN_POINT('Origin',(-4.94,1.25,-3.16166243270259));
#2829=CARTESIAN_POINT('Origin',(-3.72,1.25,-1.62298729810778));
#2830=CARTESIAN_POINT('',(-4.94,1.375,-1.83949364905389));
#2831=CARTESIAN_POINT('Origin',(-4.94,1.25,-1.62298729810778));
#2832=CARTESIAN_POINT('',(-3.72,1.375,-1.83949364905389));
#2833=CARTESIAN_POINT('Origin',(-4.94,1.43301270189222,-1.806));
#2834=CARTESIAN_POINT('',(-4.94,0.40849364905389,-2.39750635094611));
#2835=CARTESIAN_POINT('Origin',(-4.5,1.43301270189222,4.37095678986282E-17));
#2836=CARTESIAN_POINT('',(-4.25224364905389,1.00388611415569,2.42636843387368E-33));
#2837=CARTESIAN_POINT('Origin',(-2.5,1.43301270189222,-0.06));
#2838=CARTESIAN_POINT('',(-3.12275635094611,0.354367061317363,0.));
#2839=CARTESIAN_POINT('Origin',(-0.06,0.,-2.64711053251752E-34));
#2840=CARTESIAN_POINT('',(-0.06,1.5,-3.806));
#2841=CARTESIAN_POINT('',(-0.06,1.5,-1.014));
#2842=CARTESIAN_POINT('',(-0.06,0.125,-3.806));
#2843=CARTESIAN_POINT('',(-0.06,0.,-3.806));
#2844=CARTESIAN_POINT('',(-0.06,0.125,-0.25));
#2845=CARTESIAN_POINT('',(-0.06,0.125,-1.014));
#2846=CARTESIAN_POINT('',(-0.06,0.,-0.25));
#2847=CARTESIAN_POINT('Origin',(0.,0.,-3.996));
#2848=CARTESIAN_POINT('',(-4.75,1.5,-3.996));
#2849=CARTESIAN_POINT('',(-1.25,1.5,-3.996));
#2850=CARTESIAN_POINT('',(-4.75,0.125,-3.996));
#2851=CARTESIAN_POINT('',(-4.75,0.,-3.996));
#2852=CARTESIAN_POINT('',(-0.25,0.125,-3.996));
#2853=CARTESIAN_POINT('',(-1.25,0.125,-3.996));
#2854=CARTESIAN_POINT('',(-0.25,1.5,-3.996));
#2855=CARTESIAN_POINT('',(-0.25,0.,-3.996));
#2856=CARTESIAN_POINT('',(-1.25,1.5,-3.996));
#2857=CARTESIAN_POINT('Origin',(-2.5,1.5,-2.028));
#2858=CARTESIAN_POINT('Origin',(-0.25,1.5,-3.806));
#2859=CARTESIAN_POINT('Origin',(-0.25,1.5,-3.806));
#2860=CARTESIAN_POINT('Origin',(-2.5,1.5,-2.028));
#2861=CARTESIAN_POINT('Origin',(-4.75,1.5,-3.806));
#2862=CARTESIAN_POINT('',(-4.94,1.5,-3.806));
#2863=CARTESIAN_POINT('',(-4.94,1.5,-3.042));
#2864=CARTESIAN_POINT('Origin',(-4.75,1.5,-3.806));
#2865=CARTESIAN_POINT('Origin',(-5.,0.,1.51648027117105E-33));
#2866=CARTESIAN_POINT('',(-4.75,0.125,0.));
#2867=CARTESIAN_POINT('',(-4.75,0.,0.));
#2868=CARTESIAN_POINT('',(-0.25,0.125,0.));
#2869=CARTESIAN_POINT('',(-3.75,0.125,0.));
#2870=CARTESIAN_POINT('',(-0.25,0.,0.));
#2871=CARTESIAN_POINT('Origin',(-4.75,0.125,-0.25));
#2872=CARTESIAN_POINT('',(-4.94,0.125,-0.25));
#2873=CARTESIAN_POINT('',(-4.875,0.06,-0.25));
#2874=CARTESIAN_POINT('Origin',(-4.875,0.125,-0.25));
#2875=CARTESIAN_POINT('Origin',(-4.75,0.125,-0.25));
#2876=CARTESIAN_POINT('',(-4.75,0.06,-0.125));
#2877=CARTESIAN_POINT('Origin',(-4.75,0.125,-0.125));
#2878=CARTESIAN_POINT('Origin',(-4.75,0.06,-0.25));
#2879=CARTESIAN_POINT('Origin',(-3.75,0.125,-0.125));
#2880=CARTESIAN_POINT('',(-0.25,0.06,-0.125));
#2881=CARTESIAN_POINT('Origin',(-0.25,0.125,-0.125));
#2882=CARTESIAN_POINT('',(-3.75,0.06,-0.125));
#2883=CARTESIAN_POINT('Origin',(-0.25,0.125,-0.25));
#2884=CARTESIAN_POINT('',(-0.125,0.06,-0.25));
#2885=CARTESIAN_POINT('Origin',(-0.125,0.125,-0.25));
#2886=CARTESIAN_POINT('Origin',(-0.25,0.06,-0.25));
#2887=CARTESIAN_POINT('Origin',(-0.25,0.125,-0.25));
#2888=CARTESIAN_POINT('Origin',(-0.125,0.125,-1.014));
#2889=CARTESIAN_POINT('',(-0.125,0.06,-3.806));
#2890=CARTESIAN_POINT('Origin',(-0.125,0.125,-3.806));
#2891=CARTESIAN_POINT('',(-0.125,0.06,-1.014));
#2892=CARTESIAN_POINT('Origin',(-0.25,0.125,-3.806));
#2893=CARTESIAN_POINT('',(-0.25,0.06,-3.931));
#2894=CARTESIAN_POINT('Origin',(-0.25,0.125,-3.931));
#2895=CARTESIAN_POINT('Origin',(-0.25,0.06,-3.806));
#2896=CARTESIAN_POINT('Origin',(-0.25,0.125,-3.806));
#2897=CARTESIAN_POINT('Origin',(-1.25,0.125,-3.931));
#2898=CARTESIAN_POINT('',(-4.75,0.06,-3.931));
#2899=CARTESIAN_POINT('Origin',(-4.75,0.125,-3.931));
#2900=CARTESIAN_POINT('',(-1.25,0.06,-3.931));
#2901=CARTESIAN_POINT('Origin',(-4.75,0.125,-3.806));
#2902=CARTESIAN_POINT('',(-4.875,0.06,-3.806));
#2903=CARTESIAN_POINT('',(-4.94,0.125,-3.806));
#2904=CARTESIAN_POINT('Origin',(-4.875,0.125,-3.806));
#2905=CARTESIAN_POINT('Origin',(-4.75,0.06,-3.806));
#2906=CARTESIAN_POINT('Origin',(-4.75,0.125,-3.806));
#2907=CARTESIAN_POINT('Origin',(-4.875,0.125,-3.042));
#2908=CARTESIAN_POINT('',(-4.94,0.125,-3.042));
#2909=CARTESIAN_POINT('',(-4.875,0.06,-3.042));
#2910=CARTESIAN_POINT('Origin',(-4.75,0.,-3.806));
#2911=CARTESIAN_POINT('',(-4.94,0.,-3.806));
#2912=CARTESIAN_POINT('Origin',(-4.94,0.,-4.056));
#2913=CARTESIAN_POINT('',(-4.94,0.,-0.25));
#2914=CARTESIAN_POINT('Origin',(-4.75,0.,-0.25));
#2915=CARTESIAN_POINT('Origin',(-2.5,0.06,-2.028));
#2916=CARTESIAN_POINT('Origin',(-0.25,0.,-3.806));
#2917=CARTESIAN_POINT('Origin',(-0.25,0.,-0.25));
#2918=CARTESIAN_POINT('Ctrl Pts',(-4.875,0.,-0.25));
#2919=CARTESIAN_POINT('Ctrl Pts',(-4.875,0.,-0.125));
#2920=CARTESIAN_POINT('Ctrl Pts',(-4.75,0.,-0.125));
#2921=CARTESIAN_POINT('Ctrl Pts',(-5.,-3.49676543189026E-16,-0.25));
#2922=CARTESIAN_POINT('Ctrl Pts',(-5.,-3.54372887681923E-16,4.37095678986282E-17));
#2923=CARTESIAN_POINT('Ctrl Pts',(-4.75,-3.54372887681923E-16,8.74191357972564E-17));
#2924=CARTESIAN_POINT('Ctrl Pts',(-5.,0.125,-0.25));
#2925=CARTESIAN_POINT('Ctrl Pts',(-5.,0.125,4.37095678986282E-17));
#2926=CARTESIAN_POINT('Ctrl Pts',(-4.75,0.125,8.74191357972564E-17));
#2927=CARTESIAN_POINT('',(-4.875,0.,-0.25));
#2928=CARTESIAN_POINT('Origin',(-4.875,0.125,-0.25));
#2929=CARTESIAN_POINT('',(-4.75,0.,-0.125));
#2930=CARTESIAN_POINT('Origin',(-4.75,0.,-0.25));
#2931=CARTESIAN_POINT('Origin',(-4.75,0.125,-0.125));
#2932=CARTESIAN_POINT('Origin',(-4.75,0.125,-0.25));
#2933=CARTESIAN_POINT('Origin',(-3.75,0.125,-0.125));
#2934=CARTESIAN_POINT('',(-0.25,0.,-0.125));
#2935=CARTESIAN_POINT('Origin',(-0.25,0.125,-0.125));
#2936=CARTESIAN_POINT('',(-3.75,0.,-0.125));
#2937=CARTESIAN_POINT('Ctrl Pts',(-0.25,0.,-0.125));
#2938=CARTESIAN_POINT('Ctrl Pts',(-0.125,0.,-0.125));
#2939=CARTESIAN_POINT('Ctrl Pts',(-0.125,0.,-0.25));
#2940=CARTESIAN_POINT('Ctrl Pts',(-0.25,2.56818051966496E-17,0.));
#2941=CARTESIAN_POINT('Ctrl Pts',(4.37095678986282E-17,2.56818051966496E-17,
-4.37095678986282E-17));
#2942=CARTESIAN_POINT('Ctrl Pts',(8.74191357972564E-17,2.18547839493141E-17,
-0.25));
#2943=CARTESIAN_POINT('Ctrl Pts',(-0.25,0.125,0.));
#2944=CARTESIAN_POINT('Ctrl Pts',(4.37095678986282E-17,0.125,-4.37095678986282E-17));
#2945=CARTESIAN_POINT('Ctrl Pts',(8.74191357972564E-17,0.125,-0.25));
#2946=CARTESIAN_POINT('',(-0.125,0.,-0.25));
#2947=CARTESIAN_POINT('Origin',(-0.125,0.125,-0.25));
#2948=CARTESIAN_POINT('Origin',(-0.25,0.125,-0.25));
#2949=CARTESIAN_POINT('Origin',(-0.25,0.,-0.25));
#2950=CARTESIAN_POINT('Origin',(-0.125,0.125,-1.014));
#2951=CARTESIAN_POINT('',(-0.125,0.,-3.806));
#2952=CARTESIAN_POINT('Origin',(-0.125,0.125,-3.806));
#2953=CARTESIAN_POINT('',(-0.125,0.,-1.014));
#2954=CARTESIAN_POINT('Ctrl Pts',(-0.125,0.,-3.806));
#2955=CARTESIAN_POINT('Ctrl Pts',(-0.125,0.,-3.931));
#2956=CARTESIAN_POINT('Ctrl Pts',(-0.25,0.,-3.931));
#2957=CARTESIAN_POINT('Ctrl Pts',(6.11933950580795E-16,-1.31128703695885E-16,
-3.806));
#2958=CARTESIAN_POINT('Ctrl Pts',(6.55643518479423E-16,-1.28180741918933E-16,
-4.056));
#2959=CARTESIAN_POINT('Ctrl Pts',(-0.25,-1.28180741918933E-16,-4.056));
#2960=CARTESIAN_POINT('Ctrl Pts',(6.11933950580795E-16,0.125,-3.806));
#2961=CARTESIAN_POINT('Ctrl Pts',(6.55643518479423E-16,0.125,-4.056));
#2962=CARTESIAN_POINT('Ctrl Pts',(-0.25,0.125,-4.056));
#2963=CARTESIAN_POINT('',(-0.25,0.,-3.931));
#2964=CARTESIAN_POINT('Origin',(-0.25,0.125,-3.931));
#2965=CARTESIAN_POINT('Origin',(-0.25,0.125,-3.806));
#2966=CARTESIAN_POINT('Origin',(-0.25,0.,-3.806));
#2967=CARTESIAN_POINT('Origin',(-1.25,0.125,-3.931));
#2968=CARTESIAN_POINT('',(-4.75,0.,-3.931));
#2969=CARTESIAN_POINT('Origin',(-4.75,0.125,-3.931));
#2970=CARTESIAN_POINT('',(-1.25,0.,-3.931));
#2971=CARTESIAN_POINT('Ctrl Pts',(-4.75,0.,-3.931));
#2972=CARTESIAN_POINT('Ctrl Pts',(-4.875,0.,-3.931));
#2973=CARTESIAN_POINT('Ctrl Pts',(-4.875,0.,-3.806));
#2974=CARTESIAN_POINT('Ctrl Pts',(-4.75,-3.44980198696127E-16,-4.056));
#2975=CARTESIAN_POINT('Ctrl Pts',(-5.,-3.44980198696127E-16,-4.056));
#2976=CARTESIAN_POINT('Ctrl Pts',(-5.,-3.49676543189026E-16,-3.806));
#2977=CARTESIAN_POINT('Ctrl Pts',(-4.75,0.125,-4.056));
#2978=CARTESIAN_POINT('Ctrl Pts',(-5.,0.125,-4.056));
#2979=CARTESIAN_POINT('Ctrl Pts',(-5.,0.125,-3.806));
#2980=CARTESIAN_POINT('',(-4.875,0.,-3.806));
#2981=CARTESIAN_POINT('Origin',(-4.875,0.125,-3.806));
#2982=CARTESIAN_POINT('Origin',(-4.75,0.125,-3.806));
#2983=CARTESIAN_POINT('Origin',(-4.75,0.,-3.806));
#2984=CARTESIAN_POINT('Origin',(-4.875,0.125,-3.042));
#2985=CARTESIAN_POINT('',(-4.875,0.,-3.042));
#2986=CARTESIAN_POINT('Origin',(-4.75,0.,-3.806));
#2987=CARTESIAN_POINT('Origin',(-4.75,0.,-0.25));
#2988=CARTESIAN_POINT('Origin',(-2.5,0.,-2.028));
#2989=CARTESIAN_POINT('Origin',(-0.25,0.,-3.806));
#2990=CARTESIAN_POINT('Origin',(-0.25,0.,-0.25));
#2991=CARTESIAN_POINT('',(0.,0.,0.));
#2992=CARTESIAN_POINT('',(0.,0.,0.));
#2993=UNCERTAINTY_MEASURE_WITH_UNIT(LENGTH_MEASURE(0.000393700787401575),
#3002,'DISTANCE_ACCURACY_VALUE',
'Maximum model space distance between geometric entities at asserted c
onnectivities');
#2994=UNCERTAINTY_MEASURE_WITH_UNIT(LENGTH_MEASURE(0.000393700787401575),
#3002,'DISTANCE_ACCURACY_VALUE',
'Maximum model space distance between geometric entities at asserted c
onnectivities');
#2995=UNCERTAINTY_MEASURE_WITH_UNIT(LENGTH_MEASURE(0.000393700787401575),
#3002,'DISTANCE_ACCURACY_VALUE',
'Maximum model space distance between geometric entities at asserted c
onnectivities');
#2996=UNCERTAINTY_MEASURE_WITH_UNIT(LENGTH_MEASURE(0.000393700787401575),
#3002,'DISTANCE_ACCURACY_VALUE',
'Maximum model space distance between geometric entities at asserted c
onnectivities');
#2997=(
GEOMETRIC_REPRESENTATION_CONTEXT(3)
GLOBAL_UNCERTAINTY_ASSIGNED_CONTEXT((#2993))
GLOBAL_UNIT_ASSIGNED_CONTEXT((#3002,#3006,#3007))
REPRESENTATION_CONTEXT('','3D')
);
#2998=(
GEOMETRIC_REPRESENTATION_CONTEXT(3)
GLOBAL_UNCERTAINTY_ASSIGNED_CONTEXT((#2994))
GLOBAL_UNIT_ASSIGNED_CONTEXT((#3002,#3006,#3007))
REPRESENTATION_CONTEXT('','3D')
);
#2999=(
GEOMETRIC_REPRESENTATION_CONTEXT(3)
GLOBAL_UNCERTAINTY_ASSIGNED_CONTEXT((#2995))
GLOBAL_UNIT_ASSIGNED_CONTEXT((#3002,#3006,#3007))
REPRESENTATION_CONTEXT('','3D')
);
#3000=(
GEOMETRIC_REPRESENTATION_CONTEXT(3)
GLOBAL_UNCERTAINTY_ASSIGNED_CONTEXT((#2996))
GLOBAL_UNIT_ASSIGNED_CONTEXT((#3002,#3006,#3007))
REPRESENTATION_CONTEXT('','3D')
);
#3001=DIMENSIONAL_EXPONENTS(1.,0.,0.,0.,0.,0.,0.);
#3002=(
CONVERSION_BASED_UNIT('inch',#3005)
LENGTH_UNIT()
NAMED_UNIT(#3001)
);
#3003=(
LENGTH_UNIT()
NAMED_UNIT(*)
SI_UNIT(.MILLI.,.METRE.)
);
#3004=(
LENGTH_UNIT()
NAMED_UNIT(*)
SI_UNIT($,.METRE.)
);
#3005=LENGTH_MEASURE_WITH_UNIT(LENGTH_MEASURE(25.4),#3003);
#3006=(
NAMED_UNIT(*)
PLANE_ANGLE_UNIT()
SI_UNIT($,.RADIAN.)
);
#3007=(
NAMED_UNIT(*)
SI_UNIT($,.STERADIAN.)
SOLID_ANGLE_UNIT()
);
#3008=SHAPE_DEFINITION_REPRESENTATION(#3011,#3016);
#3009=SHAPE_DEFINITION_REPRESENTATION(#3012,#3017);
#3010=SHAPE_DEFINITION_REPRESENTATION(#3013,#3018);
#3011=PRODUCT_DEFINITION_SHAPE('',$,#3020);
#3012=PRODUCT_DEFINITION_SHAPE('',$,#3021);
#3013=PRODUCT_DEFINITION_SHAPE('',$,#3022);
#3014=PRODUCT_DEFINITION_SHAPE($,$,#17);
#3015=PRODUCT_DEFINITION_SHAPE($,$,#18);
#3016=SHAPE_REPRESENTATION('',(#1745,#1926,#1927),#2997);
#3017=SHAPE_REPRESENTATION('',(#1746),#2998);
#3018=SHAPE_REPRESENTATION('',(#1769),#2999);
#3019=PRODUCT_DEFINITION_CONTEXT('part definition',#3030,'design');
#3020=PRODUCT_DEFINITION('2026-07-27-12-56-21-042',
'LEGO Tray Middle Short',#3023,#3019);
#3021=PRODUCT_DEFINITION('2026-07-27-12-56-30-009','Component1',#3024,#3019);
#3022=PRODUCT_DEFINITION('2026-07-27-12-56-30-010','Component2',#3025,#3019);
#3023=PRODUCT_DEFINITION_FORMATION('',$,#3032);
#3024=PRODUCT_DEFINITION_FORMATION('',$,#3033);
#3025=PRODUCT_DEFINITION_FORMATION('',$,#3034);
#3026=PRODUCT_RELATED_PRODUCT_CATEGORY('LEGO Tray Middle Short',
'LEGO Tray Middle Short',(#3032));
#3027=PRODUCT_RELATED_PRODUCT_CATEGORY('Component1','Component1',(#3033));
#3028=PRODUCT_RELATED_PRODUCT_CATEGORY('Component2','Component2',(#3034));
#3029=APPLICATION_PROTOCOL_DEFINITION('international standard',
'automotive_design',2009,#3030);
#3030=APPLICATION_CONTEXT(
'Core Data for Automotive Mechanical Design Process');
#3031=PRODUCT_CONTEXT('part definition',#3030,'mechanical');
#3032=PRODUCT('2026-07-27-12-56-21-042','LEGO Tray Middle Short',$,(#3031));
#3033=PRODUCT('2026-07-27-12-56-30-009','Component1',$,(#3031));
#3034=PRODUCT('2026-07-27-12-56-30-010','Component2',$,(#3031));
#3035=PRESENTATION_STYLE_ASSIGNMENT((#3037));
#3036=PRESENTATION_STYLE_ASSIGNMENT((#3038));
#3037=SURFACE_STYLE_USAGE(.BOTH.,#3039);
#3038=SURFACE_STYLE_USAGE(.BOTH.,#3040);
#3039=SURFACE_SIDE_STYLE('',(#3041));
#3040=SURFACE_SIDE_STYLE('',(#3042));
#3041=SURFACE_STYLE_FILL_AREA(#3043);
#3042=SURFACE_STYLE_FILL_AREA(#3044);
#3043=FILL_AREA_STYLE('ABS (White)',(#3045));
#3044=FILL_AREA_STYLE('Plastic - Translucent Glossy (Yellow)',(#3046));
#3045=FILL_AREA_STYLE_COLOUR('ABS (White)',#3047);
#3046=FILL_AREA_STYLE_COLOUR('Plastic - Translucent Glossy (Yellow)',#3048);
#3047=COLOUR_RGB('ABS (White)',0.964705882352941,0.964705882352941,0.952941176470588);
#3048=COLOUR_RGB('Plastic - Translucent Glossy (Yellow)',0.96078431372549,
0.882352941176471,0.372549019607843);
ENDSEC;
END-ISO-10303-21;
